ISO-10303-21;
HEADER;
/* Generated by software containing ST-Developer
 * from STEP Tools, Inc. (www.steptools.com) 
 */
/* OPTION: using custom renumber hook */

FILE_DESCRIPTION(
/* description */ ('STEP AP242 Edition 2',
'CAx-IF Rec.Pracs.---Representation and Presentation of Product Manufa
cturing Information (PMI)---4.0---2014-10-13',
'CAx-IF Rec.Pracs.---3D Tessellated Geometry---0.4---2014-09-14','2;1',
'CAx-IF Rec.Pracs.---User Defined Attributes---1.5---2016-08-15'),
/* implementation_level */ '2;1');

FILE_NAME(
/* name */ 'Base',
/* time_stamp */ '2026-08-02T17:54:39Z',
/* author */ (''),
/* organization */ (''),
/* preprocessor_version */ 'ST-DEVELOPER v20',
/* originating_system */ 'ONSHAPE BY PTC INC, 1.218',
/* authorisation */ '  ');

FILE_SCHEMA (('AP242_MANAGED_MODEL_BASED_3D_ENGINEERING_MIM_LF { 1 0 10303 442 3 1 4 }'));
ENDSEC;

DATA;
#10=SHAPE_REPRESENTATION_RELATIONSHIP('','',#926,#11);
#11=ADVANCED_BREP_SHAPE_REPRESENTATION('',(#924),#2068);
#12=(
BOUNDED_SURFACE()
B_SPLINE_SURFACE(3,2,((#1906,#1907,#1908),(#1909,#1910,#1911),(#1912,#1913,
#1914),(#1915,#1916,#1917),(#1918,#1919,#1920),(#1921,#1922,#1923),(#1924,
#1925,#1926),(#1927,#1928,#1929),(#1930,#1931,#1932),(#1933,#1934,#1935),
(#1936,#1937,#1938),(#1939,#1940,#1941),(#1942,#1943,#1944),(#1945,#1946,
#1947),(#1948,#1949,#1950),(#1951,#1952,#1953)),.UNSPECIFIED.,.F.,.F.,.F.)
B_SPLINE_SURFACE_WITH_KNOTS((4,1,1,1,1,1,1,1,1,1,1,1,1,4),(3,3),(-4.85722573273506E-17,
0.00233006968594229,0.00466013937188463,0.00699020905782697,0.00815524390079814,
0.00932027874376931,0.0116503484297116,0.013980418115654,0.0163104878015963,
0.0186405574875387,0.0233006968594233,0.027960836231308,0.0326209756031927,
0.0372811149750774),(0.,1.),.UNSPECIFIED.)
GEOMETRIC_REPRESENTATION_ITEM()
RATIONAL_B_SPLINE_SURFACE(((1.,0.659126778199927,1.),(1.,0.659126778199927,
1.),(1.,0.659126876389978,1.),(1.,0.659126433170292,1.),(1.,0.659127740388414,
1.),(1.,0.659126580595371,1.),(1.,0.659127012086063,1.),(1.,0.659126622521551,
1.),(1.,0.659126816104943,1.),(1.,0.659126767795745,1.),(1.,0.659126784141268,
1.),(1.,0.659126776180919,1.),(1.,0.659126778741906,1.),(1.,0.659126778044165,
1.),(1.,0.659126778199927,1.),(1.,0.659126778199927,1.)))
REPRESENTATION_ITEM('')
SURFACE()
);
#13=(
BOUNDED_SURFACE()
B_SPLINE_SURFACE(3,2,((#1961,#1962,#1963),(#1964,#1965,#1966),(#1967,#1968,
#1969),(#1970,#1971,#1972),(#1973,#1974,#1975),(#1976,#1977,#1978),(#1979,
#1980,#1981),(#1982,#1983,#1984),(#1985,#1986,#1987),(#1988,#1989,#1990),
(#1991,#1992,#1993),(#1994,#1995,#1996),(#1997,#1998,#1999),(#2000,#2001,
#2002),(#2003,#2004,#2005),(#2006,#2007,#2008)),.UNSPECIFIED.,.F.,.F.,.F.)
B_SPLINE_SURFACE_WITH_KNOTS((4,1,1,1,1,1,1,1,1,1,1,1,1,4),(3,3),(-1.38777878078145E-17,
0.00464724792752112,0.00929449585504225,0.0139417437825634,0.0185889917100845,
0.0209126156738451,0.0232362396376056,0.0255598636013662,0.0278834875651268,
0.0290452995470071,0.0302071115288873,0.0325307354926479,0.0348543594564085,
0.037177983420169),(0.,1.),.UNSPECIFIED.)
GEOMETRIC_REPRESENTATION_ITEM()
RATIONAL_B_SPLINE_SURFACE(((1.,0.659126778199927,1.),(1.,0.659126778199927,
1.),(1.,0.659126778055019,1.),(1.,0.659126778703889,1.),(1.,0.659126776322989,
1.),(1.,0.659126783722152,1.),(1.,0.659126768529941,1.),(1.,0.659126813841853,
1.),(1.,0.659126631360012,1.),(1.,0.659126901210076,1.),(1.,0.659126663368305,
1.),(1.,0.659127732106217,1.),(1.,0.659126439290224,1.),(1.,0.659126874710744,
1.),(1.,0.659126778199926,1.),(1.,0.659126778199926,1.)))
REPRESENTATION_ITEM('')
SURFACE()
);
#14=TOROIDAL_SURFACE('',#986,0.00628857239731389,0.0015);
#15=TOROIDAL_SURFACE('',#988,0.00442826239731392,0.0015);
#16=TOROIDAL_SURFACE('',#993,0.0582885723973089,0.0015);
#17=TOROIDAL_SURFACE('',#995,0.00571142760268609,0.0015);
#18=TOROIDAL_SURFACE('',#1000,0.00628857239731394,0.0015);
#19=TOROIDAL_SURFACE('',#1002,0.00442826239731391,0.0015);
#20=TOROIDAL_SURFACE('',#1008,0.00628857239731393,0.0015);
#21=TOROIDAL_SURFACE('',#1010,0.0062885723973139,0.0015);
#22=TOROIDAL_SURFACE('',#1016,0.0582885723973129,0.0015);
#23=CYLINDRICAL_SURFACE('',#983,0.0015);
#24=CYLINDRICAL_SURFACE('',#990,0.0015);
#25=CYLINDRICAL_SURFACE('',#997,0.0015);
#26=CYLINDRICAL_SURFACE('',#1004,0.0015);
#27=CYLINDRICAL_SURFACE('',#1006,0.0015);
#28=CYLINDRICAL_SURFACE('',#1012,0.0015);
#29=CYLINDRICAL_SURFACE('',#1014,0.0015);
#30=CYLINDRICAL_SURFACE('',#1017,0.00215);
#31=CYLINDRICAL_SURFACE('',#1021,0.00215);
#32=CYLINDRICAL_SURFACE('',#1025,0.00215);
#33=CYLINDRICAL_SURFACE('',#1029,0.00215);
#34=CYLINDRICAL_SURFACE('',#1033,0.00165);
#35=CYLINDRICAL_SURFACE('',#1036,0.00165);
#36=CYLINDRICAL_SURFACE('',#1039,0.00165);
#37=CYLINDRICAL_SURFACE('',#1042,0.00165);
#38=B_SPLINE_SURFACE_WITH_KNOTS('',1,3,((#1581,#1582,#1583,#1584,#1585,
#1586,#1587,#1588,#1589,#1590,#1591,#1592,#1593,#1594,#1595,#1596,#1597,
#1598,#1599,#1600,#1601,#1602,#1603,#1604,#1605,#1606,#1607,#1608,#1609,
#1610,#1611,#1612,#1613,#1614,#1615,#1616,#1617,#1618,#1619,#1620,#1621,
#1622,#1623,#1624,#1625,#1626,#1627,#1628,#1629,#1630,#1631,#1632,#1633,
#1634,#1635,#1636,#1637,#1638,#1639,#1640,#1641,#1642,#1643,#1644),(#1645,
#1646,#1647,#1648,#1649,#1650,#1651,#1652,#1653,#1654,#1655,#1656,#1657,
#1658,#1659,#1660,#1661,#1662,#1663,#1664,#1665,#1666,#1667,#1668,#1669,
#1670,#1671,#1672,#1673,#1674,#1675,#1676,#1677,#1678,#1679,#1680,#1681,
#1682,#1683,#1684,#1685,#1686,#1687,#1688,#1689,#1690,#1691,#1692,#1693,
#1694,#1695,#1696,#1697,#1698,#1699,#1700,#1701,#1702,#1703,#1704,#1705,
#1706,#1707,#1708)),.RULED_SURF.,.F.,.F.,.F.,(2,2),(4,2,2,2,2,2,2,2,2,2,
2,2,2,2,2,2,2,2,2,2,2,2,2,2,2,2,2,2,2,2,2,4),(0.0744147224026034,0.833333333333333),
(0.0204553326939595,0.0355744255293225,0.0506935183646855,0.0658126112000485,
0.0809317040354115,0.111169889706137,0.141408075376863,0.171646261047589,
0.201884446718315,0.262360818059768,0.32283718940122,0.383313560742671,
0.443789932084123,0.504266303425575,0.564742674767027,0.625219046108479,
0.685695417449931,0.746171788791383,0.776409974462109,0.806648160132835,
0.836886345803561,0.867124531474287,0.88224362430965,0.897362717145013,
0.912481809980376,0.927600902815739,0.942719995651102,0.957839088486465,
0.965398634904147,0.972958181321828,0.98051772773951,0.988077274157191),
 .UNSPECIFIED.);
#39=B_SPLINE_SURFACE_WITH_KNOTS('',1,3,((#1740,#1741,#1742,#1743,#1744,
#1745,#1746,#1747,#1748,#1749,#1750,#1751,#1752,#1753,#1754,#1755,#1756,
#1757,#1758,#1759,#1760,#1761,#1762,#1763,#1764,#1765,#1766,#1767,#1768,
#1769,#1770,#1771,#1772,#1773,#1774,#1775,#1776,#1777,#1778,#1779,#1780,
#1781,#1782,#1783,#1784,#1785,#1786,#1787,#1788,#1789,#1790,#1791,#1792,
#1793,#1794,#1795,#1796,#1797,#1798,#1799,#1800,#1801,#1802,#1803),(#1804,
#1805,#1806,#1807,#1808,#1809,#1810,#1811,#1812,#1813,#1814,#1815,#1816,
#1817,#1818,#1819,#1820,#1821,#1822,#1823,#1824,#1825,#1826,#1827,#1828,
#1829,#1830,#1831,#1832,#1833,#1834,#1835,#1836,#1837,#1838,#1839,#1840,
#1841,#1842,#1843,#1844,#1845,#1846,#1847,#1848,#1849,#1850,#1851,#1852,
#1853,#1854,#1855,#1856,#1857,#1858,#1859,#1860,#1861,#1862,#1863,#1864,
#1865,#1866,#1867)),.RULED_SURF.,.F.,.F.,.F.,(2,2),(4,2,2,2,2,2,2,2,2,2,
2,2,2,2,2,2,2,2,2,2,2,2,2,2,2,2,2,2,2,2,2,4),(0.0744147224026033,0.833333333333333),
(0.0204553326939598,0.0355744255293228,0.0506935183646858,0.0658126112000488,
0.0809317040354117,0.111169889706138,0.141408075376864,0.171646261047589,
0.201884446718315,0.262360818059768,0.32283718940122,0.383313560742671,
0.443789932084123,0.504266303425575,0.564742674767027,0.625219046108479,
0.685695417449931,0.746171788791383,0.776409974462109,0.806648160132835,
0.836886345803561,0.867124531474287,0.88224362430965,0.897362717145013,
0.912481809980376,0.927600902815739,0.942719995651102,0.957839088486465,
0.965398634904147,0.972958181321828,0.98051772773951,0.988077274157191),
 .UNSPECIFIED.);
#40=CONICAL_SURFACE('',#945,0.008,0.131482288561235);
#41=CONICAL_SURFACE('',#948,0.008,0.131482288561235);
#42=CONICAL_SURFACE('',#951,0.0599999999999949,0.131482288561235);
#43=CONICAL_SURFACE('',#954,0.008,0.131482288561235);
#44=CONICAL_SURFACE('',#957,0.008,0.131482288561235);
#45=CONICAL_SURFACE('',#960,0.059999999999999,0.131482288561235);
#46=CONICAL_SURFACE('',#977,0.00613969,0.131482288561235);
#47=CONICAL_SURFACE('',#979,0.004,0.131482288561235);
#48=CONICAL_SURFACE('',#981,0.00613969,0.131482288561235);
#49=CIRCLE('',#931,0.00215);
#50=CIRCLE('',#932,0.00215);
#51=CIRCLE('',#933,0.00215);
#52=CIRCLE('',#934,0.00215);
#53=CIRCLE('',#935,0.00362703052490576);
#54=CIRCLE('',#936,0.00362703052490577);
#55=CIRCLE('',#937,0.00548734052490573);
#56=CIRCLE('',#938,0.0574873405249007);
#57=CIRCLE('',#939,0.00548734052490579);
#58=CIRCLE('',#940,0.00548734052490578);
#59=CIRCLE('',#941,0.0574873405249047);
#60=CIRCLE('',#942,0.00548734052490575);
#61=CIRCLE('',#944,0.00439673570659383);
#62=CIRCLE('',#946,0.0077756253712023);
#63=CIRCLE('',#949,0.00777562537120228);
#64=CIRCLE('',#952,0.0597756253711973);
#65=CIRCLE('',#955,0.00777562537120234);
#66=CIRCLE('',#958,0.00777562537120233);
#67=CIRCLE('',#961,0.0597756253712013);
#68=CIRCLE('',#964,0.0582885723973129);
#69=CIRCLE('',#965,0.00628857239731393);
#70=CIRCLE('',#966,0.00628857239731394);
#71=CIRCLE('',#967,0.0582885723973089);
#72=CIRCLE('',#968,0.00628857239731389);
#73=CIRCLE('',#969,0.00442826239731392);
#74=CIRCLE('',#970,0.00571142760268609);
#75=CIRCLE('',#971,0.00442826239731391);
#76=CIRCLE('',#972,0.0062885723973139);
#77=CIRCLE('',#978,0.00591531537120231);
#78=CIRCLE('',#980,0.00422437462879769);
#79=CIRCLE('',#982,0.00591531537120232);
#80=CIRCLE('',#984,0.0015);
#81=CIRCLE('',#985,0.0015);
#82=CIRCLE('',#987,0.0015);
#83=CIRCLE('',#989,0.0015);
#84=CIRCLE('',#991,0.0015);
#85=CIRCLE('',#992,0.0015);
#86=CIRCLE('',#994,0.0015);
#87=CIRCLE('',#996,0.0015);
#88=CIRCLE('',#998,0.0015);
#89=CIRCLE('',#999,0.0015);
#90=CIRCLE('',#1001,0.0015);
#91=CIRCLE('',#1003,0.0015);
#92=CIRCLE('',#1005,0.0015);
#93=CIRCLE('',#1007,0.0015);
#94=CIRCLE('',#1009,0.0015);
#95=CIRCLE('',#1011,0.0015);
#96=CIRCLE('',#1013,0.0015);
#97=CIRCLE('',#1015,0.0015);
#98=CIRCLE('',#1018,0.00215);
#99=CIRCLE('',#1020,0.00165);
#100=CIRCLE('',#1022,0.00215);
#101=CIRCLE('',#1024,0.00165);
#102=CIRCLE('',#1026,0.00215);
#103=CIRCLE('',#1028,0.00165);
#104=CIRCLE('',#1030,0.00215);
#105=CIRCLE('',#1032,0.00165);
#106=CIRCLE('',#1034,0.00165);
#107=CIRCLE('',#1037,0.00165);
#108=CIRCLE('',#1040,0.00165);
#109=CIRCLE('',#1043,0.00165);
#110=B_SPLINE_CURVE_WITH_KNOTS('',3,(#1345,#1346,#1347,#1348),
 .UNSPECIFIED.,.F.,.F.,(4,4),(0.00770884727795723,0.0238481516227023),
 .UNSPECIFIED.);
#111=B_SPLINE_CURVE_WITH_KNOTS('',3,(#1367,#1368,#1369,#1370),
 .UNSPECIFIED.,.F.,.F.,(4,4),(1.64451785522601E-15,0.00846169913340772),
 .UNSPECIFIED.);
#112=B_SPLINE_CURVE_WITH_KNOTS('',3,(#1379,#1380,#1381,#1382),
 .UNSPECIFIED.,.F.,.F.,(4,4),(7.86870874650723E-15,0.00846169913340149),
 .UNSPECIFIED.);
#113=B_SPLINE_CURVE_WITH_KNOTS('',3,(#1410,#1411,#1412,#1413,#1414,#1415,
#1416,#1417,#1418,#1419,#1420,#1421,#1422,#1423,#1424),.UNSPECIFIED.,.F.,
 .F.,(4,1,1,1,1,1,1,1,1,1,1,1,4),(1.38777878078145E-17,0.00687309170977976,
0.0103096375646696,0.0137461834195595,0.0154644563470044,0.0171827292744494,
0.0189010022018943,0.0197601386656168,0.0206192751293392,0.0223375480567842,
0.0240558209842291,0.0257740939116741,0.027492366839119),.UNSPECIFIED.);
#114=B_SPLINE_CURVE_WITH_KNOTS('',3,(#1428,#1429,#1430,#1431,#1432,#1433,
#1434,#1435,#1436,#1437,#1438,#1439,#1440,#1441,#1442),.UNSPECIFIED.,.F.,
 .F.,(4,1,1,1,1,1,1,1,1,1,1,1,4),(0.0385442375895589,0.0454173468945385,
0.0488539015470283,0.0522904561995181,0.054008733525763,0.0557270108520079,
0.0574452881782528,0.0583044268413752,0.0591635655044977,0.0608818428307426,
0.0626001201569875,0.0643183974832324,0.0660366748094773),.UNSPECIFIED.);
#115=B_SPLINE_CURVE_WITH_KNOTS('',3,(#1525,#1526,#1527,#1528,#1529,#1530,
#1531,#1532,#1533,#1534,#1535,#1536,#1537,#1538,#1539,#1540),
 .UNSPECIFIED.,.F.,.F.,(4,1,1,1,1,1,1,1,1,1,1,1,1,4),(0.,0.00465505451236241,
0.00931010902472482,0.0139651635370872,0.0186202180494496,0.0209477453056308,
0.023275272561812,0.0256027998179932,0.0279303270741744,0.0290940907022651,
0.0302578543303557,0.0325853815865369,0.0349129088427181,0.0372404360988993),
 .UNSPECIFIED.);
#116=B_SPLINE_CURVE_WITH_KNOTS('',3,(#1544,#1545,#1546,#1547,#1548,#1549,
#1550,#1551,#1552,#1553,#1554,#1555,#1556,#1557,#1558,#1559),
 .UNSPECIFIED.,.F.,.F.,(4,1,1,1,1,1,1,1,1,1,1,1,1,4),(0.,0.00234340177502188,
0.00468680355004377,0.00703020532506565,0.0082019062125766,0.00937360710008754,
0.0117170088751094,0.0140604106501313,0.0164038124251532,0.0187472142001751,
0.0234340177502188,0.0281208213002626,0.0328076248503064,0.0374944284003502),
 .UNSPECIFIED.);
#117=B_SPLINE_CURVE_WITH_KNOTS('',3,(#1567,#1568,#1569,#1570),
 .UNSPECIFIED.,.F.,.F.,(4,4),(4.33680868994202E-19,0.0161393043447451),
 .UNSPECIFIED.);
#118=B_SPLINE_CURVE_WITH_KNOTS('',3,(#1709,#1710,#1711,#1712,#1713,#1714,
#1715,#1716,#1717,#1718,#1719,#1720,#1721,#1722,#1723,#1724,#1725,#1726,
#1727,#1728,#1729,#1730,#1731,#1732,#1733),.UNSPECIFIED.,.F.,.F.,(4,1,1,
1,1,1,1,1,1,1,1,1,1,1,1,1,1,1,1,1,1,1,4),(0.,0.015625,0.03125,0.0625,0.09375,
0.125,0.15625,0.1875,0.25,0.3125,0.375,0.4375,0.5,0.5625,0.625,0.6875,0.75,
0.8125,0.875,0.90625,0.9375,0.96875,1.),.UNSPECIFIED.);
#119=B_SPLINE_CURVE_WITH_KNOTS('',3,(#1868,#1869,#1870,#1871,#1872,#1873,
#1874,#1875,#1876,#1877,#1878,#1879,#1880,#1881,#1882,#1883,#1884,#1885,
#1886,#1887,#1888,#1889,#1890,#1891,#1892),.UNSPECIFIED.,.F.,.F.,(4,1,1,
1,1,1,1,1,1,1,1,1,1,1,1,1,1,1,1,1,1,1,4),(0.,0.03125,0.0625,0.09375,0.125,
0.1875,0.25,0.3125,0.375,0.4375,0.5,0.5625,0.625,0.6875,0.75,0.8125,0.84375,
0.875,0.90625,0.9375,0.96875,0.984375,1.),.UNSPECIFIED.);
#120=ORIENTED_EDGE('',*,*,#368,.T.);
#121=ORIENTED_EDGE('',*,*,#369,.T.);
#122=ORIENTED_EDGE('',*,*,#370,.F.);
#123=ORIENTED_EDGE('',*,*,#371,.F.);
#124=ORIENTED_EDGE('',*,*,#372,.F.);
#125=ORIENTED_EDGE('',*,*,#373,.T.);
#126=ORIENTED_EDGE('',*,*,#374,.F.);
#127=ORIENTED_EDGE('',*,*,#375,.F.);
#128=ORIENTED_EDGE('',*,*,#376,.F.);
#129=ORIENTED_EDGE('',*,*,#377,.F.);
#130=ORIENTED_EDGE('',*,*,#378,.F.);
#131=ORIENTED_EDGE('',*,*,#379,.F.);
#132=ORIENTED_EDGE('',*,*,#371,.T.);
#133=ORIENTED_EDGE('',*,*,#380,.T.);
#134=ORIENTED_EDGE('',*,*,#381,.T.);
#135=ORIENTED_EDGE('',*,*,#375,.T.);
#136=ORIENTED_EDGE('',*,*,#382,.F.);
#137=ORIENTED_EDGE('',*,*,#383,.F.);
#138=ORIENTED_EDGE('',*,*,#384,.T.);
#139=ORIENTED_EDGE('',*,*,#385,.T.);
#140=ORIENTED_EDGE('',*,*,#386,.F.);
#141=ORIENTED_EDGE('',*,*,#387,.T.);
#142=ORIENTED_EDGE('',*,*,#388,.T.);
#143=ORIENTED_EDGE('',*,*,#389,.T.);
#144=ORIENTED_EDGE('',*,*,#390,.F.);
#145=ORIENTED_EDGE('',*,*,#391,.T.);
#146=ORIENTED_EDGE('',*,*,#392,.T.);
#147=ORIENTED_EDGE('',*,*,#393,.T.);
#148=ORIENTED_EDGE('',*,*,#394,.T.);
#149=ORIENTED_EDGE('',*,*,#395,.T.);
#150=ORIENTED_EDGE('',*,*,#396,.T.);
#151=ORIENTED_EDGE('',*,*,#397,.T.);
#152=ORIENTED_EDGE('',*,*,#398,.T.);
#153=ORIENTED_EDGE('',*,*,#399,.T.);
#154=ORIENTED_EDGE('',*,*,#373,.F.);
#155=ORIENTED_EDGE('',*,*,#400,.T.);
#156=ORIENTED_EDGE('',*,*,#401,.F.);
#157=ORIENTED_EDGE('',*,*,#402,.F.);
#158=ORIENTED_EDGE('',*,*,#403,.F.);
#159=ORIENTED_EDGE('',*,*,#404,.F.);
#160=ORIENTED_EDGE('',*,*,#405,.T.);
#161=ORIENTED_EDGE('',*,*,#406,.T.);
#162=ORIENTED_EDGE('',*,*,#407,.T.);
#163=ORIENTED_EDGE('',*,*,#408,.T.);
#164=ORIENTED_EDGE('',*,*,#368,.F.);
#165=ORIENTED_EDGE('',*,*,#399,.F.);
#166=ORIENTED_EDGE('',*,*,#409,.T.);
#167=ORIENTED_EDGE('',*,*,#410,.T.);
#168=ORIENTED_EDGE('',*,*,#411,.F.);
#169=ORIENTED_EDGE('',*,*,#388,.F.);
#170=ORIENTED_EDGE('',*,*,#411,.T.);
#171=ORIENTED_EDGE('',*,*,#412,.T.);
#172=ORIENTED_EDGE('',*,*,#413,.F.);
#173=ORIENTED_EDGE('',*,*,#389,.F.);
#174=ORIENTED_EDGE('',*,*,#413,.T.);
#175=ORIENTED_EDGE('',*,*,#414,.T.);
#176=ORIENTED_EDGE('',*,*,#415,.F.);
#177=ORIENTED_EDGE('',*,*,#390,.T.);
#178=ORIENTED_EDGE('',*,*,#415,.T.);
#179=ORIENTED_EDGE('',*,*,#416,.T.);
#180=ORIENTED_EDGE('',*,*,#417,.F.);
#181=ORIENTED_EDGE('',*,*,#391,.F.);
#182=ORIENTED_EDGE('',*,*,#417,.T.);
#183=ORIENTED_EDGE('',*,*,#418,.T.);
#184=ORIENTED_EDGE('',*,*,#419,.F.);
#185=ORIENTED_EDGE('',*,*,#392,.F.);
#186=ORIENTED_EDGE('',*,*,#419,.T.);
#187=ORIENTED_EDGE('',*,*,#420,.T.);
#188=ORIENTED_EDGE('',*,*,#421,.F.);
#189=ORIENTED_EDGE('',*,*,#393,.F.);
#190=ORIENTED_EDGE('',*,*,#421,.T.);
#191=ORIENTED_EDGE('',*,*,#422,.T.);
#192=ORIENTED_EDGE('',*,*,#423,.F.);
#193=ORIENTED_EDGE('',*,*,#394,.F.);
#194=ORIENTED_EDGE('',*,*,#423,.T.);
#195=ORIENTED_EDGE('',*,*,#424,.T.);
#196=ORIENTED_EDGE('',*,*,#425,.F.);
#197=ORIENTED_EDGE('',*,*,#395,.F.);
#198=ORIENTED_EDGE('',*,*,#425,.T.);
#199=ORIENTED_EDGE('',*,*,#426,.T.);
#200=ORIENTED_EDGE('',*,*,#427,.F.);
#201=ORIENTED_EDGE('',*,*,#396,.F.);
#202=ORIENTED_EDGE('',*,*,#427,.T.);
#203=ORIENTED_EDGE('',*,*,#428,.T.);
#204=ORIENTED_EDGE('',*,*,#429,.F.);
#205=ORIENTED_EDGE('',*,*,#397,.F.);
#206=ORIENTED_EDGE('',*,*,#429,.T.);
#207=ORIENTED_EDGE('',*,*,#430,.T.);
#208=ORIENTED_EDGE('',*,*,#407,.F.);
#209=ORIENTED_EDGE('',*,*,#398,.F.);
#210=ORIENTED_EDGE('',*,*,#431,.T.);
#211=ORIENTED_EDGE('',*,*,#432,.T.);
#212=ORIENTED_EDGE('',*,*,#433,.T.);
#213=ORIENTED_EDGE('',*,*,#434,.T.);
#214=ORIENTED_EDGE('',*,*,#435,.T.);
#215=ORIENTED_EDGE('',*,*,#436,.T.);
#216=ORIENTED_EDGE('',*,*,#437,.T.);
#217=ORIENTED_EDGE('',*,*,#438,.T.);
#218=ORIENTED_EDGE('',*,*,#439,.T.);
#219=ORIENTED_EDGE('',*,*,#440,.T.);
#220=ORIENTED_EDGE('',*,*,#441,.T.);
#221=ORIENTED_EDGE('',*,*,#442,.T.);
#222=ORIENTED_EDGE('',*,*,#443,.T.);
#223=ORIENTED_EDGE('',*,*,#444,.T.);
#224=ORIENTED_EDGE('',*,*,#445,.T.);
#225=ORIENTED_EDGE('',*,*,#446,.T.);
#226=ORIENTED_EDGE('',*,*,#447,.T.);
#227=ORIENTED_EDGE('',*,*,#448,.T.);
#228=ORIENTED_EDGE('',*,*,#403,.T.);
#229=ORIENTED_EDGE('',*,*,#449,.T.);
#230=ORIENTED_EDGE('',*,*,#385,.F.);
#231=ORIENTED_EDGE('',*,*,#450,.T.);
#232=ORIENTED_EDGE('',*,*,#406,.F.);
#233=ORIENTED_EDGE('',*,*,#451,.F.);
#234=ORIENTED_EDGE('',*,*,#382,.T.);
#235=ORIENTED_EDGE('',*,*,#374,.T.);
#236=ORIENTED_EDGE('',*,*,#405,.F.);
#237=ORIENTED_EDGE('',*,*,#452,.F.);
#238=ORIENTED_EDGE('',*,*,#383,.T.);
#239=ORIENTED_EDGE('',*,*,#451,.T.);
#240=ORIENTED_EDGE('',*,*,#404,.T.);
#241=ORIENTED_EDGE('',*,*,#450,.F.);
#242=ORIENTED_EDGE('',*,*,#384,.F.);
#243=ORIENTED_EDGE('',*,*,#452,.T.);
#244=ORIENTED_EDGE('',*,*,#370,.T.);
#245=ORIENTED_EDGE('',*,*,#453,.T.);
#246=ORIENTED_EDGE('',*,*,#454,.F.);
#247=ORIENTED_EDGE('',*,*,#380,.F.);
#248=ORIENTED_EDGE('',*,*,#454,.T.);
#249=ORIENTED_EDGE('',*,*,#455,.T.);
#250=ORIENTED_EDGE('',*,*,#456,.F.);
#251=ORIENTED_EDGE('',*,*,#400,.F.);
#252=ORIENTED_EDGE('',*,*,#372,.T.);
#253=ORIENTED_EDGE('',*,*,#381,.F.);
#254=ORIENTED_EDGE('',*,*,#456,.T.);
#255=ORIENTED_EDGE('',*,*,#457,.T.);
#256=ORIENTED_EDGE('',*,*,#458,.F.);
#257=ORIENTED_EDGE('',*,*,#401,.T.);
#258=ORIENTED_EDGE('',*,*,#458,.T.);
#259=ORIENTED_EDGE('',*,*,#459,.T.);
#260=ORIENTED_EDGE('',*,*,#460,.F.);
#261=ORIENTED_EDGE('',*,*,#386,.T.);
#262=ORIENTED_EDGE('',*,*,#449,.F.);
#263=ORIENTED_EDGE('',*,*,#402,.T.);
#264=ORIENTED_EDGE('',*,*,#460,.T.);
#265=ORIENTED_EDGE('',*,*,#461,.T.);
#266=ORIENTED_EDGE('',*,*,#409,.F.);
#267=ORIENTED_EDGE('',*,*,#387,.F.);
#268=ORIENTED_EDGE('',*,*,#462,.F.);
#269=ORIENTED_EDGE('',*,*,#441,.F.);
#270=ORIENTED_EDGE('',*,*,#463,.F.);
#271=ORIENTED_EDGE('',*,*,#410,.F.);
#272=ORIENTED_EDGE('',*,*,#463,.T.);
#273=ORIENTED_EDGE('',*,*,#440,.F.);
#274=ORIENTED_EDGE('',*,*,#464,.F.);
#275=ORIENTED_EDGE('',*,*,#412,.F.);
#276=ORIENTED_EDGE('',*,*,#462,.T.);
#277=ORIENTED_EDGE('',*,*,#461,.F.);
#278=ORIENTED_EDGE('',*,*,#465,.F.);
#279=ORIENTED_EDGE('',*,*,#442,.F.);
#280=ORIENTED_EDGE('',*,*,#464,.T.);
#281=ORIENTED_EDGE('',*,*,#439,.F.);
#282=ORIENTED_EDGE('',*,*,#466,.F.);
#283=ORIENTED_EDGE('',*,*,#414,.F.);
#284=ORIENTED_EDGE('',*,*,#465,.T.);
#285=ORIENTED_EDGE('',*,*,#459,.F.);
#286=ORIENTED_EDGE('',*,*,#467,.F.);
#287=ORIENTED_EDGE('',*,*,#443,.F.);
#288=ORIENTED_EDGE('',*,*,#466,.T.);
#289=ORIENTED_EDGE('',*,*,#438,.F.);
#290=ORIENTED_EDGE('',*,*,#468,.F.);
#291=ORIENTED_EDGE('',*,*,#416,.F.);
#292=ORIENTED_EDGE('',*,*,#467,.T.);
#293=ORIENTED_EDGE('',*,*,#457,.F.);
#294=ORIENTED_EDGE('',*,*,#469,.F.);
#295=ORIENTED_EDGE('',*,*,#444,.F.);
#296=ORIENTED_EDGE('',*,*,#468,.T.);
#297=ORIENTED_EDGE('',*,*,#437,.F.);
#298=ORIENTED_EDGE('',*,*,#470,.F.);
#299=ORIENTED_EDGE('',*,*,#418,.F.);
#300=ORIENTED_EDGE('',*,*,#469,.T.);
#301=ORIENTED_EDGE('',*,*,#455,.F.);
#302=ORIENTED_EDGE('',*,*,#471,.F.);
#303=ORIENTED_EDGE('',*,*,#445,.F.);
#304=ORIENTED_EDGE('',*,*,#470,.T.);
#305=ORIENTED_EDGE('',*,*,#436,.F.);
#306=ORIENTED_EDGE('',*,*,#472,.F.);
#307=ORIENTED_EDGE('',*,*,#420,.F.);
#308=ORIENTED_EDGE('',*,*,#471,.T.);
#309=ORIENTED_EDGE('',*,*,#453,.F.);
#310=ORIENTED_EDGE('',*,*,#473,.F.);
#311=ORIENTED_EDGE('',*,*,#446,.F.);
#312=ORIENTED_EDGE('',*,*,#472,.T.);
#313=ORIENTED_EDGE('',*,*,#435,.F.);
#314=ORIENTED_EDGE('',*,*,#474,.F.);
#315=ORIENTED_EDGE('',*,*,#422,.F.);
#316=ORIENTED_EDGE('',*,*,#473,.T.);
#317=ORIENTED_EDGE('',*,*,#369,.F.);
#318=ORIENTED_EDGE('',*,*,#475,.F.);
#319=ORIENTED_EDGE('',*,*,#447,.F.);
#320=ORIENTED_EDGE('',*,*,#474,.T.);
#321=ORIENTED_EDGE('',*,*,#434,.F.);
#322=ORIENTED_EDGE('',*,*,#476,.F.);
#323=ORIENTED_EDGE('',*,*,#424,.F.);
#324=ORIENTED_EDGE('',*,*,#475,.T.);
#325=ORIENTED_EDGE('',*,*,#408,.F.);
#326=ORIENTED_EDGE('',*,*,#477,.F.);
#327=ORIENTED_EDGE('',*,*,#448,.F.);
#328=ORIENTED_EDGE('',*,*,#476,.T.);
#329=ORIENTED_EDGE('',*,*,#433,.F.);
#330=ORIENTED_EDGE('',*,*,#478,.F.);
#331=ORIENTED_EDGE('',*,*,#426,.F.);
#332=ORIENTED_EDGE('',*,*,#477,.T.);
#333=ORIENTED_EDGE('',*,*,#430,.F.);
#334=ORIENTED_EDGE('',*,*,#479,.F.);
#335=ORIENTED_EDGE('',*,*,#431,.F.);
#336=ORIENTED_EDGE('',*,*,#478,.T.);
#337=ORIENTED_EDGE('',*,*,#432,.F.);
#338=ORIENTED_EDGE('',*,*,#479,.T.);
#339=ORIENTED_EDGE('',*,*,#428,.F.);
#340=ORIENTED_EDGE('',*,*,#480,.F.);
#341=ORIENTED_EDGE('',*,*,#379,.T.);
#342=ORIENTED_EDGE('',*,*,#481,.F.);
#343=ORIENTED_EDGE('',*,*,#480,.T.);
#344=ORIENTED_EDGE('',*,*,#482,.F.);
#345=ORIENTED_EDGE('',*,*,#378,.T.);
#346=ORIENTED_EDGE('',*,*,#483,.F.);
#347=ORIENTED_EDGE('',*,*,#482,.T.);
#348=ORIENTED_EDGE('',*,*,#484,.F.);
#349=ORIENTED_EDGE('',*,*,#377,.T.);
#350=ORIENTED_EDGE('',*,*,#485,.F.);
#351=ORIENTED_EDGE('',*,*,#484,.T.);
#352=ORIENTED_EDGE('',*,*,#486,.F.);
#353=ORIENTED_EDGE('',*,*,#376,.T.);
#354=ORIENTED_EDGE('',*,*,#487,.F.);
#355=ORIENTED_EDGE('',*,*,#486,.T.);
#356=ORIENTED_EDGE('',*,*,#487,.T.);
#357=ORIENTED_EDGE('',*,*,#488,.F.);
#358=ORIENTED_EDGE('',*,*,#488,.T.);
#359=ORIENTED_EDGE('',*,*,#485,.T.);
#360=ORIENTED_EDGE('',*,*,#489,.F.);
#361=ORIENTED_EDGE('',*,*,#489,.T.);
#362=ORIENTED_EDGE('',*,*,#483,.T.);
#363=ORIENTED_EDGE('',*,*,#490,.F.);
#364=ORIENTED_EDGE('',*,*,#490,.T.);
#365=ORIENTED_EDGE('',*,*,#481,.T.);
#366=ORIENTED_EDGE('',*,*,#491,.F.);
#367=ORIENTED_EDGE('',*,*,#491,.T.);
#368=EDGE_CURVE('',#492,#493,#574,.T.);
#369=EDGE_CURVE('',#493,#494,#575,.T.);
#370=EDGE_CURVE('',#495,#494,#576,.T.);
#371=EDGE_CURVE('',#492,#495,#577,.F.);
#372=EDGE_CURVE('',#496,#497,#110,.T.);
#373=EDGE_CURVE('',#496,#498,#578,.T.);
#374=EDGE_CURVE('',#499,#498,#579,.T.);
#375=EDGE_CURVE('',#497,#499,#580,.T.);
#376=EDGE_CURVE('',#500,#500,#49,.T.);
#377=EDGE_CURVE('',#501,#501,#50,.T.);
#378=EDGE_CURVE('',#502,#502,#51,.T.);
#379=EDGE_CURVE('',#503,#503,#52,.T.);
#380=EDGE_CURVE('',#495,#504,#53,.T.);
#381=EDGE_CURVE('',#504,#497,#111,.T.);
#382=EDGE_CURVE('',#505,#499,#581,.T.);
#383=EDGE_CURVE('',#506,#505,#582,.T.);
#384=EDGE_CURVE('',#506,#507,#583,.T.);
#385=EDGE_CURVE('',#507,#508,#584,.T.);
#386=EDGE_CURVE('',#509,#508,#112,.T.);
#387=EDGE_CURVE('',#509,#510,#54,.T.);
#388=EDGE_CURVE('',#510,#511,#585,.F.);
#389=EDGE_CURVE('',#511,#512,#55,.T.);
#390=EDGE_CURVE('',#513,#512,#586,.T.);
#391=EDGE_CURVE('',#513,#514,#56,.T.);
#392=EDGE_CURVE('',#514,#515,#587,.F.);
#393=EDGE_CURVE('',#515,#516,#57,.T.);
#394=EDGE_CURVE('',#516,#517,#588,.F.);
#395=EDGE_CURVE('',#517,#518,#58,.T.);
#396=EDGE_CURVE('',#518,#519,#589,.F.);
#397=EDGE_CURVE('',#519,#520,#59,.T.);
#398=EDGE_CURVE('',#520,#521,#590,.F.);
#399=EDGE_CURVE('',#521,#492,#60,.T.);
#400=EDGE_CURVE('',#496,#522,#113,.T.);
#401=EDGE_CURVE('',#523,#522,#61,.T.);
#402=EDGE_CURVE('',#524,#523,#114,.T.);
#403=EDGE_CURVE('',#525,#524,#591,.T.);
#404=EDGE_CURVE('',#526,#525,#592,.T.);
#405=EDGE_CURVE('',#526,#527,#593,.T.);
#406=EDGE_CURVE('',#527,#498,#594,.T.);
#407=EDGE_CURVE('',#521,#528,#595,.T.);
#408=EDGE_CURVE('',#528,#493,#62,.T.);
#409=EDGE_CURVE('',#510,#529,#596,.T.);
#410=EDGE_CURVE('',#529,#530,#597,.T.);
#411=EDGE_CURVE('',#511,#530,#598,.T.);
#412=EDGE_CURVE('',#530,#531,#63,.T.);
#413=EDGE_CURVE('',#512,#531,#599,.T.);
#414=EDGE_CURVE('',#531,#532,#600,.F.);
#415=EDGE_CURVE('',#513,#532,#601,.T.);
#416=EDGE_CURVE('',#532,#533,#64,.T.);
#417=EDGE_CURVE('',#514,#533,#602,.T.);
#418=EDGE_CURVE('',#533,#534,#603,.T.);
#419=EDGE_CURVE('',#515,#534,#604,.T.);
#420=EDGE_CURVE('',#534,#535,#65,.T.);
#421=EDGE_CURVE('',#516,#535,#605,.T.);
#422=EDGE_CURVE('',#535,#536,#606,.T.);
#423=EDGE_CURVE('',#517,#536,#607,.T.);
#424=EDGE_CURVE('',#536,#537,#66,.T.);
#425=EDGE_CURVE('',#518,#537,#608,.T.);
#426=EDGE_CURVE('',#537,#538,#609,.T.);
#427=EDGE_CURVE('',#519,#538,#610,.T.);
#428=EDGE_CURVE('',#538,#539,#67,.T.);
#429=EDGE_CURVE('',#520,#539,#611,.T.);
#430=EDGE_CURVE('',#539,#528,#612,.T.);
#431=EDGE_CURVE('',#540,#541,#613,.T.);
#432=EDGE_CURVE('',#541,#542,#68,.F.);
#433=EDGE_CURVE('',#542,#543,#614,.T.);
#434=EDGE_CURVE('',#543,#544,#69,.F.);
#435=EDGE_CURVE('',#544,#545,#615,.T.);
#436=EDGE_CURVE('',#545,#546,#70,.F.);
#437=EDGE_CURVE('',#546,#547,#616,.T.);
#438=EDGE_CURVE('',#547,#548,#71,.F.);
#439=EDGE_CURVE('',#548,#549,#617,.T.);
#440=EDGE_CURVE('',#549,#550,#72,.F.);
#441=EDGE_CURVE('',#550,#551,#618,.T.);
#442=EDGE_CURVE('',#551,#552,#73,.F.);
#443=EDGE_CURVE('',#552,#553,#115,.T.);
#444=EDGE_CURVE('',#553,#554,#74,.T.);
#445=EDGE_CURVE('',#554,#555,#116,.T.);
#446=EDGE_CURVE('',#555,#556,#75,.F.);
#447=EDGE_CURVE('',#556,#557,#619,.T.);
#448=EDGE_CURVE('',#557,#540,#76,.F.);
#449=EDGE_CURVE('',#524,#508,#117,.T.);
#450=EDGE_CURVE('',#507,#525,#620,.T.);
#451=EDGE_CURVE('',#505,#527,#621,.T.);
#452=EDGE_CURVE('',#506,#526,#622,.T.);
#453=EDGE_CURVE('',#494,#558,#77,.F.);
#454=EDGE_CURVE('',#504,#558,#623,.T.);
#455=EDGE_CURVE('',#558,#559,#118,.T.);
#456=EDGE_CURVE('',#522,#559,#624,.T.);
#457=EDGE_CURVE('',#559,#560,#78,.T.);
#458=EDGE_CURVE('',#523,#560,#625,.T.);
#459=EDGE_CURVE('',#560,#561,#119,.T.);
#460=EDGE_CURVE('',#509,#561,#626,.T.);
#461=EDGE_CURVE('',#561,#529,#79,.F.);
#462=EDGE_CURVE('',#551,#529,#80,.T.);
#463=EDGE_CURVE('',#530,#550,#81,.T.);
#464=EDGE_CURVE('',#531,#549,#82,.T.);
#465=EDGE_CURVE('',#552,#561,#83,.T.);
#466=EDGE_CURVE('',#532,#548,#84,.T.);
#467=EDGE_CURVE('',#553,#560,#85,.T.);
#468=EDGE_CURVE('',#533,#547,#86,.T.);
#469=EDGE_CURVE('',#554,#559,#87,.T.);
#470=EDGE_CURVE('',#534,#546,#88,.T.);
#471=EDGE_CURVE('',#555,#558,#89,.T.);
#472=EDGE_CURVE('',#535,#545,#90,.T.);
#473=EDGE_CURVE('',#556,#494,#91,.T.);
#474=EDGE_CURVE('',#536,#544,#92,.T.);
#475=EDGE_CURVE('',#557,#493,#93,.T.);
#476=EDGE_CURVE('',#537,#543,#94,.T.);
#477=EDGE_CURVE('',#540,#528,#95,.T.);
#478=EDGE_CURVE('',#538,#542,#96,.T.);
#479=EDGE_CURVE('',#541,#539,#97,.T.);
#480=EDGE_CURVE('',#562,#562,#98,.T.);
#481=EDGE_CURVE('',#563,#563,#99,.T.);
#482=EDGE_CURVE('',#564,#564,#100,.T.);
#483=EDGE_CURVE('',#565,#565,#101,.T.);
#484=EDGE_CURVE('',#566,#566,#102,.T.);
#485=EDGE_CURVE('',#567,#567,#103,.T.);
#486=EDGE_CURVE('',#568,#568,#104,.T.);
#487=EDGE_CURVE('',#569,#569,#105,.T.);
#488=EDGE_CURVE('',#570,#570,#106,.T.);
#489=EDGE_CURVE('',#571,#571,#107,.T.);
#490=EDGE_CURVE('',#572,#572,#108,.T.);
#491=EDGE_CURVE('',#573,#573,#109,.T.);
#492=VERTEX_POINT('',#1337);
#493=VERTEX_POINT('',#1338);
#494=VERTEX_POINT('',#1340);
#495=VERTEX_POINT('',#1342);
#496=VERTEX_POINT('',#1349);
#497=VERTEX_POINT('',#1350);
#498=VERTEX_POINT('',#1352);
#499=VERTEX_POINT('',#1354);
#500=VERTEX_POINT('',#1358);
#501=VERTEX_POINT('',#1360);
#502=VERTEX_POINT('',#1362);
#503=VERTEX_POINT('',#1364);
#504=VERTEX_POINT('',#1366);
#505=VERTEX_POINT('',#1372);
#506=VERTEX_POINT('',#1374);
#507=VERTEX_POINT('',#1376);
#508=VERTEX_POINT('',#1378);
#509=VERTEX_POINT('',#1383);
#510=VERTEX_POINT('',#1385);
#511=VERTEX_POINT('',#1387);
#512=VERTEX_POINT('',#1389);
#513=VERTEX_POINT('',#1391);
#514=VERTEX_POINT('',#1393);
#515=VERTEX_POINT('',#1395);
#516=VERTEX_POINT('',#1397);
#517=VERTEX_POINT('',#1399);
#518=VERTEX_POINT('',#1401);
#519=VERTEX_POINT('',#1403);
#520=VERTEX_POINT('',#1405);
#521=VERTEX_POINT('',#1407);
#522=VERTEX_POINT('',#1425);
#523=VERTEX_POINT('',#1427);
#524=VERTEX_POINT('',#1443);
#525=VERTEX_POINT('',#1445);
#526=VERTEX_POINT('',#1447);
#527=VERTEX_POINT('',#1449);
#528=VERTEX_POINT('',#1453);
#529=VERTEX_POINT('',#1457);
#530=VERTEX_POINT('',#1459);
#531=VERTEX_POINT('',#1463);
#532=VERTEX_POINT('',#1467);
#533=VERTEX_POINT('',#1471);
#534=VERTEX_POINT('',#1475);
#535=VERTEX_POINT('',#1479);
#536=VERTEX_POINT('',#1483);
#537=VERTEX_POINT('',#1487);
#538=VERTEX_POINT('',#1491);
#539=VERTEX_POINT('',#1495);
#540=VERTEX_POINT('',#1501);
#541=VERTEX_POINT('',#1502);
#542=VERTEX_POINT('',#1504);
#543=VERTEX_POINT('',#1506);
#544=VERTEX_POINT('',#1508);
#545=VERTEX_POINT('',#1510);
#546=VERTEX_POINT('',#1512);
#547=VERTEX_POINT('',#1514);
#548=VERTEX_POINT('',#1516);
#549=VERTEX_POINT('',#1518);
#550=VERTEX_POINT('',#1520);
#551=VERTEX_POINT('',#1522);
#552=VERTEX_POINT('',#1524);
#553=VERTEX_POINT('',#1541);
#554=VERTEX_POINT('',#1543);
#555=VERTEX_POINT('',#1560);
#556=VERTEX_POINT('',#1562);
#557=VERTEX_POINT('',#1564);
#558=VERTEX_POINT('',#1579);
#559=VERTEX_POINT('',#1734);
#560=VERTEX_POINT('',#1738);
#561=VERTEX_POINT('',#1893);
#562=VERTEX_POINT('',#2029);
#563=VERTEX_POINT('',#2032);
#564=VERTEX_POINT('',#2035);
#565=VERTEX_POINT('',#2038);
#566=VERTEX_POINT('',#2041);
#567=VERTEX_POINT('',#2044);
#568=VERTEX_POINT('',#2047);
#569=VERTEX_POINT('',#2050);
#570=VERTEX_POINT('',#2053);
#571=VERTEX_POINT('',#2057);
#572=VERTEX_POINT('',#2061);
#573=VERTEX_POINT('',#2065);
#574=LINE('',#1336,#627);
#575=LINE('',#1339,#628);
#576=LINE('',#1341,#629);
#577=LINE('',#1343,#630);
#578=LINE('',#1351,#631);
#579=LINE('',#1353,#632);
#580=LINE('',#1355,#633);
#581=LINE('',#1371,#634);
#582=LINE('',#1373,#635);
#583=LINE('',#1375,#636);
#584=LINE('',#1377,#637);
#585=LINE('',#1386,#638);
#586=LINE('',#1390,#639);
#587=LINE('',#1394,#640);
#588=LINE('',#1398,#641);
#589=LINE('',#1402,#642);
#590=LINE('',#1406,#643);
#591=LINE('',#1444,#644);
#592=LINE('',#1446,#645);
#593=LINE('',#1448,#646);
#594=LINE('',#1450,#647);
#595=LINE('',#1452,#648);
#596=LINE('',#1456,#649);
#597=LINE('',#1458,#650);
#598=LINE('',#1460,#651);
#599=LINE('',#1464,#652);
#600=LINE('',#1466,#653);
#601=LINE('',#1468,#654);
#602=LINE('',#1472,#655);
#603=LINE('',#1474,#656);
#604=LINE('',#1476,#657);
#605=LINE('',#1480,#658);
#606=LINE('',#1482,#659);
#607=LINE('',#1484,#660);
#608=LINE('',#1488,#661);
#609=LINE('',#1490,#662);
#610=LINE('',#1492,#663);
#611=LINE('',#1496,#664);
#612=LINE('',#1498,#665);
#613=LINE('',#1500,#666);
#614=LINE('',#1505,#667);
#615=LINE('',#1509,#668);
#616=LINE('',#1513,#669);
#617=LINE('',#1517,#670);
#618=LINE('',#1521,#671);
#619=LINE('',#1563,#672);
#620=LINE('',#1571,#673);
#621=LINE('',#1573,#674);
#622=LINE('',#1575,#675);
#623=LINE('',#1580,#676);
#624=LINE('',#1735,#677);
#625=LINE('',#1739,#678);
#626=LINE('',#1894,#679);
#627=VECTOR('',#1049,1.);
#628=VECTOR('',#1050,1.);
#629=VECTOR('',#1051,1.);
#630=VECTOR('',#1052,1.);
#631=VECTOR('',#1055,1.);
#632=VECTOR('',#1056,1.);
#633=VECTOR('',#1057,1.);
#634=VECTOR('',#1070,1.);
#635=VECTOR('',#1071,1.);
#636=VECTOR('',#1072,1.);
#637=VECTOR('',#1073,1.);
#638=VECTOR('',#1076,1.);
#639=VECTOR('',#1079,1.);
#640=VECTOR('',#1082,1.);
#641=VECTOR('',#1085,1.);
#642=VECTOR('',#1088,1.);
#643=VECTOR('',#1091,1.);
#644=VECTOR('',#1098,1.);
#645=VECTOR('',#1099,1.);
#646=VECTOR('',#1100,1.);
#647=VECTOR('',#1101,1.);
#648=VECTOR('',#1104,1.);
#649=VECTOR('',#1109,1.);
#650=VECTOR('',#1110,1.);
#651=VECTOR('',#1111,1.);
#652=VECTOR('',#1116,1.);
#653=VECTOR('',#1119,1.);
#654=VECTOR('',#1120,1.);
#655=VECTOR('',#1125,1.);
#656=VECTOR('',#1128,1.);
#657=VECTOR('',#1129,1.);
#658=VECTOR('',#1134,1.);
#659=VECTOR('',#1137,1.);
#660=VECTOR('',#1138,1.);
#661=VECTOR('',#1143,1.);
#662=VECTOR('',#1146,1.);
#663=VECTOR('',#1147,1.);
#664=VECTOR('',#1152,1.);
#665=VECTOR('',#1155,1.);
#666=VECTOR('',#1158,1.);
#667=VECTOR('',#1161,1.);
#668=VECTOR('',#1164,1.);
#669=VECTOR('',#1167,1.);
#670=VECTOR('',#1170,1.);
#671=VECTOR('',#1173,1.);
#672=VECTOR('',#1180,1.);
#673=VECTOR('',#1185,1.);
#674=VECTOR('',#1188,1.);
#675=VECTOR('',#1191,1.);
#676=VECTOR('',#1198,1.);
#677=VECTOR('',#1199,1.);
#678=VECTOR('',#1204,1.);
#679=VECTOR('',#1205,1.);
#680=EDGE_LOOP('',(#120,#121,#122,#123));
#681=EDGE_LOOP('',(#124,#125,#126,#127));
#682=EDGE_LOOP('',(#128));
#683=EDGE_LOOP('',(#129));
#684=EDGE_LOOP('',(#130));
#685=EDGE_LOOP('',(#131));
#686=EDGE_LOOP('',(#132,#133,#134,#135,#136,#137,#138,#139,#140,#141,#142,
#143,#144,#145,#146,#147,#148,#149,#150,#151,#152,#153));
#687=EDGE_LOOP('',(#154,#155,#156,#157,#158,#159,#160,#161));
#688=EDGE_LOOP('',(#162,#163,#164,#165));
#689=EDGE_LOOP('',(#166,#167,#168,#169));
#690=EDGE_LOOP('',(#170,#171,#172,#173));
#691=EDGE_LOOP('',(#174,#175,#176,#177));
#692=EDGE_LOOP('',(#178,#179,#180,#181));
#693=EDGE_LOOP('',(#182,#183,#184,#185));
#694=EDGE_LOOP('',(#186,#187,#188,#189));
#695=EDGE_LOOP('',(#190,#191,#192,#193));
#696=EDGE_LOOP('',(#194,#195,#196,#197));
#697=EDGE_LOOP('',(#198,#199,#200,#201));
#698=EDGE_LOOP('',(#202,#203,#204,#205));
#699=EDGE_LOOP('',(#206,#207,#208,#209));
#700=EDGE_LOOP('',(#210,#211,#212,#213,#214,#215,#216,#217,#218,#219,#220,
#221,#222,#223,#224,#225,#226,#227));
#701=EDGE_LOOP('',(#228,#229,#230,#231));
#702=EDGE_LOOP('',(#232,#233,#234,#235));
#703=EDGE_LOOP('',(#236,#237,#238,#239));
#704=EDGE_LOOP('',(#240,#241,#242,#243));
#705=EDGE_LOOP('',(#244,#245,#246,#247));
#706=EDGE_LOOP('',(#248,#249,#250,#251,#252,#253));
#707=EDGE_LOOP('',(#254,#255,#256,#257));
#708=EDGE_LOOP('',(#258,#259,#260,#261,#262,#263));
#709=EDGE_LOOP('',(#264,#265,#266,#267));
#710=EDGE_LOOP('',(#268,#269,#270,#271));
#711=EDGE_LOOP('',(#272,#273,#274,#275));
#712=EDGE_LOOP('',(#276,#277,#278,#279));
#713=EDGE_LOOP('',(#280,#281,#282,#283));
#714=EDGE_LOOP('',(#284,#285,#286,#287));
#715=EDGE_LOOP('',(#288,#289,#290,#291));
#716=EDGE_LOOP('',(#292,#293,#294,#295));
#717=EDGE_LOOP('',(#296,#297,#298,#299));
#718=EDGE_LOOP('',(#300,#301,#302,#303));
#719=EDGE_LOOP('',(#304,#305,#306,#307));
#720=EDGE_LOOP('',(#308,#309,#310,#311));
#721=EDGE_LOOP('',(#312,#313,#314,#315));
#722=EDGE_LOOP('',(#316,#317,#318,#319));
#723=EDGE_LOOP('',(#320,#321,#322,#323));
#724=EDGE_LOOP('',(#324,#325,#326,#327));
#725=EDGE_LOOP('',(#328,#329,#330,#331));
#726=EDGE_LOOP('',(#332,#333,#334,#335));
#727=EDGE_LOOP('',(#336,#337,#338,#339));
#728=EDGE_LOOP('',(#340));
#729=EDGE_LOOP('',(#341));
#730=EDGE_LOOP('',(#342));
#731=EDGE_LOOP('',(#343));
#732=EDGE_LOOP('',(#344));
#733=EDGE_LOOP('',(#345));
#734=EDGE_LOOP('',(#346));
#735=EDGE_LOOP('',(#347));
#736=EDGE_LOOP('',(#348));
#737=EDGE_LOOP('',(#349));
#738=EDGE_LOOP('',(#350));
#739=EDGE_LOOP('',(#351));
#740=EDGE_LOOP('',(#352));
#741=EDGE_LOOP('',(#353));
#742=EDGE_LOOP('',(#354));
#743=EDGE_LOOP('',(#355));
#744=EDGE_LOOP('',(#356));
#745=EDGE_LOOP('',(#357));
#746=EDGE_LOOP('',(#358));
#747=EDGE_LOOP('',(#359));
#748=EDGE_LOOP('',(#360));
#749=EDGE_LOOP('',(#361));
#750=EDGE_LOOP('',(#362));
#751=EDGE_LOOP('',(#363));
#752=EDGE_LOOP('',(#364));
#753=EDGE_LOOP('',(#365));
#754=EDGE_LOOP('',(#366));
#755=EDGE_LOOP('',(#367));
#756=FACE_BOUND('',#680,.T.);
#757=FACE_BOUND('',#681,.T.);
#758=FACE_BOUND('',#682,.T.);
#759=FACE_BOUND('',#683,.T.);
#760=FACE_BOUND('',#684,.T.);
#761=FACE_BOUND('',#685,.T.);
#762=FACE_BOUND('',#686,.T.);
#763=FACE_BOUND('',#687,.T.);
#764=FACE_BOUND('',#688,.T.);
#765=FACE_BOUND('',#689,.T.);
#766=FACE_BOUND('',#690,.T.);
#767=FACE_BOUND('',#691,.T.);
#768=FACE_BOUND('',#692,.T.);
#769=FACE_BOUND('',#693,.T.);
#770=FACE_BOUND('',#694,.T.);
#771=FACE_BOUND('',#695,.T.);
#772=FACE_BOUND('',#696,.T.);
#773=FACE_BOUND('',#697,.T.);
#774=FACE_BOUND('',#698,.T.);
#775=FACE_BOUND('',#699,.T.);
#776=FACE_BOUND('',#700,.T.);
#777=FACE_BOUND('',#701,.T.);
#778=FACE_BOUND('',#702,.T.);
#779=FACE_BOUND('',#703,.T.);
#780=FACE_BOUND('',#704,.T.);
#781=FACE_BOUND('',#705,.T.);
#782=FACE_BOUND('',#706,.T.);
#783=FACE_BOUND('',#707,.T.);
#784=FACE_BOUND('',#708,.T.);
#785=FACE_BOUND('',#709,.T.);
#786=FACE_BOUND('',#710,.T.);
#787=FACE_BOUND('',#711,.T.);
#788=FACE_BOUND('',#712,.T.);
#789=FACE_BOUND('',#713,.T.);
#790=FACE_BOUND('',#714,.T.);
#791=FACE_BOUND('',#715,.T.);
#792=FACE_BOUND('',#716,.T.);
#793=FACE_BOUND('',#717,.T.);
#794=FACE_BOUND('',#718,.T.);
#795=FACE_BOUND('',#719,.T.);
#796=FACE_BOUND('',#720,.T.);
#797=FACE_BOUND('',#721,.T.);
#798=FACE_BOUND('',#722,.T.);
#799=FACE_BOUND('',#723,.T.);
#800=FACE_BOUND('',#724,.T.);
#801=FACE_BOUND('',#725,.T.);
#802=FACE_BOUND('',#726,.T.);
#803=FACE_BOUND('',#727,.T.);
#804=FACE_BOUND('',#728,.T.);
#805=FACE_BOUND('',#729,.T.);
#806=FACE_BOUND('',#730,.T.);
#807=FACE_BOUND('',#731,.T.);
#808=FACE_BOUND('',#732,.T.);
#809=FACE_BOUND('',#733,.T.);
#810=FACE_BOUND('',#734,.T.);
#811=FACE_BOUND('',#735,.T.);
#812=FACE_BOUND('',#736,.T.);
#813=FACE_BOUND('',#737,.T.);
#814=FACE_BOUND('',#738,.T.);
#815=FACE_BOUND('',#739,.T.);
#816=FACE_BOUND('',#740,.T.);
#817=FACE_BOUND('',#741,.T.);
#818=FACE_BOUND('',#742,.T.);
#819=FACE_BOUND('',#743,.T.);
#820=FACE_BOUND('',#744,.T.);
#821=FACE_BOUND('',#745,.T.);
#822=FACE_BOUND('',#746,.T.);
#823=FACE_BOUND('',#747,.T.);
#824=FACE_BOUND('',#748,.T.);
#825=FACE_BOUND('',#749,.T.);
#826=FACE_BOUND('',#750,.T.);
#827=FACE_BOUND('',#751,.T.);
#828=FACE_BOUND('',#752,.T.);
#829=FACE_BOUND('',#753,.T.);
#830=FACE_BOUND('',#754,.T.);
#831=FACE_BOUND('',#755,.T.);
#832=PLANE('',#928);
#833=PLANE('',#929);
#834=PLANE('',#930);
#835=PLANE('',#943);
#836=PLANE('',#947);
#837=PLANE('',#950);
#838=PLANE('',#953);
#839=PLANE('',#956);
#840=PLANE('',#959);
#841=PLANE('',#962);
#842=PLANE('',#963);
#843=PLANE('',#973);
#844=PLANE('',#974);
#845=PLANE('',#975);
#846=PLANE('',#976);
#847=PLANE('',#1019);
#848=PLANE('',#1023);
#849=PLANE('',#1027);
#850=PLANE('',#1031);
#851=PLANE('',#1035);
#852=PLANE('',#1038);
#853=PLANE('',#1041);
#854=PLANE('',#1044);
#855=ADVANCED_FACE('',(#756),#832,.T.);
#856=ADVANCED_FACE('',(#757),#833,.F.);
#857=ADVANCED_FACE('',(#758,#759,#760,#761,#762),#834,.T.);
#858=ADVANCED_FACE('',(#763),#835,.T.);
#859=ADVANCED_FACE('',(#764),#40,.T.);
#860=ADVANCED_FACE('',(#765),#836,.T.);
#861=ADVANCED_FACE('',(#766),#41,.T.);
#862=ADVANCED_FACE('',(#767),#837,.T.);
#863=ADVANCED_FACE('',(#768),#42,.T.);
#864=ADVANCED_FACE('',(#769),#838,.T.);
#865=ADVANCED_FACE('',(#770),#43,.T.);
#866=ADVANCED_FACE('',(#771),#839,.T.);
#867=ADVANCED_FACE('',(#772),#44,.T.);
#868=ADVANCED_FACE('',(#773),#840,.T.);
#869=ADVANCED_FACE('',(#774),#45,.T.);
#870=ADVANCED_FACE('',(#775),#841,.T.);
#871=ADVANCED_FACE('',(#776),#842,.F.);
#872=ADVANCED_FACE('',(#777),#843,.F.);
#873=ADVANCED_FACE('',(#778),#844,.T.);
#874=ADVANCED_FACE('',(#779),#845,.T.);
#875=ADVANCED_FACE('',(#780),#846,.F.);
#876=ADVANCED_FACE('',(#781),#46,.T.);
#877=ADVANCED_FACE('',(#782),#38,.T.);
#878=ADVANCED_FACE('',(#783),#47,.F.);
#879=ADVANCED_FACE('',(#784),#39,.F.);
#880=ADVANCED_FACE('',(#785),#48,.T.);
#881=ADVANCED_FACE('',(#786),#23,.T.);
#882=ADVANCED_FACE('',(#787),#14,.T.);
#883=ADVANCED_FACE('',(#788),#15,.T.);
#884=ADVANCED_FACE('',(#789),#24,.T.);
#885=ADVANCED_FACE('',(#790),#12,.T.);
#886=ADVANCED_FACE('',(#791),#16,.T.);
#887=ADVANCED_FACE('',(#792),#17,.T.);
#888=ADVANCED_FACE('',(#793),#25,.T.);
#889=ADVANCED_FACE('',(#794),#13,.T.);
#890=ADVANCED_FACE('',(#795),#18,.T.);
#891=ADVANCED_FACE('',(#796),#19,.T.);
#892=ADVANCED_FACE('',(#797),#26,.T.);
#893=ADVANCED_FACE('',(#798),#27,.T.);
#894=ADVANCED_FACE('',(#799),#20,.T.);
#895=ADVANCED_FACE('',(#800),#21,.T.);
#896=ADVANCED_FACE('',(#801),#28,.T.);
#897=ADVANCED_FACE('',(#802),#29,.T.);
#898=ADVANCED_FACE('',(#803),#22,.T.);
#899=ADVANCED_FACE('',(#804,#805),#30,.F.);
#900=ADVANCED_FACE('',(#806,#807),#847,.T.);
#901=ADVANCED_FACE('',(#808,#809),#31,.F.);
#902=ADVANCED_FACE('',(#810,#811),#848,.T.);
#903=ADVANCED_FACE('',(#812,#813),#32,.F.);
#904=ADVANCED_FACE('',(#814,#815),#849,.T.);
#905=ADVANCED_FACE('',(#816,#817),#33,.F.);
#906=ADVANCED_FACE('',(#818,#819),#850,.T.);
#907=ADVANCED_FACE('',(#820,#821),#34,.F.);
#908=ADVANCED_FACE('',(#822),#851,.T.);
#909=ADVANCED_FACE('',(#823,#824),#35,.F.);
#910=ADVANCED_FACE('',(#825),#852,.T.);
#911=ADVANCED_FACE('',(#826,#827),#36,.F.);
#912=ADVANCED_FACE('',(#828),#853,.T.);
#913=ADVANCED_FACE('',(#829,#830),#37,.F.);
#914=ADVANCED_FACE('',(#831),#854,.T.);
#915=CLOSED_SHELL('',(#855,#856,#857,#858,#859,#860,#861,#862,#863,#864,
#865,#866,#867,#868,#869,#870,#871,#872,#873,#874,#875,#876,#877,#878,#879,
#880,#881,#882,#883,#884,#885,#886,#887,#888,#889,#890,#891,#892,#893,#894,
#895,#896,#897,#898,#899,#900,#901,#902,#903,#904,#905,#906,#907,#908,#909,
#910,#911,#912,#913,#914));
#916=STYLED_ITEM('',(#917),#924);
#917=PRESENTATION_STYLE_ASSIGNMENT((#918));
#918=SURFACE_STYLE_USAGE(.BOTH.,#919);
#919=SURFACE_SIDE_STYLE('',(#920));
#920=SURFACE_STYLE_FILL_AREA(#921);
#921=FILL_AREA_STYLE('',(#922));
#922=FILL_AREA_STYLE_COLOUR('',#923);
#923=COLOUR_RGB('',0.615686274509804,0.811764705882353,0.929411764705882);
#924=MANIFOLD_SOLID_BREP('Part 1',#915);
#925=SHAPE_DEFINITION_REPRESENTATION(#2073,#926);
#926=SHAPE_REPRESENTATION('Part 1',(#927),#2068);
#927=AXIS2_PLACEMENT_3D('',#1334,#1045,#1046);
#928=AXIS2_PLACEMENT_3D('',#1335,#1047,#1048);
#929=AXIS2_PLACEMENT_3D('',#1344,#1053,#1054);
#930=AXIS2_PLACEMENT_3D('',#1356,#1058,#1059);
#931=AXIS2_PLACEMENT_3D('',#1357,#1060,#1061);
#932=AXIS2_PLACEMENT_3D('',#1359,#1062,#1063);
#933=AXIS2_PLACEMENT_3D('',#1361,#1064,#1065);
#934=AXIS2_PLACEMENT_3D('',#1363,#1066,#1067);
#935=AXIS2_PLACEMENT_3D('',#1365,#1068,#1069);
#936=AXIS2_PLACEMENT_3D('',#1384,#1074,#1075);
#937=AXIS2_PLACEMENT_3D('',#1388,#1077,#1078);
#938=AXIS2_PLACEMENT_3D('',#1392,#1080,#1081);
#939=AXIS2_PLACEMENT_3D('',#1396,#1083,#1084);
#940=AXIS2_PLACEMENT_3D('',#1400,#1086,#1087);
#941=AXIS2_PLACEMENT_3D('',#1404,#1089,#1090);
#942=AXIS2_PLACEMENT_3D('',#1408,#1092,#1093);
#943=AXIS2_PLACEMENT_3D('',#1409,#1094,#1095);
#944=AXIS2_PLACEMENT_3D('',#1426,#1096,#1097);
#945=AXIS2_PLACEMENT_3D('',#1451,#1102,#1103);
#946=AXIS2_PLACEMENT_3D('',#1454,#1105,#1106);
#947=AXIS2_PLACEMENT_3D('',#1455,#1107,#1108);
#948=AXIS2_PLACEMENT_3D('',#1461,#1112,#1113);
#949=AXIS2_PLACEMENT_3D('',#1462,#1114,#1115);
#950=AXIS2_PLACEMENT_3D('',#1465,#1117,#1118);
#951=AXIS2_PLACEMENT_3D('',#1469,#1121,#1122);
#952=AXIS2_PLACEMENT_3D('',#1470,#1123,#1124);
#953=AXIS2_PLACEMENT_3D('',#1473,#1126,#1127);
#954=AXIS2_PLACEMENT_3D('',#1477,#1130,#1131);
#955=AXIS2_PLACEMENT_3D('',#1478,#1132,#1133);
#956=AXIS2_PLACEMENT_3D('',#1481,#1135,#1136);
#957=AXIS2_PLACEMENT_3D('',#1485,#1139,#1140);
#958=AXIS2_PLACEMENT_3D('',#1486,#1141,#1142);
#959=AXIS2_PLACEMENT_3D('',#1489,#1144,#1145);
#960=AXIS2_PLACEMENT_3D('',#1493,#1148,#1149);
#961=AXIS2_PLACEMENT_3D('',#1494,#1150,#1151);
#962=AXIS2_PLACEMENT_3D('',#1497,#1153,#1154);
#963=AXIS2_PLACEMENT_3D('',#1499,#1156,#1157);
#964=AXIS2_PLACEMENT_3D('',#1503,#1159,#1160);
#965=AXIS2_PLACEMENT_3D('',#1507,#1162,#1163);
#966=AXIS2_PLACEMENT_3D('',#1511,#1165,#1166);
#967=AXIS2_PLACEMENT_3D('',#1515,#1168,#1169);
#968=AXIS2_PLACEMENT_3D('',#1519,#1171,#1172);
#969=AXIS2_PLACEMENT_3D('',#1523,#1174,#1175);
#970=AXIS2_PLACEMENT_3D('',#1542,#1176,#1177);
#971=AXIS2_PLACEMENT_3D('',#1561,#1178,#1179);
#972=AXIS2_PLACEMENT_3D('',#1565,#1181,#1182);
#973=AXIS2_PLACEMENT_3D('',#1566,#1183,#1184);
#974=AXIS2_PLACEMENT_3D('',#1572,#1186,#1187);
#975=AXIS2_PLACEMENT_3D('',#1574,#1189,#1190);
#976=AXIS2_PLACEMENT_3D('',#1576,#1192,#1193);
#977=AXIS2_PLACEMENT_3D('',#1577,#1194,#1195);
#978=AXIS2_PLACEMENT_3D('',#1578,#1196,#1197);
#979=AXIS2_PLACEMENT_3D('',#1736,#1200,#1201);
#980=AXIS2_PLACEMENT_3D('',#1737,#1202,#1203);
#981=AXIS2_PLACEMENT_3D('',#1895,#1206,#1207);
#982=AXIS2_PLACEMENT_3D('',#1896,#1208,#1209);
#983=AXIS2_PLACEMENT_3D('',#1897,#1210,#1211);
#984=AXIS2_PLACEMENT_3D('',#1898,#1212,#1213);
#985=AXIS2_PLACEMENT_3D('',#1899,#1214,#1215);
#986=AXIS2_PLACEMENT_3D('',#1900,#1216,#1217);
#987=AXIS2_PLACEMENT_3D('',#1901,#1218,#1219);
#988=AXIS2_PLACEMENT_3D('',#1902,#1220,#1221);
#989=AXIS2_PLACEMENT_3D('',#1903,#1222,#1223);
#990=AXIS2_PLACEMENT_3D('',#1904,#1224,#1225);
#991=AXIS2_PLACEMENT_3D('',#1905,#1226,#1227);
#992=AXIS2_PLACEMENT_3D('',#1954,#1228,#1229);
#993=AXIS2_PLACEMENT_3D('',#1955,#1230,#1231);
#994=AXIS2_PLACEMENT_3D('',#1956,#1232,#1233);
#995=AXIS2_PLACEMENT_3D('',#1957,#1234,#1235);
#996=AXIS2_PLACEMENT_3D('',#1958,#1236,#1237);
#997=AXIS2_PLACEMENT_3D('',#1959,#1238,#1239);
#998=AXIS2_PLACEMENT_3D('',#1960,#1240,#1241);
#999=AXIS2_PLACEMENT_3D('',#2009,#1242,#1243);
#1000=AXIS2_PLACEMENT_3D('',#2010,#1244,#1245);
#1001=AXIS2_PLACEMENT_3D('',#2011,#1246,#1247);
#1002=AXIS2_PLACEMENT_3D('',#2012,#1248,#1249);
#1003=AXIS2_PLACEMENT_3D('',#2013,#1250,#1251);
#1004=AXIS2_PLACEMENT_3D('',#2014,#1252,#1253);
#1005=AXIS2_PLACEMENT_3D('',#2015,#1254,#1255);
#1006=AXIS2_PLACEMENT_3D('',#2016,#1256,#1257);
#1007=AXIS2_PLACEMENT_3D('',#2017,#1258,#1259);
#1008=AXIS2_PLACEMENT_3D('',#2018,#1260,#1261);
#1009=AXIS2_PLACEMENT_3D('',#2019,#1262,#1263);
#1010=AXIS2_PLACEMENT_3D('',#2020,#1264,#1265);
#1011=AXIS2_PLACEMENT_3D('',#2021,#1266,#1267);
#1012=AXIS2_PLACEMENT_3D('',#2022,#1268,#1269);
#1013=AXIS2_PLACEMENT_3D('',#2023,#1270,#1271);
#1014=AXIS2_PLACEMENT_3D('',#2024,#1272,#1273);
#1015=AXIS2_PLACEMENT_3D('',#2025,#1274,#1275);
#1016=AXIS2_PLACEMENT_3D('',#2026,#1276,#1277);
#1017=AXIS2_PLACEMENT_3D('',#2027,#1278,#1279);
#1018=AXIS2_PLACEMENT_3D('',#2028,#1280,#1281);
#1019=AXIS2_PLACEMENT_3D('',#2030,#1282,#1283);
#1020=AXIS2_PLACEMENT_3D('',#2031,#1284,#1285);
#1021=AXIS2_PLACEMENT_3D('',#2033,#1286,#1287);
#1022=AXIS2_PLACEMENT_3D('',#2034,#1288,#1289);
#1023=AXIS2_PLACEMENT_3D('',#2036,#1290,#1291);
#1024=AXIS2_PLACEMENT_3D('',#2037,#1292,#1293);
#1025=AXIS2_PLACEMENT_3D('',#2039,#1294,#1295);
#1026=AXIS2_PLACEMENT_3D('',#2040,#1296,#1297);
#1027=AXIS2_PLACEMENT_3D('',#2042,#1298,#1299);
#1028=AXIS2_PLACEMENT_3D('',#2043,#1300,#1301);
#1029=AXIS2_PLACEMENT_3D('',#2045,#1302,#1303);
#1030=AXIS2_PLACEMENT_3D('',#2046,#1304,#1305);
#1031=AXIS2_PLACEMENT_3D('',#2048,#1306,#1307);
#1032=AXIS2_PLACEMENT_3D('',#2049,#1308,#1309);
#1033=AXIS2_PLACEMENT_3D('',#2051,#1310,#1311);
#1034=AXIS2_PLACEMENT_3D('',#2052,#1312,#1313);
#1035=AXIS2_PLACEMENT_3D('',#2054,#1314,#1315);
#1036=AXIS2_PLACEMENT_3D('',#2055,#1316,#1317);
#1037=AXIS2_PLACEMENT_3D('',#2056,#1318,#1319);
#1038=AXIS2_PLACEMENT_3D('',#2058,#1320,#1321);
#1039=AXIS2_PLACEMENT_3D('',#2059,#1322,#1323);
#1040=AXIS2_PLACEMENT_3D('',#2060,#1324,#1325);
#1041=AXIS2_PLACEMENT_3D('',#2062,#1326,#1327);
#1042=AXIS2_PLACEMENT_3D('',#2063,#1328,#1329);
#1043=AXIS2_PLACEMENT_3D('',#2064,#1330,#1331);
#1044=AXIS2_PLACEMENT_3D('',#2066,#1332,#1333);
#1045=DIRECTION('',(0.,0.,1.));
#1046=DIRECTION('',(1.,0.,0.));
#1047=DIRECTION('',(-1.16434718260704E-16,0.991368649258931,0.13110378051957));
#1048=DIRECTION('',(1.53979367404045E-17,-0.13110378051957,0.991368649258931));
#1049=DIRECTION('',(-1.53979367404045E-17,0.13110378051957,-0.99136864925893));
#1050=DIRECTION('',(-1.,-1.17448457087826E-16,0.));
#1051=DIRECTION('',(0.,0.13110378051957,-0.99136864925893));
#1052=DIRECTION('',(1.,1.17448457087826E-16,0.));
#1053=DIRECTION('',(-5.72594738322698E-16,1.,0.));
#1054=DIRECTION('',(-1.,-5.72594738322698E-16,0.));
#1055=DIRECTION('',(1.,5.72594738322698E-16,0.));
#1056=DIRECTION('',(0.,0.,-1.));
#1057=DIRECTION('',(1.,5.72594738322698E-16,0.));
#1058=DIRECTION('',(0.,0.,1.));
#1059=DIRECTION('',(1.,0.,0.));
#1060=DIRECTION('',(0.,0.,1.));
#1061=DIRECTION('',(1.,0.,0.));
#1062=DIRECTION('',(0.,0.,1.));
#1063=DIRECTION('',(1.,0.,0.));
#1064=DIRECTION('',(0.,0.,1.));
#1065=DIRECTION('',(1.,0.,0.));
#1066=DIRECTION('',(0.,0.,1.));
#1067=DIRECTION('',(1.,0.,0.));
#1068=DIRECTION('',(0.,0.,1.));
#1069=DIRECTION('',(1.,0.,0.));
#1070=DIRECTION('',(-1.24900090270316E-13,1.,0.));
#1071=DIRECTION('',(1.,-1.2062662487331E-14,0.));
#1072=DIRECTION('',(0.,1.,0.));
#1073=DIRECTION('',(1.,5.72594738322698E-16,0.));
#1074=DIRECTION('',(0.,0.,1.));
#1075=DIRECTION('',(1.,0.,0.));
#1076=DIRECTION('',(1.,1.17448457087826E-16,0.));
#1077=DIRECTION('',(0.,0.,1.));
#1078=DIRECTION('',(1.,0.,0.));
#1079=DIRECTION('',(0.15403742497168,0.988065013907533,0.));
#1080=DIRECTION('',(0.,0.,1.));
#1081=DIRECTION('',(1.,0.,0.));
#1082=DIRECTION('',(0.,1.,0.));
#1083=DIRECTION('',(0.,0.,1.));
#1084=DIRECTION('',(1.,0.,0.));
#1085=DIRECTION('',(-1.,-2.84709071764163E-16,0.));
#1086=DIRECTION('',(0.,0.,1.));
#1087=DIRECTION('',(1.,0.,0.));
#1088=DIRECTION('',(0.,-1.,0.));
#1089=DIRECTION('',(0.,0.,1.));
#1090=DIRECTION('',(1.,0.,0.));
#1091=DIRECTION('',(0.154037424365909,-0.988065014001972,0.));
#1092=DIRECTION('',(0.,0.,1.));
#1093=DIRECTION('',(1.,0.,0.));
#1094=DIRECTION('',(0.,0.,1.));
#1095=DIRECTION('',(1.,0.,0.));
#1096=DIRECTION('',(0.,0.,1.));
#1097=DIRECTION('',(1.,0.,0.));
#1098=DIRECTION('',(1.,5.72594738322698E-16,0.));
#1099=DIRECTION('',(0.,1.,0.));
#1100=DIRECTION('',(1.,-1.2062662487331E-14,0.));
#1101=DIRECTION('',(-1.24900090270316E-13,1.,0.));
#1102=DIRECTION('',(0.,0.,-1.));
#1103=DIRECTION('',(1.,0.,0.));
#1104=DIRECTION('',(0.12953905873478,0.0201948886758676,-0.99136864925893));
#1105=DIRECTION('',(0.,0.,1.));
#1106=DIRECTION('',(1.,0.,0.));
#1107=DIRECTION('',(-1.16434718260704E-16,0.991368649258931,0.13110378051957));
#1108=DIRECTION('',(1.53979367404045E-17,-0.13110378051957,0.991368649258931));
#1109=DIRECTION('',(-1.53979367404045E-17,0.13110378051957,-0.99136864925893));
#1110=DIRECTION('',(-1.,-1.17448457087826E-16,0.));
#1111=DIRECTION('',(4.54857611713219E-16,0.13110378051957,-0.99136864925893));
#1112=DIRECTION('',(0.,0.,-1.));
#1113=DIRECTION('',(1.,0.,0.));
#1114=DIRECTION('',(0.,0.,1.));
#1115=DIRECTION('',(1.,0.,0.));
#1116=DIRECTION('',(-0.129539058722399,0.0201948887552869,-0.99136864925893));
#1117=DIRECTION('',(-0.979536678217518,0.152707873929498,0.13110378051957));
#1118=DIRECTION('',(0.129539058722399,-0.0201948887552869,0.991368649258931));
#1119=DIRECTION('',(0.15403742497168,0.988065013907533,-5.8608558991205E-20));
#1120=DIRECTION('',(-0.129539058722399,0.0201948887552874,-0.99136864925893));
#1121=DIRECTION('',(0.,0.,-1.));
#1122=DIRECTION('',(1.,0.,0.));
#1123=DIRECTION('',(0.,0.,1.));
#1124=DIRECTION('',(1.,0.,0.));
#1125=DIRECTION('',(-0.13110378051957,0.,-0.99136864925893));
#1126=DIRECTION('',(-0.991368649258931,0.,0.13110378051957));
#1127=DIRECTION('',(0.13110378051957,0.,0.991368649258931));
#1128=DIRECTION('',(0.,-1.,0.));
#1129=DIRECTION('',(-0.13110378051957,-6.82286417569824E-16,-0.99136864925893));
#1130=DIRECTION('',(0.,0.,-1.));
#1131=DIRECTION('',(1.,0.,0.));
#1132=DIRECTION('',(0.,0.,1.));
#1133=DIRECTION('',(1.,0.,0.));
#1134=DIRECTION('',(3.73264356564994E-17,-0.13110378051957,-0.99136864925893));
#1135=DIRECTION('',(2.82251647906603E-16,-0.991368649258931,0.13110378051957));
#1136=DIRECTION('',(-3.73264356564994E-17,0.13110378051957,0.991368649258931));
#1137=DIRECTION('',(1.,2.84709071764163E-16,0.));
#1138=DIRECTION('',(0.,-0.13110378051957,-0.99136864925893));
#1139=DIRECTION('',(0.,0.,-1.));
#1140=DIRECTION('',(1.,0.,0.));
#1141=DIRECTION('',(0.,0.,1.));
#1142=DIRECTION('',(1.,0.,0.));
#1143=DIRECTION('',(0.13110378051957,0.,-0.99136864925893));
#1144=DIRECTION('',(0.991368649258931,0.,0.13110378051957));
#1145=DIRECTION('',(-0.13110378051957,0.,0.991368649258931));
#1146=DIRECTION('',(0.,1.,0.));
#1147=DIRECTION('',(0.13110378051957,-3.03238407808817E-16,-0.99136864925893));
#1148=DIRECTION('',(0.,0.,-1.));
#1149=DIRECTION('',(1.,0.,0.));
#1150=DIRECTION('',(0.,0.,1.));
#1151=DIRECTION('',(1.,0.,0.));
#1152=DIRECTION('',(0.12953905873478,0.0201948886758679,-0.99136864925893));
#1153=DIRECTION('',(0.979536678311141,0.152707873328955,0.13110378051957));
#1154=DIRECTION('',(-0.12953905873478,-0.0201948886758679,0.991368649258931));
#1155=DIRECTION('',(-0.154037424365909,0.988065014001972,7.00015590928064E-18));
#1156=DIRECTION('',(0.,0.,1.));
#1157=DIRECTION('',(1.,0.,0.));
#1158=DIRECTION('',(0.154037424365909,-0.988065014001972,0.));
#1159=DIRECTION('',(0.,0.,1.));
#1160=DIRECTION('',(1.,0.,0.));
#1161=DIRECTION('',(0.,-1.,0.));
#1162=DIRECTION('',(0.,0.,1.));
#1163=DIRECTION('',(1.,0.,0.));
#1164=DIRECTION('',(-1.,-2.84709071764163E-16,0.));
#1165=DIRECTION('',(0.,0.,1.));
#1166=DIRECTION('',(1.,0.,0.));
#1167=DIRECTION('',(0.,1.,0.));
#1168=DIRECTION('',(0.,0.,1.));
#1169=DIRECTION('',(1.,0.,0.));
#1170=DIRECTION('',(0.15403742497168,0.988065013907533,0.));
#1171=DIRECTION('',(0.,0.,1.));
#1172=DIRECTION('',(1.,0.,0.));
#1173=DIRECTION('',(1.,1.17448457087826E-16,0.));
#1174=DIRECTION('',(0.,0.,1.));
#1175=DIRECTION('',(1.,0.,0.));
#1176=DIRECTION('',(0.,0.,1.));
#1177=DIRECTION('',(1.,0.,0.));
#1178=DIRECTION('',(0.,0.,1.));
#1179=DIRECTION('',(1.,0.,0.));
#1180=DIRECTION('',(1.,1.17448457087826E-16,0.));
#1181=DIRECTION('',(0.,0.,1.));
#1182=DIRECTION('',(1.,0.,0.));
#1183=DIRECTION('',(-5.72594738322698E-16,1.,0.));
#1184=DIRECTION('',(-1.,-5.72594738322698E-16,0.));
#1185=DIRECTION('',(0.,0.,-1.));
#1186=DIRECTION('',(-1.,-1.24900090270316E-13,0.));
#1187=DIRECTION('',(1.24900090270316E-13,-1.,0.));
#1188=DIRECTION('',(0.,0.,-1.));
#1189=DIRECTION('',(1.2062662487331E-14,1.,0.));
#1190=DIRECTION('',(-1.,1.2062662487331E-14,0.));
#1191=DIRECTION('',(0.,0.,-1.));
#1192=DIRECTION('',(-1.,0.,0.));
#1193=DIRECTION('',(0.,0.,1.));
#1194=DIRECTION('',(0.,0.,-1.));
#1195=DIRECTION('',(1.,0.,0.));
#1196=DIRECTION('',(0.,0.,-1.));
#1197=DIRECTION('',(-1.,0.,0.));
#1198=DIRECTION('',(-0.131103770949532,5.00932744285897E-5,-0.99136864925893));
#1199=DIRECTION('',(-0.0793116786932046,0.104392810525387,-0.99136864925893));
#1200=DIRECTION('',(0.,0.,1.));
#1201=DIRECTION('',(1.,0.,0.));
#1202=DIRECTION('',(0.,0.,-1.));
#1203=DIRECTION('',(-1.,0.,0.));
#1204=DIRECTION('',(0.0793116787331871,0.104392810495011,-0.991368649258931));
#1205=DIRECTION('',(0.131103770949532,5.00932742553355E-5,-0.99136864925893));
#1206=DIRECTION('',(0.,0.,-1.));
#1207=DIRECTION('',(1.,0.,0.));
#1208=DIRECTION('',(0.,0.,-1.));
#1209=DIRECTION('',(-1.,0.,0.));
#1210=DIRECTION('',(1.,1.17448457087826E-16,0.));
#1211=DIRECTION('',(-1.17448457087826E-16,1.,0.));
#1212=DIRECTION('',(1.,0.,0.));
#1213=DIRECTION('',(0.,0.,-1.));
#1214=DIRECTION('',(-1.,0.,0.));
#1215=DIRECTION('',(0.,0.,1.));
#1216=DIRECTION('',(0.,0.,1.));
#1217=DIRECTION('',(1.,0.,0.));
#1218=DIRECTION('',(-0.154037424971675,-0.988065013907534,1.19917026665147E-14));
#1219=DIRECTION('',(0.988065013907534,-0.154037424971675,0.));
#1220=DIRECTION('',(0.,0.,1.));
#1221=DIRECTION('',(1.,0.,0.));
#1222=DIRECTION('',(0.000382088709090706,-0.999999927004107,0.));
#1223=DIRECTION('',(0.999999927004107,0.000382088709090706,0.));
#1224=DIRECTION('',(-0.15403742497168,-0.988065013907533,0.));
#1225=DIRECTION('',(0.988065013907533,-0.15403742497168,0.));
#1226=DIRECTION('',(-0.154037424971675,-0.988065013907534,9.14143773555598E-15));
#1227=DIRECTION('',(0.988065013907534,-0.154037424971675,0.));
#1228=DIRECTION('',(0.796260871207307,-0.604953407283719,0.));
#1229=DIRECTION('',(0.604953407283719,0.796260871207307,0.));
#1230=DIRECTION('',(0.,0.,1.));
#1231=DIRECTION('',(1.,0.,0.));
#1232=DIRECTION('',(1.05559240526729E-14,-1.,9.25185853854297E-15));
#1233=DIRECTION('',(1.,1.05559240526729E-14,0.));
#1234=DIRECTION('',(0.,0.,1.));
#1235=DIRECTION('',(1.,0.,0.));
#1236=DIRECTION('',(0.796260871438444,0.604953406979488,0.));
#1237=DIRECTION('',(-0.604953406979488,0.796260871438444,0.));
#1238=DIRECTION('',(0.,1.,0.));
#1239=DIRECTION('',(0.,0.,1.));
#1240=DIRECTION('',(-1.22351421153166E-15,-1.,-9.25185853854298E-15));
#1241=DIRECTION('',(0.,9.25185853854298E-15,-1.));
#1242=DIRECTION('',(0.000382088710863864,0.999999927004106,0.));
#1243=DIRECTION('',(-0.999999927004106,0.000382088710863864,0.));
#1244=DIRECTION('',(0.,0.,1.));
#1245=DIRECTION('',(1.,0.,0.));
#1246=DIRECTION('',(1.,0.,0.));
#1247=DIRECTION('',(0.,0.,-1.));
#1248=DIRECTION('',(0.,0.,1.));
#1249=DIRECTION('',(1.,0.,0.));
#1250=DIRECTION('',(1.,0.,0.));
#1251=DIRECTION('',(0.,0.,-1.));
#1252=DIRECTION('',(-1.,-2.84709071764163E-16,0.));
#1253=DIRECTION('',(2.84709071764163E-16,-1.,0.));
#1254=DIRECTION('',(1.,0.,0.));
#1255=DIRECTION('',(0.,0.,-1.));
#1256=DIRECTION('',(1.,1.17448457087826E-16,0.));
#1257=DIRECTION('',(-1.17448457087826E-16,1.,0.));
#1258=DIRECTION('',(1.,0.,0.));
#1259=DIRECTION('',(0.,0.,-1.));
#1260=DIRECTION('',(0.,0.,1.));
#1261=DIRECTION('',(1.,0.,0.));
#1262=DIRECTION('',(0.,1.,0.));
#1263=DIRECTION('',(0.,0.,1.));
#1264=DIRECTION('',(0.,0.,1.));
#1265=DIRECTION('',(1.,0.,0.));
#1266=DIRECTION('',(0.154037424365906,-0.988065014001972,0.));
#1267=DIRECTION('',(0.988065014001972,0.154037424365906,0.));
#1268=DIRECTION('',(0.,-1.,0.));
#1269=DIRECTION('',(0.,0.,-1.));
#1270=DIRECTION('',(0.,1.,0.));
#1271=DIRECTION('',(0.,0.,1.));
#1272=DIRECTION('',(0.154037424365909,-0.988065014001972,0.));
#1273=DIRECTION('',(0.988065014001972,0.154037424365909,0.));
#1274=DIRECTION('',(0.154037424365911,-0.988065014001972,0.));
#1275=DIRECTION('',(0.988065014001972,0.154037424365911,0.));
#1276=DIRECTION('',(0.,0.,1.));
#1277=DIRECTION('',(1.,0.,0.));
#1278=DIRECTION('',(0.,0.,1.));
#1279=DIRECTION('',(1.,0.,0.));
#1280=DIRECTION('',(0.,0.,1.));
#1281=DIRECTION('',(1.,0.,0.));
#1282=DIRECTION('',(0.,0.,1.));
#1283=DIRECTION('',(1.,0.,0.));
#1284=DIRECTION('',(0.,0.,1.));
#1285=DIRECTION('',(1.,0.,0.));
#1286=DIRECTION('',(0.,0.,1.));
#1287=DIRECTION('',(1.,0.,0.));
#1288=DIRECTION('',(0.,0.,1.));
#1289=DIRECTION('',(1.,0.,0.));
#1290=DIRECTION('',(0.,0.,1.));
#1291=DIRECTION('',(1.,0.,0.));
#1292=DIRECTION('',(0.,0.,1.));
#1293=DIRECTION('',(1.,0.,0.));
#1294=DIRECTION('',(0.,0.,1.));
#1295=DIRECTION('',(1.,0.,0.));
#1296=DIRECTION('',(0.,0.,1.));
#1297=DIRECTION('',(1.,0.,0.));
#1298=DIRECTION('',(0.,0.,1.));
#1299=DIRECTION('',(1.,0.,0.));
#1300=DIRECTION('',(0.,0.,1.));
#1301=DIRECTION('',(1.,0.,0.));
#1302=DIRECTION('',(0.,0.,1.));
#1303=DIRECTION('',(1.,0.,0.));
#1304=DIRECTION('',(0.,0.,1.));
#1305=DIRECTION('',(1.,0.,0.));
#1306=DIRECTION('',(0.,0.,1.));
#1307=DIRECTION('',(1.,0.,0.));
#1308=DIRECTION('',(0.,0.,1.));
#1309=DIRECTION('',(1.,0.,0.));
#1310=DIRECTION('',(0.,0.,1.));
#1311=DIRECTION('',(1.,0.,0.));
#1312=DIRECTION('',(0.,0.,1.));
#1313=DIRECTION('',(1.,0.,0.));
#1314=DIRECTION('',(0.,0.,1.));
#1315=DIRECTION('',(1.,0.,0.));
#1316=DIRECTION('',(0.,0.,1.));
#1317=DIRECTION('',(1.,0.,0.));
#1318=DIRECTION('',(0.,0.,1.));
#1319=DIRECTION('',(1.,0.,0.));
#1320=DIRECTION('',(0.,0.,1.));
#1321=DIRECTION('',(1.,0.,0.));
#1322=DIRECTION('',(0.,0.,1.));
#1323=DIRECTION('',(1.,0.,0.));
#1324=DIRECTION('',(0.,0.,1.));
#1325=DIRECTION('',(1.,0.,0.));
#1326=DIRECTION('',(0.,0.,1.));
#1327=DIRECTION('',(1.,0.,0.));
#1328=DIRECTION('',(0.,0.,1.));
#1329=DIRECTION('',(1.,0.,0.));
#1330=DIRECTION('',(0.,0.,1.));
#1331=DIRECTION('',(1.,0.,0.));
#1332=DIRECTION('',(0.,0.,1.));
#1333=DIRECTION('',(1.,0.,0.));
#1334=CARTESIAN_POINT('',(0.,0.,0.));
#1335=CARTESIAN_POINT('',(4.36104379765456E-18,-0.0371315546052124,0.));
#1336=CARTESIAN_POINT('',(0.0343469798875154,-0.0371315546052124,1.37740417649581E-19));
#1337=CARTESIAN_POINT('',(0.0343469798875154,-0.0396442140803066,0.019));
#1338=CARTESIAN_POINT('',(0.0343469798875154,-0.0373559292340101,0.00169665567077936));
#1339=CARTESIAN_POINT('',(4.3873962516165E-18,-0.0373559292340101,0.00169665567077936));
#1340=CARTESIAN_POINT('',(0.0343459209191444,-0.0373559292340099,0.00169665567077938));
#1341=CARTESIAN_POINT('',(0.0343459209191444,-0.0371315546052122,1.91645919854942E-17));
#1342=CARTESIAN_POINT('',(0.0343459209191444,-0.0396442140803065,0.019));
#1343=CARTESIAN_POINT('',(4.65615177619149E-18,-0.0396442140803066,0.019));
#1344=CARTESIAN_POINT('',(-0.054290210525354,-0.0517315546052122,0.019));
#1345=CARTESIAN_POINT('',(0.0285955070010782,-0.0517315546052121,0.003));
#1346=CARTESIAN_POINT('',(0.0293008158174403,-0.0517315546052121,0.00833333333327462));
#1347=CARTESIAN_POINT('',(0.0300061246333581,-0.0517315546052122,0.013666666666608));
#1348=CARTESIAN_POINT('',(0.0307114334488325,-0.0517315546052122,0.019));
#1349=CARTESIAN_POINT('',(0.0285955070010782,-0.0517315546052121,0.003));
#1350=CARTESIAN_POINT('',(0.0307114334488326,-0.0517315546052121,0.019));
#1351=CARTESIAN_POINT('',(-0.054290210525354,-0.0517315546052122,0.003));
#1352=CARTESIAN_POINT('',(0.036597289474646,-0.0517315546052121,0.003));
#1353=CARTESIAN_POINT('',(0.036597289474646,-0.0517315546052121,0.019));
#1354=CARTESIAN_POINT('',(0.036597289474646,-0.0517315546052121,0.019));
#1355=CARTESIAN_POINT('',(-0.054290210525354,-0.0517315546052122,0.019));
#1356=CARTESIAN_POINT('',(-0.0546902105253535,-0.0787065546052112,0.019));
#1357=CARTESIAN_POINT('',(0.0416846299995517,-0.110768895130118,0.019));
#1358=CARTESIAN_POINT('',(0.0438346299995516,-0.110768895130118,0.019));
#1359=CARTESIAN_POINT('',(0.0330518694570539,-0.0466442140803067,0.019));
#1360=CARTESIAN_POINT('',(0.0352018694570538,-0.0466442140803067,0.019));
#1361=CARTESIAN_POINT('',(-0.141598907375587,-0.0466442140803067,0.019));
#1362=CARTESIAN_POINT('',(-0.139448907375587,-0.0466442140803067,0.019));
#1363=CARTESIAN_POINT('',(-0.149489938974586,-0.0907688951301182,0.019));
#1364=CARTESIAN_POINT('',(-0.147339938974586,-0.0907688951301182,0.019));
#1365=CARTESIAN_POINT('',(0.0343459209191444,-0.0432712446052122,0.019));
#1366=CARTESIAN_POINT('',(0.0307188906589969,-0.0432698587577887,0.019));
#1367=CARTESIAN_POINT('',(0.0307188906589969,-0.0432698587577871,0.019));
#1368=CARTESIAN_POINT('',(0.0307178129522846,-0.0460904252811447,0.019));
#1369=CARTESIAN_POINT('',(0.030715920854237,-0.0489109910867888,0.019));
#1370=CARTESIAN_POINT('',(0.0307114334488325,-0.0517315546052121,0.019));
#1371=CARTESIAN_POINT('',(0.0365972894746461,-0.0519815546052121,0.019));
#1372=CARTESIAN_POINT('',(0.0365972894746532,-0.105919554605214,0.019));
#1373=CARTESIAN_POINT('',(-0.0542902105253504,-0.105919554605213,0.019));
#1374=CARTESIAN_POINT('',(-0.145177710525354,-0.105919554605212,0.019));
#1375=CARTESIAN_POINT('',(-0.145177710525354,-0.0788255546052123,0.019));
#1376=CARTESIAN_POINT('',(-0.145177710525354,-0.0517315546052123,0.019));
#1377=CARTESIAN_POINT('',(-0.054290210525354,-0.0517315546052122,0.019));
#1378=CARTESIAN_POINT('',(0.00800314632619771,-0.0517315546052121,0.019));
#1379=CARTESIAN_POINT('',(0.00799568911603372,-0.0432698587577933,0.019));
#1380=CARTESIAN_POINT('',(0.00799676682274258,-0.0460904252811468,0.019));
#1381=CARTESIAN_POINT('',(0.00799865892079637,-0.0489109910867929,0.019));
#1382=CARTESIAN_POINT('',(0.00800314632619771,-0.0517315546052121,0.019));
#1383=CARTESIAN_POINT('',(0.00799568911603373,-0.0432698587578012,0.019));
#1384=CARTESIAN_POINT('',(0.0043686588558863,-0.0432712446052122,0.019));
#1385=CARTESIAN_POINT('',(0.00436865885588629,-0.0396442140803066,0.019));
#1386=CARTESIAN_POINT('',(4.65615177619149E-18,-0.0396442140803066,0.019));
#1387=CARTESIAN_POINT('',(-0.142894017805245,-0.0396442140803066,0.019));
#1388=CARTESIAN_POINT('',(-0.142894017805245,-0.0451315546052124,0.019));
#1389=CARTESIAN_POINT('',(-0.148315866997302,-0.0442862988008132,0.019));
#1390=CARTESIAN_POINT('',(-0.13805636809887,0.0215227208165094,0.019));
#1391=CARTESIAN_POINT('',(-0.156578940314298,-0.0972893508407837,0.019));
#1392=CARTESIAN_POINT('',(-0.0997777103990549,-0.10614455274371,0.019));
#1393=CARTESIAN_POINT('',(-0.157265050923956,-0.10614455274371,0.019));
#1394=CARTESIAN_POINT('',(-0.157265050923956,0.,0.019));
#1395=CARTESIAN_POINT('',(-0.157265050923956,-0.112281554605212,0.019));
#1396=CARTESIAN_POINT('',(-0.15177771039905,-0.112281554605212,0.019));
#1397=CARTESIAN_POINT('',(-0.15177771039905,-0.117768895130118,0.019));
#1398=CARTESIAN_POINT('',(3.3529872815187E-17,-0.117768895130118,0.019));
#1399=CARTESIAN_POINT('',(0.0431972894746459,-0.117768895130118,0.019));
#1400=CARTESIAN_POINT('',(0.0431972894746459,-0.112281554605212,0.019));
#1401=CARTESIAN_POINT('',(0.0486846299995517,-0.112281554605212,0.019));
#1402=CARTESIAN_POINT('',(0.0486846299995517,0.,0.019));
#1403=CARTESIAN_POINT('',(0.0486846299995528,-0.105930419404332,0.019));
#1404=CARTESIAN_POINT('',(-0.00880271052535193,-0.105930419404332,0.019));
#1405=CARTESIAN_POINT('',(0.0479985193953231,-0.0970752175362294,0.019));
#1406=CARTESIAN_POINT('',(0.0320848831276204,0.00500197121446703,0.019));
#1407=CARTESIAN_POINT('',(0.0397688290800899,-0.0442862988041373,0.019));
#1408=CARTESIAN_POINT('',(0.0343469798875154,-0.0451315546052124,0.019));
#1409=CARTESIAN_POINT('',(-0.0546902105253535,-0.0787065546052112,0.003));
#1410=CARTESIAN_POINT('',(0.0285955070010782,-0.0517315546052121,0.003));
#1411=CARTESIAN_POINT('',(0.0285918602220414,-0.0540225826431219,0.003));
#1412=CARTESIAN_POINT('',(0.0285845285623524,-0.0574590975115108,0.003));
#1413=CARTESIAN_POINT('',(0.0285565221485937,-0.0620411566204206,0.003));
#1414=CARTESIAN_POINT('',(0.0285219711437495,-0.0649045463215502,0.003));
#1415=CARTESIAN_POINT('',(0.0284578611424875,-0.0671951018842014,0.003));
#1416=CARTESIAN_POINT('',(0.0283606534153033,-0.0689099482375096,0.003));
#1417=CARTESIAN_POINT('',(0.0281791273360645,-0.0703210138581102,0.003));
#1418=CARTESIAN_POINT('',(0.0277684949629619,-0.0714217355359995,0.003));
#1419=CARTESIAN_POINT('',(0.0271493279696442,-0.0723798266301282,0.003));
#1420=CARTESIAN_POINT('',(0.0261014763285693,-0.0733956307302268,0.003));
#1421=CARTESIAN_POINT('',(0.024765742438678,-0.0744997987407373,0.003));
#1422=CARTESIAN_POINT('',(0.0233975736138582,-0.0755709756333237,0.003));
#1423=CARTESIAN_POINT('',(0.022478016061048,-0.076273807655051,0.003));
#1424=CARTESIAN_POINT('',(0.0220171101326848,-0.076623977582866,0.003));
#1425=CARTESIAN_POINT('',(0.0220171101328076,-0.0766239775827727,0.003));
#1426=CARTESIAN_POINT('',(0.0193572898875153,-0.0731230289775558,0.003));
#1427=CARTESIAN_POINT('',(0.0166974696422246,-0.0766239775827739,0.003));
#1428=CARTESIAN_POINT('',(0.0101190727739522,-0.0517315546052121,0.003));
#1429=CARTESIAN_POINT('',(0.0101227195637961,-0.0540225894341661,0.003));
#1430=CARTESIAN_POINT('',(0.0101300512338247,-0.0574591144707247,0.003));
#1431=CARTESIAN_POINT('',(0.0101580578766635,-0.062041187210155,0.003));
#1432=CARTESIAN_POINT('',(0.0101926091895993,-0.0649045852733544,0.003));
#1433=CARTESIAN_POINT('',(0.0102567203554469,-0.0671951478543166,0.003));
#1434=CARTESIAN_POINT('',(0.0103539301614432,-0.0689099984582079,0.003));
#1435=CARTESIAN_POINT('',(0.0105354630721228,-0.0703210691297655,0.003));
#1436=CARTESIAN_POINT('',(0.0109461113026741,-0.0714217885499138,0.003));
#1437=CARTESIAN_POINT('',(0.01156529323718,-0.0723798732744189,0.003));
#1438=CARTESIAN_POINT('',(0.0126131533225457,-0.0733956740640851,0.003));
#1439=CARTESIAN_POINT('',(0.0139488965619744,-0.0744998460959389,0.003));
#1440=CARTESIAN_POINT('',(0.0153170562081871,-0.075571014016097,0.003));
#1441=CARTESIAN_POINT('',(0.0162365813159875,-0.0762738210280366,0.003));
#1442=CARTESIAN_POINT('',(0.0166974696423458,-0.076623977582866,0.003));
#1443=CARTESIAN_POINT('',(0.0101190727739522,-0.0517315546052121,0.003));
#1444=CARTESIAN_POINT('',(-0.054290210525354,-0.0517315546052122,0.003));
#1445=CARTESIAN_POINT('',(-0.145177710525354,-0.0517315546052123,0.003));
#1446=CARTESIAN_POINT('',(-0.145177710525354,-0.0788255546052123,0.003));
#1447=CARTESIAN_POINT('',(-0.145177710525354,-0.105919554605212,0.003));
#1448=CARTESIAN_POINT('',(-0.0542902105253504,-0.105919554605213,0.003));
#1449=CARTESIAN_POINT('',(0.0365972894746532,-0.105919554605214,0.003));
#1450=CARTESIAN_POINT('',(0.0365972894746461,-0.0519815546052121,0.003));
#1451=CARTESIAN_POINT('',(0.0343469798875154,-0.0451315546052124,0.));
#1452=CARTESIAN_POINT('',(0.0422514999995311,-0.0438992552102851,-2.25465788064638E-19));
#1453=CARTESIAN_POINT('',(0.0420298032787864,-0.0439338173001982,0.00169665567077936));
#1454=CARTESIAN_POINT('',(0.0343469798875154,-0.0451315546052124,0.00169665567077936));
#1455=CARTESIAN_POINT('',(4.36104379765456E-18,-0.0371315546052124,0.));
#1456=CARTESIAN_POINT('',(0.00436865885588629,-0.0371315546052124,1.32229190373183E-19));
#1457=CARTESIAN_POINT('',(0.00436865885588629,-0.0373559292340101,0.00169665567077933));
#1458=CARTESIAN_POINT('',(4.3873962516165E-18,-0.0373559292340101,0.00169665567077936));
#1459=CARTESIAN_POINT('',(-0.142894017805245,-0.0373559292340101,0.00169665567077936));
#1460=CARTESIAN_POINT('',(-0.142894017805245,-0.0371315546052124,9.01863152258551E-19));
#1461=CARTESIAN_POINT('',(-0.142894017805245,-0.0451315546052124,0.));
#1462=CARTESIAN_POINT('',(-0.142894017805245,-0.0451315546052124,0.00169665567077936));
#1463=CARTESIAN_POINT('',(-0.150576841195782,-0.043933817295488,0.00169665567077936));
#1464=CARTESIAN_POINT('',(-0.150798537916505,-0.043899255205439,2.29306988589215E-18));
#1465=CARTESIAN_POINT('',(-0.140539039018074,0.0219097644118836,0.));
#1466=CARTESIAN_POINT('',(-0.158839914512779,-0.0969368693354584,0.00169665567077936));
#1467=CARTESIAN_POINT('',(-0.158839914512779,-0.0969368693354584,0.00169665567077936));
#1468=CARTESIAN_POINT('',(-0.159061611233502,-0.0969023072454094,-1.8037263045171E-18));
#1469=CARTESIAN_POINT('',(-0.0997777103990549,-0.10614455274371,0.));
#1470=CARTESIAN_POINT('',(-0.0997777103990549,-0.10614455274371,0.00169665567077937));
#1471=CARTESIAN_POINT('',(-0.159553335770252,-0.10614455274371,0.00169665567077937));
#1472=CARTESIAN_POINT('',(-0.15977771039905,-0.10614455274371,1.0636340962592E-17));
#1473=CARTESIAN_POINT('',(-0.15977771039905,0.,0.));
#1474=CARTESIAN_POINT('',(-0.159553335770252,0.,0.00169665567077936));
#1475=CARTESIAN_POINT('',(-0.159553335770252,-0.112281554605212,0.00169665567077935));
#1476=CARTESIAN_POINT('',(-0.15977771039905,-0.112281554605212,-4.50931576129276E-18));
#1477=CARTESIAN_POINT('',(-0.15177771039905,-0.112281554605212,0.));
#1478=CARTESIAN_POINT('',(-0.15177771039905,-0.112281554605212,0.00169665567077936));
#1479=CARTESIAN_POINT('',(-0.15177771039905,-0.120057179976415,0.00169665567077936));
#1480=CARTESIAN_POINT('',(-0.15177771039905,-0.120281554605212,-1.36576593454997E-18));
#1481=CARTESIAN_POINT('',(3.42452497620005E-17,-0.120281554605212,0.));
#1482=CARTESIAN_POINT('',(3.41813682697081E-17,-0.120057179976415,0.00169665567077936));
#1483=CARTESIAN_POINT('',(0.0431972894746459,-0.120057179976415,0.00169665567077936));
#1484=CARTESIAN_POINT('',(0.0431972894746459,-0.120281554605212,3.60745260903421E-18));
#1485=CARTESIAN_POINT('',(0.0431972894746459,-0.112281554605212,0.));
#1486=CARTESIAN_POINT('',(0.0431972894746459,-0.112281554605212,0.00169665567077936));
#1487=CARTESIAN_POINT('',(0.0509729148458482,-0.112281554605212,0.00169665567077934));
#1488=CARTESIAN_POINT('',(0.0511972894746459,-0.112281554605212,-1.0636340962592E-17));
#1489=CARTESIAN_POINT('',(0.0511972894746459,0.,0.));
#1490=CARTESIAN_POINT('',(0.0509729148458482,0.,0.00169665567077936));
#1491=CARTESIAN_POINT('',(0.0509729148458493,-0.105930419404332,0.0016966556707795));
#1492=CARTESIAN_POINT('',(0.051197289474647,-0.105930419404332,0.));
#1493=CARTESIAN_POINT('',(-0.00880271052535193,-0.105930419404332,0.));
#1494=CARTESIAN_POINT('',(-0.00880271052535193,-0.105930419404332,0.00169665567077937));
#1495=CARTESIAN_POINT('',(0.0502594935940196,-0.0967227360322904,0.00169665567077936));
#1496=CARTESIAN_POINT('',(0.0504811903147642,-0.0966881739423773,1.1175985688387E-18));
#1497=CARTESIAN_POINT('',(0.0345675540470615,0.00538901480831914,0.));
#1498=CARTESIAN_POINT('',(0.0343458573263168,0.00535445271840609,0.00169665567077936));
#1499=CARTESIAN_POINT('',(-0.0546902105253535,-0.0787065546052112,0.));
#1500=CARTESIAN_POINT('',(0.0435579469080306,-0.0633898569129837,0.));
#1501=CARTESIAN_POINT('',(0.0405604982613197,-0.0441628791101917,0.));
#1502=CARTESIAN_POINT('',(0.0487901885765529,-0.0969517978422838,0.));
#1503=CARTESIAN_POINT('',(-0.00880271052535193,-0.105930419404332,0.));
#1504=CARTESIAN_POINT('',(0.0494858618719598,-0.105930419404332,0.));
#1505=CARTESIAN_POINT('',(0.0494858618719598,-0.0787065546052112,0.));
#1506=CARTESIAN_POINT('',(0.0494858618719599,-0.112281554605212,0.));
#1507=CARTESIAN_POINT('',(0.0431972894746459,-0.112281554605212,0.));
#1508=CARTESIAN_POINT('',(0.0431972894746459,-0.118570127002526,0.));
#1509=CARTESIAN_POINT('',(-0.0546902105253535,-0.118570127002526,0.));
#1510=CARTESIAN_POINT('',(-0.15177771039905,-0.118570127002526,0.));
#1511=CARTESIAN_POINT('',(-0.15177771039905,-0.112281554605212,0.));
#1512=CARTESIAN_POINT('',(-0.158066282796364,-0.112281554605212,0.));
#1513=CARTESIAN_POINT('',(-0.158066282796364,-0.0787065546052112,0.));
#1514=CARTESIAN_POINT('',(-0.158066282796364,-0.10614455274371,0.));
#1515=CARTESIAN_POINT('',(-0.0997777103990549,-0.10614455274371,0.));
#1516=CARTESIAN_POINT('',(-0.157370609495452,-0.0971659311463527,0.));
#1517=CARTESIAN_POINT('',(-0.149107536178456,-0.0441628791063822,0.));
#1518=CARTESIAN_POINT('',(-0.149107536178456,-0.0441628791063822,0.));
#1519=CARTESIAN_POINT('',(-0.142894017805245,-0.0451315546052124,0.));
#1520=CARTESIAN_POINT('',(-0.142894017805245,-0.0388429822078985,0.));
#1521=CARTESIAN_POINT('',(-0.0546902105253535,-0.0388429822078985,0.));
#1522=CARTESIAN_POINT('',(0.00436865885588629,-0.0388429822078983,0.));
#1523=CARTESIAN_POINT('',(0.0043686588558863,-0.0432712446052122,0.));
#1524=CARTESIAN_POINT('',(0.00879692092995524,-0.0432695526161493,0.));
#1525=CARTESIAN_POINT('',(0.00879692092995524,-0.0432695526161493,0.));
#1526=CARTESIAN_POINT('',(0.0087975138114736,-0.0448212380164272,0.));
#1527=CARTESIAN_POINT('',(0.0087992878855391,-0.0479246009701977,1.28247432372037E-18));
#1528=CARTESIAN_POINT('',(0.00880486694656017,-0.0525796839988691,-1.88657491905608E-18));
#1529=CARTESIAN_POINT('',(0.00881615351645045,-0.0572346109898204,1.05965492457354E-18));
#1530=CARTESIAN_POINT('',(0.00883531377246262,-0.0611141567157358,3.84976183034866E-19));
#1531=CARTESIAN_POINT('',(0.00886923149784848,-0.0642166042495444,-9.04888114377467E-19));
#1532=CARTESIAN_POINT('',(0.00891703924875883,-0.0665459448119907,9.54957134862874E-19));
#1533=CARTESIAN_POINT('',(0.00901499424033391,-0.0688628755576235,-3.12855211108819E-19));
#1534=CARTESIAN_POINT('',(0.00927251877015717,-0.0708096599732055,1.94910556125531E-19));
#1535=CARTESIAN_POINT('',(0.00987467803071166,-0.0722301886998473,-2.88267958804192E-19));
#1536=CARTESIAN_POINT('',(0.0107856653636251,-0.0735095961639561,1.53469719669962E-18));
#1537=CARTESIAN_POINT('',(0.012227172229592,-0.0748026567155393,6.39491093550427E-19));
#1538=CARTESIAN_POINT('',(0.0140503062002146,-0.0762573024658333,9.32467636399254E-19));
#1539=CARTESIAN_POINT('',(0.0152836880022451,-0.077200949141272,0.));
#1540=CARTESIAN_POINT('',(0.015902142300224,-0.0776708152973777,0.));
#1541=CARTESIAN_POINT('',(0.015902142300224,-0.0776708152973777,0.));
#1542=CARTESIAN_POINT('',(0.0193572898875153,-0.0731230289775558,0.));
#1543=CARTESIAN_POINT('',(0.0228124374744769,-0.0776708152976282,0.));
#1544=CARTESIAN_POINT('',(0.0228124374744769,-0.0776708152976282,0.));
#1545=CARTESIAN_POINT('',(0.0234344382246537,-0.0771982547502645,0.));
#1546=CARTESIAN_POINT('',(0.0246756925332834,-0.076247995183142,-3.19653969903149E-18));
#1547=CARTESIAN_POINT('',(0.0265051833813462,-0.0747900070645149,-5.21494516233221E-19));
#1548=CARTESIAN_POINT('',(0.0279649254816242,-0.0734706913567161,1.06257586647493E-18));
#1549=CARTESIAN_POINT('',(0.0288576571373512,-0.0721989053604475,-3.10938026339084E-18));
#1550=CARTESIAN_POINT('',(0.0294571743553204,-0.0707519389603571,2.46470954102022E-19));
#1551=CARTESIAN_POINT('',(0.0297002940911337,-0.0688235369574878,3.18236660209941E-19));
#1552=CARTESIAN_POINT('',(0.0297991491105832,-0.0665059021035641,-1.5050644537202E-18));
#1553=CARTESIAN_POINT('',(0.0298456953630787,-0.0641817288769439,1.79889333372304E-18));
#1554=CARTESIAN_POINT('',(0.0298795319884517,-0.0610840702511684,-2.98280585820656E-18));
#1555=CARTESIAN_POINT('',(0.0298984723008157,-0.0572112396286044,-1.66485304949529E-18));
#1556=CARTESIAN_POINT('',(0.0299097428476312,-0.0525640569748561,-3.10461745189607E-18));
#1557=CARTESIAN_POINT('',(0.0299152947790633,-0.0479167968086668,2.37393939423614E-18));
#1558=CARTESIAN_POINT('',(0.0299170669580231,-0.0448186353097603,0.));
#1559=CARTESIAN_POINT('',(0.0299176588450754,-0.0432695526161363,0.));
#1560=CARTESIAN_POINT('',(0.0299176588450754,-0.0432695526161363,0.));
#1561=CARTESIAN_POINT('',(0.0343459209191444,-0.0432712446052122,0.));
#1562=CARTESIAN_POINT('',(0.0343459209191444,-0.0388429822078985,0.));
#1563=CARTESIAN_POINT('',(-0.0546902105253535,-0.0388429822078985,0.));
#1564=CARTESIAN_POINT('',(0.0343469798875154,-0.0388429822078985,0.));
#1565=CARTESIAN_POINT('',(0.0343469798875154,-0.0451315546052124,0.));
#1566=CARTESIAN_POINT('',(-0.054290210525354,-0.0517315546052122,0.019));
#1567=CARTESIAN_POINT('',(0.0101190727739522,-0.0517315546052121,0.003));
#1568=CARTESIAN_POINT('',(0.00941376395759005,-0.0517315546052121,0.00833333333327462));
#1569=CARTESIAN_POINT('',(0.00870845514167218,-0.0517315546052122,0.013666666666608));
#1570=CARTESIAN_POINT('',(0.00800314632619771,-0.0517315546052122,0.019));
#1571=CARTESIAN_POINT('',(-0.145177710525354,-0.0517315546052123,0.019));
#1572=CARTESIAN_POINT('',(0.0365972894746461,-0.0519815546052121,0.019));
#1573=CARTESIAN_POINT('',(0.0365972894746532,-0.105919554605214,0.019));
#1574=CARTESIAN_POINT('',(-0.0542902105253504,-0.105919554605213,0.019));
#1575=CARTESIAN_POINT('',(-0.145177710525354,-0.105919554605212,0.019));
#1576=CARTESIAN_POINT('',(-0.145177710525354,-0.0788255546052123,0.019));
#1577=CARTESIAN_POINT('',(0.0343459209191444,-0.0432712446052122,0.));
#1578=CARTESIAN_POINT('',(0.0343459209191444,-0.0432712446052122,0.00169665567077936));
#1579=CARTESIAN_POINT('',(0.0284306059797358,-0.0432689844299828,0.00169665567077936));
#1580=CARTESIAN_POINT('',(0.0282062313673165,-0.0432688986989702,-3.6194807508407E-18));
#1581=CARTESIAN_POINT('',(0.0219128397114415,-0.0764867332008579,0.00169665567077936));
#1582=CARTESIAN_POINT('',(0.0223551838622113,-0.0761506654486059,0.00169665567077936));
#1583=CARTESIAN_POINT('',(0.0227169654550971,-0.0758737898348737,0.00169665567077936));
#1584=CARTESIAN_POINT('',(0.0233428468562993,-0.0753917498789346,0.00169665567077936));
#1585=CARTESIAN_POINT('',(0.0236068248963389,-0.0751866585134078,0.00169665567077936));
#1586=CARTESIAN_POINT('',(0.024072469028811,-0.0748220685524026,0.00169665567077935));
#1587=CARTESIAN_POINT('',(0.0242737868311771,-0.0746628266513079,0.00169665567077935));
#1588=CARTESIAN_POINT('',(0.0246338636330833,-0.0743753585147566,0.00169665567077935));
#1589=CARTESIAN_POINT('',(0.0247924635048991,-0.0742472495601377,0.00169665567077935));
#1590=CARTESIAN_POINT('',(0.0252227981867543,-0.0738958738795701,0.00169665567077935));
#1591=CARTESIAN_POINT('',(0.0254501113000277,-0.0737047904410263,0.00169665567077935));
#1592=CARTESIAN_POINT('',(0.0258396605204884,-0.0733689142024091,0.00169665567077935));
#1593=CARTESIAN_POINT('',(0.0260010760072256,-0.0732247261775234,0.00169665567077935));
#1594=CARTESIAN_POINT('',(0.0262835250444444,-0.072964220663029,0.00169665567077935));
#1595=CARTESIAN_POINT('',(0.0264042564768361,-0.0728481256771665,0.00169665567077935));
#1596=CARTESIAN_POINT('',(0.0266190261020847,-0.0726334695701597,0.00169665567077935));
#1597=CARTESIAN_POINT('',(0.0267129355629463,-0.0725350030439345,0.00169665567077935));
#1598=CARTESIAN_POINT('',(0.0269668105315199,-0.0722565183745986,0.00169665567077935));
#1599=CARTESIAN_POINT('',(0.0270996190947645,-0.0720929029962975,0.00169665567077935));
#1600=CARTESIAN_POINT('',(0.0273263520404876,-0.071782427904905,0.00169665567077935));
#1601=CARTESIAN_POINT('',(0.0274196748377702,-0.0716360171793652,0.00169665567077935));
#1602=CARTESIAN_POINT('',(0.0275817818093179,-0.0713470189834544,0.00169665567077935));
#1603=CARTESIAN_POINT('',(0.0276503580805163,-0.0712046151414459,0.00169665567077935));
#1604=CARTESIAN_POINT('',(0.0277709414852969,-0.0709147942589584,0.00169665567077935));
#1605=CARTESIAN_POINT('',(0.027822875093847,-0.0707674716838274,0.00169665567077935));
#1606=CARTESIAN_POINT('',(0.0279152068312845,-0.0704594145987018,0.00169665567077935));
#1607=CARTESIAN_POINT('',(0.0279555762100213,-0.0702987477061608,0.00169665567077935));
#1608=CARTESIAN_POINT('',(0.0280281300217717,-0.0699538327412322,0.00169665567077935));
#1609=CARTESIAN_POINT('',(0.0280602987857836,-0.0697696734902742,0.00169665567077935));
#1610=CARTESIAN_POINT('',(0.0281186924536109,-0.0693636765094385,0.00169665567077935));
#1611=CARTESIAN_POINT('',(0.0281449069921988,-0.069142006131388,0.00169665567077935));
#1612=CARTESIAN_POINT('',(0.0281928930424807,-0.0686393759751758,0.00169665567077935));
#1613=CARTESIAN_POINT('',(0.0282146578532877,-0.0683587812220047,0.00169665567077935));
#1614=CARTESIAN_POINT('',(0.0282547558482907,-0.067701782906974,0.00169665567077935));
#1615=CARTESIAN_POINT('',(0.0282730852794542,-0.0673262864713259,0.00169665567077935));
#1616=CARTESIAN_POINT('',(0.0282985129819628,-0.066639643307454,0.00169665567077935));
#1617=CARTESIAN_POINT('',(0.0283066421974396,-0.0663898803128937,0.00169665567077935));
#1618=CARTESIAN_POINT('',(0.0283222670788254,-0.0658332859253919,0.00169665567077935));
#1619=CARTESIAN_POINT('',(0.0283297627922308,-0.0655266004144379,0.00169665567077935));
#1620=CARTESIAN_POINT('',(0.0283441636128708,-0.0648329811382479,0.00169665567077935));
#1621=CARTESIAN_POINT('',(0.0283510688965594,-0.0644463366576964,0.00169665567077935));
#1622=CARTESIAN_POINT('',(0.0283643118937986,-0.0635554314612813,0.00169665567077935));
#1623=CARTESIAN_POINT('',(0.0283706500654175,-0.0630517981051795,0.00169665567077935));
#1624=CARTESIAN_POINT('',(0.0283797274270764,-0.0621598854696056,0.00169665567077935));
#1625=CARTESIAN_POINT('',(0.0283826813053078,-0.0618395770884947,0.00169665567077935));
#1626=CARTESIAN_POINT('',(0.0283884400612571,-0.0611400102577078,0.00169665567077935));
#1627=CARTESIAN_POINT('',(0.0283912449983626,-0.0607608272631061,0.00169665567077935));
#1628=CARTESIAN_POINT('',(0.0283966962357722,-0.0599254284022555,0.00169665567077935));
#1629=CARTESIAN_POINT('',(0.0283993426387067,-0.0594693419213308,0.00169665567077935));
#1630=CARTESIAN_POINT('',(0.0284044603074421,-0.0584538620236103,0.00169665567077935));
#1631=CARTESIAN_POINT('',(0.0284069317597461,-0.0578947027057775,0.00169665567077935));
#1632=CARTESIAN_POINT('',(0.0284116720181524,-0.0566334002278595,0.00169665567077935));
#1633=CARTESIAN_POINT('',(0.0284139411854273,-0.0559317093648216,0.00169665567077935));
#1634=CARTESIAN_POINT('',(0.0284182305790187,-0.0543225159531277,0.00169665567077935));
#1635=CARTESIAN_POINT('',(0.0284202515637606,-0.0534159621043479,0.00169665567077935));
#1636=CARTESIAN_POINT('',(0.0284230357542232,-0.0518225584179435,0.00169665567077935));
#1637=CARTESIAN_POINT('',(0.0284239222724789,-0.0512520838922427,0.00169665567077935));
#1638=CARTESIAN_POINT('',(0.0284255960701836,-0.0500117156380079,0.00169665567077935));
#1639=CARTESIAN_POINT('',(0.0284263834349865,-0.0493419285990972,0.00169665567077935));
#1640=CARTESIAN_POINT('',(0.0284278365921317,-0.0478744824136319,0.00169665567077935));
#1641=CARTESIAN_POINT('',(0.0284285025262651,-0.0470770005026564,0.00169665567077935));
#1642=CARTESIAN_POINT('',(0.0284296809023815,-0.0453137472221828,0.00169665567077935));
#1643=CARTESIAN_POINT('',(0.0284301937373599,-0.0443479023208041,0.00169665567077935));
#1644=CARTESIAN_POINT('',(0.0284306059797358,-0.0432689844299825,0.00169665567077935));
#1645=CARTESIAN_POINT('',(0.0232971454253471,-0.0783088048866701,0.019));
#1646=CARTESIAN_POINT('',(0.0237430766331827,-0.0779700118938995,0.019));
#1647=CARTESIAN_POINT('',(0.0241088410154867,-0.0776900939757234,0.019));
#1648=CARTESIAN_POINT('',(0.0247435118585572,-0.0772012845868385,0.019));
#1649=CARTESIAN_POINT('',(0.025012296642779,-0.0769924660500008,0.019));
#1650=CARTESIAN_POINT('',(0.0254884042877319,-0.0766196833698034,0.019));
#1651=CARTESIAN_POINT('',(0.0256953789188546,-0.0764559758963159,0.019));
#1652=CARTESIAN_POINT('',(0.0260676371211155,-0.0761587827109368,0.019));
#1653=CARTESIAN_POINT('',(0.0262327616283834,-0.0760254142440499,0.019));
#1654=CARTESIAN_POINT('',(0.0266839830450564,-0.075656984184561,0.019));
#1655=CARTESIAN_POINT('',(0.0269269783267534,-0.0754528289757176,0.019));
#1656=CARTESIAN_POINT('',(0.0273513129521065,-0.0750869601442219,0.019));
#1657=CARTESIAN_POINT('',(0.027531833374725,-0.0749258487815668,0.019));
#1658=CARTESIAN_POINT('',(0.0278555701614785,-0.0746272631698465,0.019));
#1659=CARTESIAN_POINT('',(0.0279984850180898,-0.0744900081171497,0.019));
#1660=CARTESIAN_POINT('',(0.0282600654785952,-0.0742285659146986,0.019));
#1661=CARTESIAN_POINT('',(0.0283786010651391,-0.0741044699131338,0.019));
#1662=CARTESIAN_POINT('',(0.0287086442919803,-0.0737424335103619,0.019));
#1663=CARTESIAN_POINT('',(0.0288953093722073,-0.0735140304496899,0.019));
#1664=CARTESIAN_POINT('',(0.0292266092918929,-0.073060367330114,0.019));
#1665=CARTESIAN_POINT('',(0.0293704618285233,-0.0728356528616298,0.019));
#1666=CARTESIAN_POINT('',(0.0296225005861002,-0.0723863276638066,0.019));
#1667=CARTESIAN_POINT('',(0.0297304303897647,-0.0721620952981435,0.019));
#1668=CARTESIAN_POINT('',(0.0299163018683108,-0.0717153552605738,0.019));
#1669=CARTESIAN_POINT('',(0.029994266535226,-0.0714930283677836,0.019));
#1670=CARTESIAN_POINT('',(0.0301277084466301,-0.0710478106606097,0.019));
#1671=CARTESIAN_POINT('',(0.030183252459999,-0.070824944552262,0.019));
#1672=CARTESIAN_POINT('',(0.030279011700558,-0.0703697128717452,0.019));
#1673=CARTESIAN_POINT('',(0.0303192464566418,-0.0701373649168001,0.019));
#1674=CARTESIAN_POINT('',(0.0303896999738107,-0.0696475187490944,0.019));
#1675=CARTESIAN_POINT('',(0.0304199069726798,-0.0693901419220187,0.019));
#1676=CARTESIAN_POINT('',(0.0304737476765435,-0.068826187172467,0.019));
#1677=CARTESIAN_POINT('',(0.0304973638218135,-0.0685199546342562,0.019));
#1678=CARTESIAN_POINT('',(0.0305401196357447,-0.0678194084467727,0.019));
#1679=CARTESIAN_POINT('',(0.0305592461578075,-0.0674259968106512,0.019));
#1680=CARTESIAN_POINT('',(0.0305855086802776,-0.0667168103840324,0.019));
#1681=CARTESIAN_POINT('',(0.0305938528490958,-0.0664602579856962,0.019));
#1682=CARTESIAN_POINT('',(0.0306098238934864,-0.0658913324726048,0.019));
#1683=CARTESIAN_POINT('',(0.0306174506743495,-0.0655791053054336,0.019));
#1684=CARTESIAN_POINT('',(0.0306320593666321,-0.0648754738379009,0.019));
#1685=CARTESIAN_POINT('',(0.030639041348715,-0.0644843589034996,0.019));
#1686=CARTESIAN_POINT('',(0.0306524036033167,-0.0635854308253369,0.019));
#1687=CARTESIAN_POINT('',(0.0306587842563611,-0.0630782451265101,0.019));
#1688=CARTESIAN_POINT('',(0.0306679098499633,-0.062181593373962,0.019));
#1689=CARTESIAN_POINT('',(0.0306708771789361,-0.0618598036754897,0.019));
#1690=CARTESIAN_POINT('',(0.0306766588248032,-0.0611574562047085,0.019));
#1691=CARTESIAN_POINT('',(0.0306794731996008,-0.0607769738899765,0.019));
#1692=CARTESIAN_POINT('',(0.0306849402957912,-0.0599391446805245,0.019));
#1693=CARTESIAN_POINT('',(0.0306875931185589,-0.0594819271735164,0.019));
#1694=CARTESIAN_POINT('',(0.0306927214031417,-0.0584643408127421,0.019));
#1695=CARTESIAN_POINT('',(0.0306951970504011,-0.0579042060602063,0.019));
#1696=CARTESIAN_POINT('',(0.0306999441001149,-0.056641096530318,0.019));
#1697=CARTESIAN_POINT('',(0.0307022158628493,-0.0559385740521528,0.019));
#1698=CARTESIAN_POINT('',(0.0307065093355923,-0.0543278503208492,0.019));
#1699=CARTESIAN_POINT('',(0.0307085318032753,-0.0534205977695925,0.019));
#1700=CARTESIAN_POINT('',(0.0307113176640878,-0.0518262381343438,0.019));
#1701=CARTESIAN_POINT('',(0.0307122046459645,-0.0512554603159264,0.019));
#1702=CARTESIAN_POINT('',(0.0307138792223809,-0.050014514997108,0.019));
#1703=CARTESIAN_POINT('',(0.0307146669022574,-0.0493444541863941,0.019));
#1704=CARTESIAN_POINT('',(0.0307161205735174,-0.0478764888301345,0.019));
#1705=CARTESIAN_POINT('',(0.0307167867066766,-0.047078761520228,0.019));
#1706=CARTESIAN_POINT('',(0.0307179653925689,-0.0453150447097714,0.019));
#1707=CARTESIAN_POINT('',(0.0307184783382787,-0.044348981678031,0.019));
#1708=CARTESIAN_POINT('',(0.0307188906589969,-0.0432698587577855,0.019));
#1709=CARTESIAN_POINT('',(0.0284306059797358,-0.0432689844299825,0.00169665567077936));
#1710=CARTESIAN_POINT('',(0.028429781494984,-0.0454268202116226,0.00169665567077936));
#1711=CARTESIAN_POINT('',(0.02842734830237,-0.0488583924494821,0.00169665567077936));
#1712=CARTESIAN_POINT('',(0.0284205756066547,-0.0537200413802142,0.00169665567077936));
#1713=CARTESIAN_POINT('',(0.0284096933892927,-0.0575330600317039,0.00169665567077936));
#1714=CARTESIAN_POINT('',(0.0283942857263979,-0.0604946310241147,0.00169665567077936));
#1715=CARTESIAN_POINT('',(0.0283769874075201,-0.062547182867858,0.00169665567077936));
#1716=CARTESIAN_POINT('',(0.0283579744826628,-0.0640597755931736,0.00169665567077936));
#1717=CARTESIAN_POINT('',(0.0283303512163172,-0.06560543362404,0.00169665567077936));
#1718=CARTESIAN_POINT('',(0.0282914146780956,-0.0669490810627803,0.00169665567077936));
#1719=CARTESIAN_POINT('',(0.0282364252504175,-0.0680781177850073,0.00169665567077936));
#1720=CARTESIAN_POINT('',(0.0281711254249721,-0.0689201401840837,0.00169665567077936));
#1721=CARTESIAN_POINT('',(0.0280924731537363,-0.0695854677983102,0.00169665567077936));
#1722=CARTESIAN_POINT('',(0.0279959556782715,-0.0701380386217766,0.00169665567077936));
#1723=CARTESIAN_POINT('',(0.0278748228285645,-0.0706201190567266,0.00169665567077936));
#1724=CARTESIAN_POINT('',(0.027718998782876,-0.0710621439988684,0.00169665567077936));
#1725=CARTESIAN_POINT('',(0.027513080737387,-0.0714895331489748,0.00169665567077936));
#1726=CARTESIAN_POINT('',(0.0272330482088632,-0.0719288318936498,0.00169665567077936));
#1727=CARTESIAN_POINT('',(0.0268326398329517,-0.0724211319799851,0.00169665567077936));
#1728=CARTESIAN_POINT('',(0.0263235697840019,-0.0729365962560662,0.00169665567077936));
#1729=CARTESIAN_POINT('',(0.0256779479997628,-0.073513320603865,0.00169665567077935));
#1730=CARTESIAN_POINT('',(0.024995359124702,-0.0740870541717036,0.00169665567077936));
#1731=CARTESIAN_POINT('',(0.0239560658947581,-0.074919208708829,0.00169665567077936));
#1732=CARTESIAN_POINT('',(0.0227975280129799,-0.0758145976963548,0.00169665567077936));
#1733=CARTESIAN_POINT('',(0.0219128397114415,-0.0764867332008579,0.00169665567077936));
#1734=CARTESIAN_POINT('',(0.0219128397115641,-0.0764867332007647,0.00169665567077936));
#1735=CARTESIAN_POINT('',(0.0217771035154332,-0.0763080724633096,-3.38198682096957E-19));
#1736=CARTESIAN_POINT('',(0.0193572898875153,-0.0731230289775558,0.));
#1737=CARTESIAN_POINT('',(0.0193572898875153,-0.0731230289775558,0.00169665567077934));
#1738=CARTESIAN_POINT('',(0.0168017400635206,-0.0764867332008058,0.00169665567077936));
#1739=CARTESIAN_POINT('',(0.01693747625972,-0.0763080724634027,-2.10175475761761E-18));
#1740=CARTESIAN_POINT('',(0.0168017400635891,-0.0764867332008579,0.00169665567077935));
#1741=CARTESIAN_POINT('',(0.016359395912824,-0.0761506654486002,0.00169665567077935));
#1742=CARTESIAN_POINT('',(0.0159976143199328,-0.0758737898348739,0.00169665567077935));
#1743=CARTESIAN_POINT('',(0.0153717329187319,-0.0753917498789343,0.00169665567077935));
#1744=CARTESIAN_POINT('',(0.0151077548786926,-0.0751866585134097,0.00169665567077935));
#1745=CARTESIAN_POINT('',(0.0146421107462188,-0.0748220685524008,0.00169665567077935));
#1746=CARTESIAN_POINT('',(0.0144407929438532,-0.0746628266513095,0.00169665567077935));
#1747=CARTESIAN_POINT('',(0.0140807161419476,-0.074375358514755,0.00169665567077935));
#1748=CARTESIAN_POINT('',(0.0139221162701314,-0.0742472495601364,0.00169665567077935));
#1749=CARTESIAN_POINT('',(0.0134917815882766,-0.0738958738795727,0.00169665567077935));
#1750=CARTESIAN_POINT('',(0.0132644684750031,-0.0737047904410244,0.00169665567077935));
#1751=CARTESIAN_POINT('',(0.012874919254542,-0.0733689142024109,0.00169665567077935));
#1752=CARTESIAN_POINT('',(0.0127135037678061,-0.0732247261775247,0.00169665567077935));
#1753=CARTESIAN_POINT('',(0.0124310547305851,-0.0729642206630276,0.00169665567077935));
#1754=CARTESIAN_POINT('',(0.0123103232981943,-0.0728481256771664,0.00169665567077935));
#1755=CARTESIAN_POINT('',(0.0120955536729462,-0.0726334695701597,0.00169665567077935));
#1756=CARTESIAN_POINT('',(0.0120016442120846,-0.0725350030439353,0.00169665567077935));
#1757=CARTESIAN_POINT('',(0.0117477692435102,-0.0722565183745969,0.00169665567077935));
#1758=CARTESIAN_POINT('',(0.0116149606802662,-0.0720929029962974,0.00169665567077935));
#1759=CARTESIAN_POINT('',(0.0113882277345429,-0.0717824279049051,0.00169665567077935));
#1760=CARTESIAN_POINT('',(0.0112949049372608,-0.0716360171793641,0.00169665567077935));
#1761=CARTESIAN_POINT('',(0.0111327979657124,-0.0713470189834554,0.00169665567077935));
#1762=CARTESIAN_POINT('',(0.0110642216945149,-0.071204615141445,0.00169665567077935));
#1763=CARTESIAN_POINT('',(0.0109436382897331,-0.0709147942589592,0.00169665567077935));
#1764=CARTESIAN_POINT('',(0.0108917046811839,-0.0707674716838263,0.00169665567077935));
#1765=CARTESIAN_POINT('',(0.0107993729437459,-0.070459414598703,0.00169665567077935));
#1766=CARTESIAN_POINT('',(0.0107590035650092,-0.0702987477061608,0.00169665567077935));
#1767=CARTESIAN_POINT('',(0.010686449753259,-0.0699538327412322,0.00169665567077935));
#1768=CARTESIAN_POINT('',(0.0106542809892463,-0.0697696734902726,0.00169665567077935));
#1769=CARTESIAN_POINT('',(0.0105958873214205,-0.0693636765094401,0.00169665567077935));
#1770=CARTESIAN_POINT('',(0.0105696727828322,-0.0691420061313882,0.00169665567077935));
#1771=CARTESIAN_POINT('',(0.0105216867325495,-0.0686393759751756,0.00169665567077935));
#1772=CARTESIAN_POINT('',(0.0104999219217422,-0.0683587812220092,0.00169665567077935));
#1773=CARTESIAN_POINT('',(0.0104598239267407,-0.0677017829069695,0.00169665567077935));
#1774=CARTESIAN_POINT('',(0.0104414944955753,-0.0673262864713262,0.00169665567077935));
#1775=CARTESIAN_POINT('',(0.0104160667930685,-0.0666396433074539,0.00169665567077935));
#1776=CARTESIAN_POINT('',(0.010407937577592,-0.0663898803128936,0.00169665567077935));
#1777=CARTESIAN_POINT('',(0.0103923126962043,-0.0658332859253919,0.00169665567077935));
#1778=CARTESIAN_POINT('',(0.0103848169827983,-0.0655266004144405,0.00169665567077935));
#1779=CARTESIAN_POINT('',(0.0103704161621614,-0.0648329811382453,0.00169665567077935));
#1780=CARTESIAN_POINT('',(0.0103635108784732,-0.0644463366576933,0.00169665567077935));
#1781=CARTESIAN_POINT('',(0.0103502678812301,-0.0635554314612844,0.00169665567077935));
#1782=CARTESIAN_POINT('',(0.0103439297096142,-0.0630517981051752,0.00169665567077935));
#1783=CARTESIAN_POINT('',(0.0103348523479537,-0.0621598854696077,0.00169665567077935));
#1784=CARTESIAN_POINT('',(0.010331898469725,-0.0618395770884983,0.00169665567077935));
#1785=CARTESIAN_POINT('',(0.0103261397137714,-0.0611400102577042,0.00169665567077935));
#1786=CARTESIAN_POINT('',(0.010323334776667,-0.0607608272631061,0.00169665567077935));
#1787=CARTESIAN_POINT('',(0.0103178835392596,-0.0599254284022555,0.00169665567077935));
#1788=CARTESIAN_POINT('',(0.0103152371363222,-0.0594693419213308,0.00169665567077935));
#1789=CARTESIAN_POINT('',(0.0103101194675903,-0.0584538620236103,0.00169665567077935));
#1790=CARTESIAN_POINT('',(0.0103076480152851,-0.0578947027057731,0.00169665567077935));
#1791=CARTESIAN_POINT('',(0.0103029077568777,-0.0566334002278639,0.00169665567077935));
#1792=CARTESIAN_POINT('',(0.0103006385896012,-0.0559317093648245,0.00169665567077935));
#1793=CARTESIAN_POINT('',(0.0102963491960141,-0.0543225159531247,0.00169665567077935));
#1794=CARTESIAN_POINT('',(0.0102943282112728,-0.0534159621043479,0.00169665567077935));
#1795=CARTESIAN_POINT('',(0.010291544020806,-0.0518225584179435,0.00169665567077935));
#1796=CARTESIAN_POINT('',(0.0102906575025533,-0.0512520838922404,0.00169665567077935));
#1797=CARTESIAN_POINT('',(0.0102889837048454,-0.0500117156380102,0.00169665567077935));
#1798=CARTESIAN_POINT('',(0.0102881963400423,-0.0493419285990998,0.00169665567077935));
#1799=CARTESIAN_POINT('',(0.0102867431829008,-0.0478744824136293,0.00169665567077935));
#1800=CARTESIAN_POINT('',(0.0102860772487694,-0.0470770005026564,0.00169665567077935));
#1801=CARTESIAN_POINT('',(0.0102848988726453,-0.0453137472221828,0.00169665567077935));
#1802=CARTESIAN_POINT('',(0.0102843860376716,-0.0443479023208041,0.00169665567077935));
#1803=CARTESIAN_POINT('',(0.0102839737952949,-0.0432689844299825,0.00169665567077935));
#1804=CARTESIAN_POINT('',(0.0154174343496835,-0.0783088048866701,0.019));
#1805=CARTESIAN_POINT('',(0.014971503141851,-0.0779700118938937,0.019));
#1806=CARTESIAN_POINT('',(0.0146057387595439,-0.0776900939757257,0.019));
#1807=CARTESIAN_POINT('',(0.0139710679164735,-0.0772012845868361,0.019));
#1808=CARTESIAN_POINT('',(0.0137022831322509,-0.0769924660500011,0.019));
#1809=CARTESIAN_POINT('',(0.0132261754872994,-0.076619683369803,0.019));
#1810=CARTESIAN_POINT('',(0.0130192008561759,-0.0764559758963175,0.019));
#1811=CARTESIAN_POINT('',(0.0126469426539152,-0.0761587827109352,0.019));
#1812=CARTESIAN_POINT('',(0.0124818181466473,-0.0760254142440486,0.019));
#1813=CARTESIAN_POINT('',(0.012030596729974,-0.0756569841845636,0.019));
#1814=CARTESIAN_POINT('',(0.0117876014482769,-0.0754528289757158,0.019));
#1815=CARTESIAN_POINT('',(0.0113632668229244,-0.0750869601442236,0.019));
#1816=CARTESIAN_POINT('',(0.0111827464003065,-0.0749258487815681,0.019));
#1817=CARTESIAN_POINT('',(0.0108590096135513,-0.0746272631698452,0.019));
#1818=CARTESIAN_POINT('',(0.0107160947569403,-0.0744900081171488,0.019));
#1819=CARTESIAN_POINT('',(0.0104545142964359,-0.0742285659146995,0.019));
#1820=CARTESIAN_POINT('',(0.0103359787098922,-0.0741044699131347,0.019));
#1821=CARTESIAN_POINT('',(0.010005935483049,-0.0737424335103602,0.019));
#1822=CARTESIAN_POINT('',(0.00981927040282323,-0.0735140304496888,0.019));
#1823=CARTESIAN_POINT('',(0.00948797048313785,-0.0730603673301151,0.019));
#1824=CARTESIAN_POINT('',(0.00934411794650799,-0.0728356528616296,0.019));
#1825=CARTESIAN_POINT('',(0.00909207918892983,-0.0723863276638068,0.019));
#1826=CARTESIAN_POINT('',(0.00898414938526697,-0.0721620952981442,0.019));
#1827=CARTESIAN_POINT('',(0.00879827790671877,-0.0717153552605731,0.019));
#1828=CARTESIAN_POINT('',(0.00872031323980494,-0.0714930283677816,0.019));
#1829=CARTESIAN_POINT('',(0.00858687132840026,-0.0710478106606117,0.019));
#1830=CARTESIAN_POINT('',(0.00853132731503158,-0.070824944552262,0.019));
#1831=CARTESIAN_POINT('',(0.00843556807447265,-0.0703697128717452,0.019));
#1832=CARTESIAN_POINT('',(0.00839533331838786,-0.0701373649167975,0.019));
#1833=CARTESIAN_POINT('',(0.00832487980122093,-0.0696475187490969,0.019));
#1834=CARTESIAN_POINT('',(0.00829467280235119,-0.0693901419220201,0.019));
#1835=CARTESIAN_POINT('',(0.0082408320984868,-0.0688261871724656,0.019));
#1836=CARTESIAN_POINT('',(0.00821721595321684,-0.0685199546342608,0.019));
#1837=CARTESIAN_POINT('',(0.00817446013928625,-0.0678194084467681,0.019));
#1838=CARTESIAN_POINT('',(0.00815533361722201,-0.0674259968106539,0.019));
#1839=CARTESIAN_POINT('',(0.00812907109475362,-0.066716810384031,0.019));
#1840=CARTESIAN_POINT('',(0.00812072692593581,-0.0664602579856962,0.019));
#1841=CARTESIAN_POINT('',(0.00810475588154326,-0.0658913324726047,0.019));
#1842=CARTESIAN_POINT('',(0.00809712910067958,-0.0655791053054381,0.019));
#1843=CARTESIAN_POINT('',(0.00808252040840014,-0.0648754738378965,0.019));
#1844=CARTESIAN_POINT('',(0.00807553842631777,-0.0644843589034965,0.019));
#1845=CARTESIAN_POINT('',(0.00806217617171185,-0.06358543082534,0.019));
#1846=CARTESIAN_POINT('',(0.00805579551867077,-0.0630782451265043,0.019));
#1847=CARTESIAN_POINT('',(0.00804666992506676,-0.0621815933739649,0.019));
#1848=CARTESIAN_POINT('',(0.00804370259609668,-0.0618598036754923,0.019));
#1849=CARTESIAN_POINT('',(0.00803792095022528,-0.0611574562047058,0.019));
#1850=CARTESIAN_POINT('',(0.0080351065754287,-0.0607769738899765,0.019));
#1851=CARTESIAN_POINT('',(0.00802963947924052,-0.0599391446805244,0.019));
#1852=CARTESIAN_POINT('',(0.00802698665647036,-0.0594819271735164,0.019));
#1853=CARTESIAN_POINT('',(0.0080218583718903,-0.0584643408127421,0.019));
#1854=CARTESIAN_POINT('',(0.0080193827246303,-0.057904206060202,0.019));
#1855=CARTESIAN_POINT('',(0.00801463567491501,-0.0566410965303224,0.019));
#1856=CARTESIAN_POINT('',(0.00801236391217869,-0.0559385740521579,0.019));
#1857=CARTESIAN_POINT('',(0.008008070439441,-0.0543278503208441,0.019));
#1858=CARTESIAN_POINT('',(0.00800604797175886,-0.0534205977695925,0.019));
#1859=CARTESIAN_POINT('',(0.00800326211094104,-0.0518262381343439,0.019));
#1860=CARTESIAN_POINT('',(0.00800237512906758,-0.0512554603159225,0.019));
#1861=CARTESIAN_POINT('',(0.00800070055264833,-0.0500145149971119,0.019));
#1862=CARTESIAN_POINT('',(0.00799991287277161,-0.0493444541863967,0.019));
#1863=CARTESIAN_POINT('',(0.00799845920151488,-0.0478764888301319,0.019));
#1864=CARTESIAN_POINT('',(0.00799779306835783,-0.0470787615202281,0.019));
#1865=CARTESIAN_POINT('',(0.00799661438245788,-0.0453150447097715,0.019));
#1866=CARTESIAN_POINT('',(0.00799610143675057,-0.044348981678031,0.019));
#1867=CARTESIAN_POINT('',(0.00799568911603372,-0.0432698587577855,0.019));
#1868=CARTESIAN_POINT('',(0.0168017400635891,-0.0764867332008579,0.00169665567077935));
#1869=CARTESIAN_POINT('',(0.015917051762061,-0.0758145976963441,0.00169665567077935));
#1870=CARTESIAN_POINT('',(0.0147585138802001,-0.0749192087087813,0.00169665567077935));
#1871=CARTESIAN_POINT('',(0.0137192206503136,-0.0740870541716885,0.00169665567077935));
#1872=CARTESIAN_POINT('',(0.0130366317752496,-0.07351332060385,0.00169665567077935));
#1873=CARTESIAN_POINT('',(0.0123910099910205,-0.0729365962560575,0.00169665567077935));
#1874=CARTESIAN_POINT('',(0.0118819399420725,-0.0724211319799781,0.00169665567077935));
#1875=CARTESIAN_POINT('',(0.0114815315661638,-0.0719288318936446,0.00169665567077935));
#1876=CARTESIAN_POINT('',(0.0112014990376411,-0.0714895331489704,0.00169665567077935));
#1877=CARTESIAN_POINT('',(0.010995580992153,-0.0710621439988644,0.00169665567077935));
#1878=CARTESIAN_POINT('',(0.0108397569464651,-0.070620119056723,0.00169665567077935));
#1879=CARTESIAN_POINT('',(0.0107186240967584,-0.0701380386217728,0.00169665567077935));
#1880=CARTESIAN_POINT('',(0.0106221066212938,-0.0695854677983065,0.00169665567077936));
#1881=CARTESIAN_POINT('',(0.0105434543500581,-0.0689201401840798,0.00169665567077935));
#1882=CARTESIAN_POINT('',(0.0104781545246129,-0.0680781177850033,0.00169665567077935));
#1883=CARTESIAN_POINT('',(0.010423165096935,-0.0669490810627761,0.00169665567077935));
#1884=CARTESIAN_POINT('',(0.0103842285587133,-0.0656054336240359,0.00169665567077935));
#1885=CARTESIAN_POINT('',(0.0103566052923678,-0.0640597755931696,0.00169665567077936));
#1886=CARTESIAN_POINT('',(0.0103375923675104,-0.0625471828678547,0.00169665567077935));
#1887=CARTESIAN_POINT('',(0.0103202940486328,-0.0604946310241118,0.00169665567077936));
#1888=CARTESIAN_POINT('',(0.0103048863857379,-0.0575330600317067,0.00169665567077935));
#1889=CARTESIAN_POINT('',(0.0102940041683763,-0.0537200413802127,0.00169665567077936));
#1890=CARTESIAN_POINT('',(0.0102872314726599,-0.0488583924495094,0.00169665567077936));
#1891=CARTESIAN_POINT('',(0.0102847982800483,-0.0454268202116204,0.00169665567077935));
#1892=CARTESIAN_POINT('',(0.0102839737952949,-0.0432689844299825,0.00169665567077935));
#1893=CARTESIAN_POINT('',(0.0102839737952949,-0.0432689844299982,0.00169665567077936));
#1894=CARTESIAN_POINT('',(0.0105083484077141,-0.043268898698986,0.));
#1895=CARTESIAN_POINT('',(0.0043686588558863,-0.0432712446052122,0.));
#1896=CARTESIAN_POINT('',(0.0043686588558863,-0.0432712446052122,0.00169665567077936));
#1897=CARTESIAN_POINT('',(4.56204832900756E-18,-0.0388429822078985,0.0015));
#1898=CARTESIAN_POINT('',(0.00436865885588629,-0.0388429822078985,0.0015));
#1899=CARTESIAN_POINT('',(-0.142894017805245,-0.0388429822078985,0.0015));
#1900=CARTESIAN_POINT('',(-0.142894017805245,-0.0451315546052124,0.0015));
#1901=CARTESIAN_POINT('',(-0.149107536178456,-0.0441628791063822,0.0015));
#1902=CARTESIAN_POINT('',(0.0043686588558863,-0.0432712446052122,0.0015));
#1903=CARTESIAN_POINT('',(0.00879692092995525,-0.0432695526161493,0.0015));
#1904=CARTESIAN_POINT('',(-0.152124758950024,-0.0635166969224058,0.0015));
#1905=CARTESIAN_POINT('',(-0.157370609495452,-0.0971659311463527,0.0015));
#1906=CARTESIAN_POINT('',(0.015902142300224,-0.0776708152973777,0.));
#1907=CARTESIAN_POINT('',(0.0169374762597883,-0.0763080724634547,1.0842021724855E-19));
#1908=CARTESIAN_POINT('',(0.0168017400635891,-0.0764867332008579,0.00169665567077935));
#1909=CARTESIAN_POINT('',(0.0152836880021464,-0.0772009491416266,0.));
#1910=CARTESIAN_POINT('',(0.0163226711305185,-0.0758409787370576,-1.44198398826109E-15));
#1911=CARTESIAN_POINT('',(0.0161864565147173,-0.0760192759983394,0.00169665567082517));
#1912=CARTESIAN_POINT('',(0.0140503062002597,-0.0762573024656679,-1.65717377554482E-18));
#1913=CARTESIAN_POINT('',(0.0151010774465815,-0.0749052383687851,6.69121321160243E-16));
#1914=CARTESIAN_POINT('',(0.0149633181116147,-0.0750824991610985,0.00169665528243976));
#1915=CARTESIAN_POINT('',(0.0122271722295784,-0.0748026567155837,5.95937786476461E-19));
#1916=CARTESIAN_POINT('',(0.0133122591890827,-0.0734825502512356,-1.83990626958416E-16));
#1917=CARTESIAN_POINT('',(0.0131699983784004,-0.0736556215795889,0.00169665703529529));
#1918=CARTESIAN_POINT('',(0.010785665363625,-0.0735095961639488,5.78043994930732E-19));
#1919=CARTESIAN_POINT('',(0.0120195025512929,-0.0722996709412069,2.65262355881294E-17));
#1920=CARTESIAN_POINT('',(0.0118577453475371,-0.0724582942634291,0.00169665186555206));
#1921=CARTESIAN_POINT('',(0.00987467803071018,-0.0722301886998462,1.41375858811996E-19));
#1922=CARTESIAN_POINT('',(0.0113787316311089,-0.0713824549744301,-4.85054734510574E-18));
#1923=CARTESIAN_POINT('',(0.0111815439224857,-0.0714935967354578,0.00169665645225847));
#1924=CARTESIAN_POINT('',(0.00927251877015647,-0.0708096599732016,-1.42629914780271E-18));
#1925=CARTESIAN_POINT('',(0.0109642387425908,-0.0704235183283153,1.49279833026547E-18));
#1926=CARTESIAN_POINT('',(0.0107424486412888,-0.0704741422626986,0.00169665474581541));
#1927=CARTESIAN_POINT('',(0.00901499424033365,-0.06886287555762,-8.80613033661684E-19));
#1928=CARTESIAN_POINT('',(0.0107223915791922,-0.0687624103411274,-2.19288813787041E-18));
#1929=CARTESIAN_POINT('',(0.0104985447535042,-0.068775582149624,0.00169665628645014));
#1930=CARTESIAN_POINT('',(0.00891703924875869,-0.0665459448119862,1.15476068432983E-18));
#1931=CARTESIAN_POINT('',(0.0106282056424572,-0.0664943873611924,1.98796539937337E-18));
#1932=CARTESIAN_POINT('',(0.0104038653922301,-0.0665011464968957,0.00169665552087407));
#1933=CARTESIAN_POINT('',(0.0088692314978484,-0.064216604249539,-1.13634448969242E-18));
#1934=CARTESIAN_POINT('',(0.0105804211611221,-0.0641930148068584,-3.4821499359256E-18));
#1935=CARTESIAN_POINT('',(0.0103560776907062,-0.0641961075653145,0.0016966557119254));
#1936=CARTESIAN_POINT('',(0.0088353137724626,-0.0611141567157298,1.43015757719697E-18));
#1937=CARTESIAN_POINT('',(0.0105467624556467,-0.061102381954507,1.31784340359419E-17));
#1938=CARTESIAN_POINT('',(0.0103223850835556,-0.0611039255919227,0.00169665564728279));
#1939=CARTESIAN_POINT('',(0.00881615351645024,-0.0572346109898101,-6.84482711397625E-19));
#1940=CARTESIAN_POINT('',(0.0105275548453764,-0.0572289891260669,-9.26570661637731E-17));
#1941=CARTESIAN_POINT('',(0.0103031836542732,-0.0572297262105778,0.00169665567876385));
#1942=CARTESIAN_POINT('',(0.00880486694656082,-0.0525796839988694,8.84845210674609E-19));
#1943=CARTESIAN_POINT('',(0.0105162974018971,-0.0525768059454487,3.36282729081617E-16));
#1944=CARTESIAN_POINT('',(0.0102919224009483,-0.0525771832558699,0.00169665566863668));
#1945=CARTESIAN_POINT('',(0.00879928788553661,-0.0479246009701515,-2.52812917335603E-19));
#1946=CARTESIAN_POINT('',(0.0105107136029349,-0.0479231887377777,-1.24954650598216E-15));
#1947=CARTESIAN_POINT('',(0.0102863392207723,-0.0479233738914851,0.00169665567139267));
#1948=CARTESIAN_POINT('',(0.00879751381147894,-0.0448212380164919,0.));
#1949=CARTESIAN_POINT('',(0.0105089412056685,-0.0448203654291136,2.69174528768236E-15));
#1950=CARTESIAN_POINT('',(0.010284566604215,-0.0448204798286995,0.00169665567078514));
#1951=CARTESIAN_POINT('',(0.00879692092995524,-0.043269552616137,0.));
#1952=CARTESIAN_POINT('',(0.0105083484077141,-0.0432688986989697,0.));
#1953=CARTESIAN_POINT('',(0.0102839737952949,-0.0432689844299825,0.00169665567077935));
#1954=CARTESIAN_POINT('',(0.015902142300224,-0.0776708152973777,0.0015));
#1955=CARTESIAN_POINT('',(-0.0997777103990549,-0.10614455274371,0.0015));
#1956=CARTESIAN_POINT('',(-0.158066282796364,-0.10614455274371,0.0015));
#1957=CARTESIAN_POINT('',(0.0193572898875153,-0.0731230289775558,0.0015));
#1958=CARTESIAN_POINT('',(0.0228124374744769,-0.0776708152976282,0.0015));
#1959=CARTESIAN_POINT('',(-0.158066282796364,0.,0.0015));
#1960=CARTESIAN_POINT('',(-0.158066282796364,-0.112281554605212,0.0015));
#1961=CARTESIAN_POINT('',(0.0299176588450754,-0.043269552616136,0.));
#1962=CARTESIAN_POINT('',(0.0282062313673165,-0.0432688986989699,-2.71050543121376E-20));
#1963=CARTESIAN_POINT('',(0.0284306059797358,-0.0432689844299825,0.00169665567077935));
#1964=CARTESIAN_POINT('',(0.0299170669580247,-0.0448186353097433,0.));
#1965=CARTESIAN_POINT('',(0.0282056395636502,-0.0448177630893484,1.74247379972662E-15));
#1966=CARTESIAN_POINT('',(0.0284300141651595,-0.0448178774407625,0.0016966556707821));
#1967=CARTESIAN_POINT('',(0.0299152947790626,-0.0479167968086178,-1.79307110062724E-18));
#1968=CARTESIAN_POINT('',(0.0282038698518462,-0.0479153839445057,-8.10273682752372E-16));
#1969=CARTESIAN_POINT('',(0.0284282441303905,-0.0479155691805957,0.00169665567135115));
#1970=CARTESIAN_POINT('',(0.0299097428476316,-0.052564056974758,1.07157842426493E-18));
#1971=CARTESIAN_POINT('',(0.0281983096168247,-0.0525611919612268,2.16229867197274E-16));
#1972=CARTESIAN_POINT('',(0.02842268498168,-0.0525615675634616,0.00169665566878665));
#1973=CARTESIAN_POINT('',(0.0298984723008161,-0.0572112396284576,1.40988522451535E-18));
#1974=CARTESIAN_POINT('',(0.028187081206023,-0.0572056092361113,-5.09052895260615E-17));
#1975=CARTESIAN_POINT('',(0.0284114510552818,-0.0572063474344473,0.00169665567820211));
#1976=CARTESIAN_POINT('',(0.029879531988453,-0.0610840702509807,-1.02080987457737E-18));
#1977=CARTESIAN_POINT('',(0.0281680527527002,-0.0610724342618168,5.53860101072886E-18));
#1978=CARTESIAN_POINT('',(0.0283924341306884,-0.0610739597161799,0.00169665564894028));
#1979=CARTESIAN_POINT('',(0.0298456953630816,-0.0641817288767239,-1.04660448462901E-18));
#1980=CARTESIAN_POINT('',(0.0281345558840468,-0.0641582014597668,-2.30919411138903E-18));
#1981=CARTESIAN_POINT('',(0.028358892774459,-0.0641612860712936,0.00169665570902183));
#1982=CARTESIAN_POINT('',(0.0297991491105906,-0.0665059021033185,1.31054864465852E-18));
#1983=CARTESIAN_POINT('',(0.0280877689788292,-0.066455477756667,1.91962643893809E-18));
#1984=CARTESIAN_POINT('',(0.0283121372512036,-0.0664620883887494,0.00169665552982405));
#1985=CARTESIAN_POINT('',(0.0297002940911479,-0.0688235369572236,-1.59350488003985E-18));
#1986=CARTESIAN_POINT('',(0.0279935543057649,-0.0687230840768438,-1.62881497443075E-18));
#1987=CARTESIAN_POINT('',(0.0282173149198737,-0.0687362541048267,0.00169665625149613));
#1988=CARTESIAN_POINT('',(0.0294571743553838,-0.0707519389600619,-3.82833773697923E-19));
#1989=CARTESIAN_POINT('',(0.0277621464027826,-0.070381000801698,-7.78583982696494E-19));
#1990=CARTESIAN_POINT('',(0.0279843706199974,-0.0704296317638823,0.00169665518430342));
#1991=CARTESIAN_POINT('',(0.0288576571374986,-0.072198905360182,1.00780176866423E-18));
#1992=CARTESIAN_POINT('',(0.0273474517382008,-0.0713617800562711,2.05247537473882E-18));
#1993=CARTESIAN_POINT('',(0.0275454456336712,-0.0714715308623572,0.00169665612491134));
#1994=CARTESIAN_POINT('',(0.0279649254818495,-0.0734706913564708,-4.59806410357034E-19));
#1995=CARTESIAN_POINT('',(0.0267234745791767,-0.0722681797344469,-6.5489261368383E-18));
#1996=CARTESIAN_POINT('',(0.02688623005385,-0.0724258310452811,0.00169665189830605));
#1997=CARTESIAN_POINT('',(0.0265051833816499,-0.0747900070643288,-9.00751150107846E-19));
#1998=CARTESIAN_POINT('',(0.0254208046583854,-0.0734689856060856,5.0304375832015E-17));
#1999=CARTESIAN_POINT('',(0.0255629725778897,-0.0736421768995163,0.00169665701109238));
#2000=CARTESIAN_POINT('',(0.0246756925334354,-0.0762479951827996,-1.22954836509216E-18));
#2001=CARTESIAN_POINT('',(0.0236244472288503,-0.0748964049741732,-1.88014059000454E-16));
#2002=CARTESIAN_POINT('',(0.0237622687286888,-0.0750736036334274,0.00169665528908105));
#2003=CARTESIAN_POINT('',(0.023434438225262,-0.0771982547502768,0.));
#2004=CARTESIAN_POINT('',(0.0223954341711746,-0.0758383002440849,4.02235956060525E-16));
#2005=CARTESIAN_POINT('',(0.0225316515304008,-0.0760165954208072,0.00169665567082446));
#2006=CARTESIAN_POINT('',(0.022812437474791,-0.0776708152973896,0.));
#2007=CARTESIAN_POINT('',(0.0217771035152447,-0.0763080724634528,-5.42101086242752E-20));
#2008=CARTESIAN_POINT('',(0.0219128397114415,-0.0764867332008579,0.00169665567077936));
#2009=CARTESIAN_POINT('',(0.0299176588450754,-0.0432695526161363,0.0015));
#2010=CARTESIAN_POINT('',(-0.15177771039905,-0.112281554605212,0.0015));
#2011=CARTESIAN_POINT('',(-0.15177771039905,-0.118570127002526,0.0015));
#2012=CARTESIAN_POINT('',(0.0343459209191444,-0.0432712446052122,0.0015));
#2013=CARTESIAN_POINT('',(0.0343459209191444,-0.0388429822078983,0.0015));
#2014=CARTESIAN_POINT('',(3.37579907978482E-17,-0.118570127002526,0.0015));
#2015=CARTESIAN_POINT('',(0.0431972894746459,-0.118570127002526,0.0015));
#2016=CARTESIAN_POINT('',(4.56204832900756E-18,-0.0388429822078985,0.0015));
#2017=CARTESIAN_POINT('',(0.0343469798875154,-0.0388429822078985,0.0015));
#2018=CARTESIAN_POINT('',(0.0431972894746459,-0.112281554605212,0.0015));
#2019=CARTESIAN_POINT('',(0.0494858618719599,-0.112281554605212,0.0015));
#2020=CARTESIAN_POINT('',(0.0343469798875154,-0.0451315546052124,0.0015));
#2021=CARTESIAN_POINT('',(0.0405604982613197,-0.0441628791101917,0.0015));
#2022=CARTESIAN_POINT('',(0.0494858618719598,0.,0.0015));
#2023=CARTESIAN_POINT('',(0.0494858618719598,-0.105930419404332,0.0015));
#2024=CARTESIAN_POINT('',(0.0328765523088502,0.00512539090841266,0.0015));
#2025=CARTESIAN_POINT('',(0.0487901885765529,-0.0969517978422838,0.0015));
#2026=CARTESIAN_POINT('',(-0.00880271052535193,-0.105930419404332,0.0015));
#2027=CARTESIAN_POINT('',(-0.149489938974586,-0.0907688951301182,0.015));
#2028=CARTESIAN_POINT('',(-0.149489938974586,-0.0907688951301182,0.015));
#2029=CARTESIAN_POINT('',(-0.147339938974586,-0.0907688951301182,0.015));
#2030=CARTESIAN_POINT('',(-0.0542902104622014,-0.0787065546052123,0.015));
#2031=CARTESIAN_POINT('',(-0.149489938974586,-0.0907688951301182,0.015));
#2032=CARTESIAN_POINT('',(-0.147839938974586,-0.0907688951301182,0.015));
#2033=CARTESIAN_POINT('',(-0.141598907375587,-0.0466442140803067,0.015));
#2034=CARTESIAN_POINT('',(-0.141598907375587,-0.0466442140803067,0.015));
#2035=CARTESIAN_POINT('',(-0.139448907375587,-0.0466442140803067,0.015));
#2036=CARTESIAN_POINT('',(-0.0542902104622014,-0.0787065546052123,0.015));
#2037=CARTESIAN_POINT('',(-0.141598907375587,-0.0466442140803067,0.015));
#2038=CARTESIAN_POINT('',(-0.139948907375587,-0.0466442140803067,0.015));
#2039=CARTESIAN_POINT('',(0.0330518694570539,-0.0466442140803067,0.015));
#2040=CARTESIAN_POINT('',(0.0330518694570539,-0.0466442140803067,0.015));
#2041=CARTESIAN_POINT('',(0.0352018694570538,-0.0466442140803067,0.015));
#2042=CARTESIAN_POINT('',(-0.0542902104622014,-0.0787065546052123,0.015));
#2043=CARTESIAN_POINT('',(0.0330518694570539,-0.0466442140803067,0.015));
#2044=CARTESIAN_POINT('',(0.0347018694570538,-0.0466442140803067,0.015));
#2045=CARTESIAN_POINT('',(0.0416846299995517,-0.110768895130118,0.015));
#2046=CARTESIAN_POINT('',(0.0416846299995517,-0.110768895130118,0.015));
#2047=CARTESIAN_POINT('',(0.0438346299995516,-0.110768895130118,0.015));
#2048=CARTESIAN_POINT('',(-0.0542902104622014,-0.0787065546052123,0.015));
#2049=CARTESIAN_POINT('',(0.0416846299995517,-0.110768895130118,0.015));
#2050=CARTESIAN_POINT('',(0.0433346299995516,-0.110768895130118,0.015));
#2051=CARTESIAN_POINT('',(0.0416846299995517,-0.110768895130118,0.001));
#2052=CARTESIAN_POINT('',(0.0416846299995517,-0.110768895130118,0.001));
#2053=CARTESIAN_POINT('',(0.0433346299995516,-0.110768895130118,0.001));
#2054=CARTESIAN_POINT('',(-0.0542902104622014,-0.0787065546052123,0.001));
#2055=CARTESIAN_POINT('',(0.0330518694570539,-0.0466442140803067,0.001));
#2056=CARTESIAN_POINT('',(0.0330518694570539,-0.0466442140803067,0.001));
#2057=CARTESIAN_POINT('',(0.0347018694570538,-0.0466442140803067,0.001));
#2058=CARTESIAN_POINT('',(-0.0542902104622014,-0.0787065546052123,0.001));
#2059=CARTESIAN_POINT('',(-0.141598907375587,-0.0466442140803067,0.001));
#2060=CARTESIAN_POINT('',(-0.141598907375587,-0.0466442140803067,0.001));
#2061=CARTESIAN_POINT('',(-0.139948907375587,-0.0466442140803067,0.001));
#2062=CARTESIAN_POINT('',(-0.0542902104622014,-0.0787065546052123,0.001));
#2063=CARTESIAN_POINT('',(-0.149489938974586,-0.0907688951301182,0.001));
#2064=CARTESIAN_POINT('',(-0.149489938974586,-0.0907688951301182,0.001));
#2065=CARTESIAN_POINT('',(-0.147839938974586,-0.0907688951301182,0.001));
#2066=CARTESIAN_POINT('',(-0.0542902104622014,-0.0787065546052123,0.001));
#2067=MECHANICAL_DESIGN_GEOMETRIC_PRESENTATION_REPRESENTATION('',(#916),
#2068);
#2068=(
GEOMETRIC_REPRESENTATION_CONTEXT(3)
GLOBAL_UNCERTAINTY_ASSIGNED_CONTEXT((#2069))
GLOBAL_UNIT_ASSIGNED_CONTEXT((#2072,#2071,#2070))
REPRESENTATION_CONTEXT('Part 1','TOP_LEVEL_ASSEMBLY_PART')
);
#2069=UNCERTAINTY_MEASURE_WITH_UNIT(LENGTH_MEASURE(2.E-5),#2072,
'DISTANCE_ACCURACY_VALUE','Maximum Tolerance applied to model');
#2070=(
NAMED_UNIT(*)
SI_UNIT($,.STERADIAN.)
SOLID_ANGLE_UNIT()
);
#2071=(
NAMED_UNIT(*)
PLANE_ANGLE_UNIT()
SI_UNIT($,.RADIAN.)
);
#2072=(
LENGTH_UNIT()
NAMED_UNIT(*)
SI_UNIT($,.METRE.)
);
#2073=PRODUCT_DEFINITION_SHAPE('','',#2074);
#2074=PRODUCT_DEFINITION('','',#2076,#2075);
#2075=PRODUCT_DEFINITION_CONTEXT('',#2082,'design');
#2076=PRODUCT_DEFINITION_FORMATION_WITH_SPECIFIED_SOURCE('','',#2078,
 .NOT_KNOWN.);
#2077=PRODUCT_RELATED_PRODUCT_CATEGORY('','',(#2078));
#2078=PRODUCT('Part 1','Part 1','Part 1',(#2080));
#2079=PRODUCT_CATEGORY('','');
#2080=PRODUCT_CONTEXT('',#2082,'mechanical');
#2081=APPLICATION_PROTOCOL_DEFINITION('international standard',
'ap242_managed_model_based_3d_engineering',2020,#2082);
#2082=APPLICATION_CONTEXT('managed model based 3d engineering');
ENDSEC;
END-ISO-10303-21;
