ISO-10303-21;
HEADER;
/* Generated by software containing ST-Developer
 * from STEP Tools, Inc. (www.steptools.com) 
 */
/* OPTION: using custom renumber hook */

FILE_DESCRIPTION(
/* description */ ('STEP AP242 Edition 2',
'CAx-IF Rec.Pracs.---Representation and Presentation of Product Manufa
cturing Information (PMI)---4.0---2014-10-13',
'CAx-IF Rec.Pracs.---3D Tessellated Geometry---0.4---2014-09-14','2;1',
'CAx-IF Rec.Pracs.---User Defined Attributes---1.5---2016-08-15'),
/* implementation_level */ '2;1');

FILE_NAME(
/* name */ 'keys',
/* time_stamp */ '2026-08-02T17:56:58Z',
/* author */ (''),
/* organization */ (''),
/* preprocessor_version */ 'ST-DEVELOPER v20',
/* originating_system */ 'ONSHAPE BY PTC INC, 1.218',
/* authorisation */ '  ');

FILE_SCHEMA (('AP242_MANAGED_MODEL_BASED_3D_ENGINEERING_MIM_LF { 1 0 10303 442 3 1 4 }'));
ENDSEC;

DATA;
#10=COLOUR_RGB('',0.917647058823529,0.917647058823529,0.917647058823529);
#11=SHAPE_REPRESENTATION_RELATIONSHIP('','',#7914,#23);
#12=SHAPE_REPRESENTATION_RELATIONSHIP('','',#7915,#24);
#13=SHAPE_REPRESENTATION_RELATIONSHIP('','',#7916,#25);
#14=SHAPE_REPRESENTATION_RELATIONSHIP('','',#7917,#26);
#15=SHAPE_REPRESENTATION_RELATIONSHIP('','',#7918,#27);
#16=SHAPE_REPRESENTATION_RELATIONSHIP('','',#7919,#28);
#17=SHAPE_REPRESENTATION_RELATIONSHIP('','',#7920,#29);
#18=SHAPE_REPRESENTATION_RELATIONSHIP('','',#7921,#30);
#19=SHAPE_REPRESENTATION_RELATIONSHIP('','',#7922,#31);
#20=SHAPE_REPRESENTATION_RELATIONSHIP('','',#7923,#32);
#21=SHAPE_REPRESENTATION_RELATIONSHIP('','',#7924,#33);
#22=SHAPE_REPRESENTATION_RELATIONSHIP('','',#7925,#34);
#23=ADVANCED_BREP_SHAPE_REPRESENTATION('',(#7890),#13030);
#24=ADVANCED_BREP_SHAPE_REPRESENTATION('',(#7891),#13031);
#25=ADVANCED_BREP_SHAPE_REPRESENTATION('',(#7892),#13032);
#26=ADVANCED_BREP_SHAPE_REPRESENTATION('',(#7893),#13033);
#27=ADVANCED_BREP_SHAPE_REPRESENTATION('',(#7894),#13034);
#28=ADVANCED_BREP_SHAPE_REPRESENTATION('',(#7895),#13035);
#29=ADVANCED_BREP_SHAPE_REPRESENTATION('',(#7896),#13036);
#30=ADVANCED_BREP_SHAPE_REPRESENTATION('',(#7897),#13037);
#31=ADVANCED_BREP_SHAPE_REPRESENTATION('',(#7898),#13038);
#32=ADVANCED_BREP_SHAPE_REPRESENTATION('',(#7899),#13039);
#33=ADVANCED_BREP_SHAPE_REPRESENTATION('',(#7900),#13040);
#34=ADVANCED_BREP_SHAPE_REPRESENTATION('',(#7901),#13041);
#35=CYLINDRICAL_SURFACE('',#7935,0.000500000000000014);
#36=CYLINDRICAL_SURFACE('',#7938,0.0005);
#37=CYLINDRICAL_SURFACE('',#7940,0.000500000000000014);
#38=CYLINDRICAL_SURFACE('',#7943,0.000500000000000009);
#39=CYLINDRICAL_SURFACE('',#7948,0.003);
#40=CYLINDRICAL_SURFACE('',#7977,0.000500000000000007);
#41=CYLINDRICAL_SURFACE('',#7980,0.0005);
#42=CYLINDRICAL_SURFACE('',#7983,0.0005);
#43=CYLINDRICAL_SURFACE('',#7986,0.00050000000000002);
#44=CYLINDRICAL_SURFACE('',#7990,0.001);
#45=CYLINDRICAL_SURFACE('',#7993,0.00100000000000001);
#46=CYLINDRICAL_SURFACE('',#7996,0.00100000000000001);
#47=CYLINDRICAL_SURFACE('',#7999,0.000999999999999985);
#48=CYLINDRICAL_SURFACE('',#8001,0.003);
#49=CYLINDRICAL_SURFACE('',#8028,0.000500000000000014);
#50=CYLINDRICAL_SURFACE('',#8031,0.000500000000000011);
#51=CYLINDRICAL_SURFACE('',#8033,0.000500000000000026);
#52=CYLINDRICAL_SURFACE('',#8036,0.000500000000000019);
#53=CYLINDRICAL_SURFACE('',#8041,0.003);
#54=CYLINDRICAL_SURFACE('',#8068,0.000500000000000013);
#55=CYLINDRICAL_SURFACE('',#8071,0.0005);
#56=CYLINDRICAL_SURFACE('',#8073,0.000500000000000014);
#57=CYLINDRICAL_SURFACE('',#8076,0.0005);
#58=CYLINDRICAL_SURFACE('',#8081,0.003);
#59=CYLINDRICAL_SURFACE('',#8113,0.0005);
#60=CYLINDRICAL_SURFACE('',#8116,0.0005);
#61=CYLINDRICAL_SURFACE('',#8119,0.0005);
#62=CYLINDRICAL_SURFACE('',#8122,0.000500000000000007);
#63=CYLINDRICAL_SURFACE('',#8125,0.0005);
#64=CYLINDRICAL_SURFACE('',#8128,0.0005);
#65=CYLINDRICAL_SURFACE('',#8131,0.0005);
#66=CYLINDRICAL_SURFACE('',#8134,0.000500000000000007);
#67=CYLINDRICAL_SURFACE('',#8139,0.001);
#68=CYLINDRICAL_SURFACE('',#8142,0.00100000000000001);
#69=CYLINDRICAL_SURFACE('',#8145,0.00100000000000001);
#70=CYLINDRICAL_SURFACE('',#8148,0.000999999999999985);
#71=CYLINDRICAL_SURFACE('',#8150,0.003);
#72=CYLINDRICAL_SURFACE('',#8181,0.000500000000000023);
#73=CYLINDRICAL_SURFACE('',#8184,0.0005);
#74=CYLINDRICAL_SURFACE('',#8187,0.00050000000000001);
#75=CYLINDRICAL_SURFACE('',#8190,0.0005);
#76=CYLINDRICAL_SURFACE('',#8193,0.0005);
#77=CYLINDRICAL_SURFACE('',#8196,0.0005);
#78=CYLINDRICAL_SURFACE('',#8200,0.001);
#79=CYLINDRICAL_SURFACE('',#8203,0.00100000000000001);
#80=CYLINDRICAL_SURFACE('',#8206,0.00100000000000001);
#81=CYLINDRICAL_SURFACE('',#8209,0.000999999999999989);
#82=CYLINDRICAL_SURFACE('',#8211,0.003);
#83=CYLINDRICAL_SURFACE('',#8244,0.0005);
#84=CYLINDRICAL_SURFACE('',#8247,0.0005);
#85=CYLINDRICAL_SURFACE('',#8250,0.0005);
#86=CYLINDRICAL_SURFACE('',#8253,0.000500000000000007);
#87=CYLINDRICAL_SURFACE('',#8256,0.0005);
#88=CYLINDRICAL_SURFACE('',#8259,0.0005);
#89=CYLINDRICAL_SURFACE('',#8262,0.0005);
#90=CYLINDRICAL_SURFACE('',#8265,0.000500000000000007);
#91=CYLINDRICAL_SURFACE('',#8269,0.001);
#92=CYLINDRICAL_SURFACE('',#8272,0.00100000000000001);
#93=CYLINDRICAL_SURFACE('',#8275,0.00100000000000001);
#94=CYLINDRICAL_SURFACE('',#8278,0.000999999999999988);
#95=CYLINDRICAL_SURFACE('',#8280,0.003);
#96=CYLINDRICAL_SURFACE('',#8307,0.000500000000000011);
#97=CYLINDRICAL_SURFACE('',#8310,0.0005);
#98=CYLINDRICAL_SURFACE('',#8312,0.00050000000000002);
#99=CYLINDRICAL_SURFACE('',#8315,0.000500000000000011);
#100=CYLINDRICAL_SURFACE('',#8320,0.003);
#101=CYLINDRICAL_SURFACE('',#8353,0.000499999999999994);
#102=CYLINDRICAL_SURFACE('',#8356,0.0005);
#103=CYLINDRICAL_SURFACE('',#8359,0.000500000000000014);
#104=CYLINDRICAL_SURFACE('',#8362,0.0005);
#105=CYLINDRICAL_SURFACE('',#8365,0.0005);
#106=CYLINDRICAL_SURFACE('',#8368,0.0005);
#107=CYLINDRICAL_SURFACE('',#8371,0.0005);
#108=CYLINDRICAL_SURFACE('',#8374,0.000500000000000009);
#109=CYLINDRICAL_SURFACE('',#8378,0.001);
#110=CYLINDRICAL_SURFACE('',#8381,0.00100000000000001);
#111=CYLINDRICAL_SURFACE('',#8384,0.00100000000000001);
#112=CYLINDRICAL_SURFACE('',#8387,0.001);
#113=CYLINDRICAL_SURFACE('',#8389,0.003);
#114=CYLINDRICAL_SURFACE('',#8423,0.00050000000000002);
#115=CYLINDRICAL_SURFACE('',#8426,0.0005);
#116=CYLINDRICAL_SURFACE('',#8429,0.0005);
#117=CYLINDRICAL_SURFACE('',#8432,0.000500000000000009);
#118=CYLINDRICAL_SURFACE('',#8435,0.000500000000000013);
#119=CYLINDRICAL_SURFACE('',#8438,0.000500000000000014);
#120=CYLINDRICAL_SURFACE('',#8441,0.0005);
#121=CYLINDRICAL_SURFACE('',#8444,0.0005);
#122=CYLINDRICAL_SURFACE('',#8447,0.0005);
#123=CYLINDRICAL_SURFACE('',#8450,0.000500000000000007);
#124=CYLINDRICAL_SURFACE('',#8455,0.001);
#125=CYLINDRICAL_SURFACE('',#8458,0.001);
#126=CYLINDRICAL_SURFACE('',#8461,0.00100000000000001);
#127=CYLINDRICAL_SURFACE('',#8464,0.003);
#128=CYLINDRICAL_SURFACE('',#8467,0.000999999999999989);
#129=CYLINDRICAL_SURFACE('',#8493,0.000500000000000014);
#130=CYLINDRICAL_SURFACE('',#8496,0.0005);
#131=CYLINDRICAL_SURFACE('',#8498,0.000500000000000017);
#132=CYLINDRICAL_SURFACE('',#8501,0.00050000000000001);
#133=CYLINDRICAL_SURFACE('',#8506,0.003);
#134=CYLINDRICAL_SURFACE('',#8534,0.000500000000000009);
#135=CYLINDRICAL_SURFACE('',#8537,0.00050000000000002);
#136=CYLINDRICAL_SURFACE('',#8540,0.0005);
#137=CYLINDRICAL_SURFACE('',#8543,0.000499999999999992);
#138=CYLINDRICAL_SURFACE('',#8548,0.001);
#139=CYLINDRICAL_SURFACE('',#8551,0.00100000000000001);
#140=CYLINDRICAL_SURFACE('',#8554,0.00100000000000002);
#141=CYLINDRICAL_SURFACE('',#8557,0.000999999999999989);
#142=CYLINDRICAL_SURFACE('',#8559,0.003);
#143=CIRCLE('',#7930,0.0005);
#144=CIRCLE('',#7931,0.000500000000000014);
#145=CIRCLE('',#7933,0.000500000000000009);
#146=CIRCLE('',#7934,0.000500000000000014);
#147=CIRCLE('',#7936,0.000500000000000014);
#148=CIRCLE('',#7939,0.0005);
#149=CIRCLE('',#7941,0.000500000000000014);
#150=CIRCLE('',#7944,0.000500000000000009);
#151=CIRCLE('',#7949,0.003);
#152=CIRCLE('',#7950,0.003);
#153=CIRCLE('',#7968,0.000999999999999985);
#154=CIRCLE('',#7969,0.001);
#155=CIRCLE('',#7970,0.00100000000000001);
#156=CIRCLE('',#7971,0.00100000000000001);
#157=CIRCLE('',#7972,0.00050000000000002);
#158=CIRCLE('',#7973,0.0005);
#159=CIRCLE('',#7974,0.0005);
#160=CIRCLE('',#7975,0.000500000000000007);
#161=CIRCLE('',#7978,0.000500000000000007);
#162=CIRCLE('',#7981,0.0005);
#163=CIRCLE('',#7984,0.0005);
#164=CIRCLE('',#7987,0.00050000000000002);
#165=CIRCLE('',#7991,0.001);
#166=CIRCLE('',#7994,0.00100000000000001);
#167=CIRCLE('',#7997,0.00100000000000001);
#168=CIRCLE('',#8000,0.000999999999999985);
#169=CIRCLE('',#8002,0.003);
#170=CIRCLE('',#8003,0.003);
#171=CIRCLE('',#8023,0.000500000000000011);
#172=CIRCLE('',#8024,0.000500000000000014);
#173=CIRCLE('',#8026,0.000500000000000019);
#174=CIRCLE('',#8027,0.000500000000000026);
#175=CIRCLE('',#8029,0.000500000000000014);
#176=CIRCLE('',#8032,0.000500000000000011);
#177=CIRCLE('',#8034,0.000500000000000026);
#178=CIRCLE('',#8037,0.000500000000000019);
#179=CIRCLE('',#8042,0.003);
#180=CIRCLE('',#8043,0.003);
#181=CIRCLE('',#8063,0.0005);
#182=CIRCLE('',#8064,0.000500000000000013);
#183=CIRCLE('',#8066,0.0005);
#184=CIRCLE('',#8067,0.000500000000000014);
#185=CIRCLE('',#8069,0.000500000000000013);
#186=CIRCLE('',#8072,0.0005);
#187=CIRCLE('',#8074,0.000500000000000014);
#188=CIRCLE('',#8077,0.0005);
#189=CIRCLE('',#8082,0.003);
#190=CIRCLE('',#8083,0.003);
#191=CIRCLE('',#8101,0.000999999999999985);
#192=CIRCLE('',#8102,0.001);
#193=CIRCLE('',#8103,0.00100000000000001);
#194=CIRCLE('',#8104,0.00100000000000001);
#195=CIRCLE('',#8105,0.0005);
#196=CIRCLE('',#8106,0.000500000000000007);
#197=CIRCLE('',#8107,0.0005);
#198=CIRCLE('',#8108,0.0005);
#199=CIRCLE('',#8109,0.0005);
#200=CIRCLE('',#8110,0.000500000000000007);
#201=CIRCLE('',#8111,0.0005);
#202=CIRCLE('',#8112,0.0005);
#203=CIRCLE('',#8114,0.0005);
#204=CIRCLE('',#8117,0.0005);
#205=CIRCLE('',#8120,0.0005);
#206=CIRCLE('',#8123,0.000500000000000007);
#207=CIRCLE('',#8126,0.0005);
#208=CIRCLE('',#8129,0.0005);
#209=CIRCLE('',#8132,0.0005);
#210=CIRCLE('',#8135,0.000500000000000007);
#211=CIRCLE('',#8140,0.001);
#212=CIRCLE('',#8143,0.00100000000000001);
#213=CIRCLE('',#8146,0.00100000000000001);
#214=CIRCLE('',#8149,0.000999999999999985);
#215=CIRCLE('',#8151,0.003);
#216=CIRCLE('',#8152,0.003);
#217=CIRCLE('',#8170,0.000999999999999989);
#218=CIRCLE('',#8171,0.001);
#219=CIRCLE('',#8172,0.00100000000000001);
#220=CIRCLE('',#8173,0.00100000000000001);
#221=CIRCLE('',#8174,0.0005);
#222=CIRCLE('',#8175,0.0005);
#223=CIRCLE('',#8176,0.0005);
#224=CIRCLE('',#8177,0.00050000000000001);
#225=CIRCLE('',#8178,0.0005);
#226=CIRCLE('',#8179,0.000500000000000023);
#227=CIRCLE('',#8182,0.000500000000000023);
#228=CIRCLE('',#8185,0.0005);
#229=CIRCLE('',#8188,0.00050000000000001);
#230=CIRCLE('',#8191,0.0005);
#231=CIRCLE('',#8194,0.0005);
#232=CIRCLE('',#8197,0.0005);
#233=CIRCLE('',#8201,0.001);
#234=CIRCLE('',#8204,0.00100000000000001);
#235=CIRCLE('',#8207,0.00100000000000001);
#236=CIRCLE('',#8210,0.000999999999999989);
#237=CIRCLE('',#8212,0.003);
#238=CIRCLE('',#8213,0.003);
#239=CIRCLE('',#8231,0.000999999999999988);
#240=CIRCLE('',#8232,0.001);
#241=CIRCLE('',#8233,0.00100000000000001);
#242=CIRCLE('',#8234,0.00100000000000001);
#243=CIRCLE('',#8235,0.000500000000000007);
#244=CIRCLE('',#8236,0.0005);
#245=CIRCLE('',#8237,0.0005);
#246=CIRCLE('',#8238,0.0005);
#247=CIRCLE('',#8239,0.000500000000000007);
#248=CIRCLE('',#8240,0.0005);
#249=CIRCLE('',#8241,0.0005);
#250=CIRCLE('',#8242,0.0005);
#251=CIRCLE('',#8245,0.0005);
#252=CIRCLE('',#8248,0.0005);
#253=CIRCLE('',#8251,0.0005);
#254=CIRCLE('',#8254,0.000500000000000007);
#255=CIRCLE('',#8257,0.0005);
#256=CIRCLE('',#8260,0.0005);
#257=CIRCLE('',#8263,0.0005);
#258=CIRCLE('',#8266,0.000500000000000007);
#259=CIRCLE('',#8270,0.001);
#260=CIRCLE('',#8273,0.00100000000000001);
#261=CIRCLE('',#8276,0.00100000000000001);
#262=CIRCLE('',#8279,0.000999999999999988);
#263=CIRCLE('',#8281,0.003);
#264=CIRCLE('',#8282,0.003);
#265=CIRCLE('',#8302,0.0005);
#266=CIRCLE('',#8303,0.000500000000000011);
#267=CIRCLE('',#8305,0.000500000000000011);
#268=CIRCLE('',#8306,0.00050000000000002);
#269=CIRCLE('',#8308,0.000500000000000011);
#270=CIRCLE('',#8311,0.0005);
#271=CIRCLE('',#8313,0.00050000000000002);
#272=CIRCLE('',#8316,0.000500000000000011);
#273=CIRCLE('',#8321,0.003);
#274=CIRCLE('',#8322,0.003);
#275=CIRCLE('',#8340,0.001);
#276=CIRCLE('',#8341,0.001);
#277=CIRCLE('',#8342,0.00100000000000001);
#278=CIRCLE('',#8343,0.00100000000000001);
#279=CIRCLE('',#8344,0.000500000000000009);
#280=CIRCLE('',#8345,0.0005);
#281=CIRCLE('',#8346,0.0005);
#282=CIRCLE('',#8347,0.0005);
#283=CIRCLE('',#8348,0.0005);
#284=CIRCLE('',#8349,0.000500000000000014);
#285=CIRCLE('',#8350,0.0005);
#286=CIRCLE('',#8351,0.000499999999999994);
#287=CIRCLE('',#8354,0.000499999999999994);
#288=CIRCLE('',#8357,0.0005);
#289=CIRCLE('',#8360,0.000500000000000014);
#290=CIRCLE('',#8363,0.0005);
#291=CIRCLE('',#8366,0.0005);
#292=CIRCLE('',#8369,0.0005);
#293=CIRCLE('',#8372,0.0005);
#294=CIRCLE('',#8375,0.000500000000000009);
#295=CIRCLE('',#8379,0.001);
#296=CIRCLE('',#8382,0.00100000000000001);
#297=CIRCLE('',#8385,0.00100000000000001);
#298=CIRCLE('',#8388,0.001);
#299=CIRCLE('',#8390,0.003);
#300=CIRCLE('',#8391,0.003);
#301=CIRCLE('',#8409,0.000999999999999989);
#302=CIRCLE('',#8410,0.001);
#303=CIRCLE('',#8411,0.001);
#304=CIRCLE('',#8412,0.00100000000000001);
#305=CIRCLE('',#8413,0.00050000000000002);
#306=CIRCLE('',#8414,0.000500000000000007);
#307=CIRCLE('',#8415,0.0005);
#308=CIRCLE('',#8416,0.0005);
#309=CIRCLE('',#8417,0.0005);
#310=CIRCLE('',#8418,0.000500000000000014);
#311=CIRCLE('',#8419,0.000500000000000013);
#312=CIRCLE('',#8420,0.000500000000000009);
#313=CIRCLE('',#8421,0.0005);
#314=CIRCLE('',#8422,0.0005);
#315=CIRCLE('',#8424,0.00050000000000002);
#316=CIRCLE('',#8427,0.0005);
#317=CIRCLE('',#8430,0.0005);
#318=CIRCLE('',#8433,0.000500000000000009);
#319=CIRCLE('',#8436,0.000500000000000013);
#320=CIRCLE('',#8439,0.000500000000000014);
#321=CIRCLE('',#8442,0.0005);
#322=CIRCLE('',#8445,0.0005);
#323=CIRCLE('',#8448,0.0005);
#324=CIRCLE('',#8451,0.000500000000000007);
#325=CIRCLE('',#8456,0.001);
#326=CIRCLE('',#8459,0.001);
#327=CIRCLE('',#8462,0.00100000000000001);
#328=CIRCLE('',#8465,0.003);
#329=CIRCLE('',#8466,0.003);
#330=CIRCLE('',#8468,0.000999999999999989);
#331=CIRCLE('',#8488,0.0005);
#332=CIRCLE('',#8489,0.000500000000000014);
#333=CIRCLE('',#8491,0.00050000000000001);
#334=CIRCLE('',#8492,0.000500000000000017);
#335=CIRCLE('',#8494,0.000500000000000014);
#336=CIRCLE('',#8497,0.0005);
#337=CIRCLE('',#8499,0.000500000000000017);
#338=CIRCLE('',#8502,0.00050000000000001);
#339=CIRCLE('',#8507,0.003);
#340=CIRCLE('',#8508,0.003);
#341=CIRCLE('',#8526,0.000999999999999989);
#342=CIRCLE('',#8527,0.001);
#343=CIRCLE('',#8528,0.00100000000000001);
#344=CIRCLE('',#8529,0.00100000000000002);
#345=CIRCLE('',#8530,0.000500000000000009);
#346=CIRCLE('',#8531,0.000499999999999992);
#347=CIRCLE('',#8532,0.0005);
#348=CIRCLE('',#8533,0.00050000000000002);
#349=CIRCLE('',#8535,0.000500000000000009);
#350=CIRCLE('',#8538,0.00050000000000002);
#351=CIRCLE('',#8541,0.0005);
#352=CIRCLE('',#8544,0.000499999999999992);
#353=CIRCLE('',#8549,0.001);
#354=CIRCLE('',#8552,0.00100000000000001);
#355=CIRCLE('',#8555,0.00100000000000002);
#356=CIRCLE('',#8558,0.000999999999999989);
#357=CIRCLE('',#8560,0.003);
#358=CIRCLE('',#8561,0.003);
#359=ORIENTED_EDGE('',*,*,#2543,.T.);
#360=ORIENTED_EDGE('',*,*,#2544,.T.);
#361=ORIENTED_EDGE('',*,*,#2545,.F.);
#362=ORIENTED_EDGE('',*,*,#2546,.F.);
#363=ORIENTED_EDGE('',*,*,#2547,.T.);
#364=ORIENTED_EDGE('',*,*,#2548,.T.);
#365=ORIENTED_EDGE('',*,*,#2549,.F.);
#366=ORIENTED_EDGE('',*,*,#2550,.F.);
#367=ORIENTED_EDGE('',*,*,#2551,.F.);
#368=ORIENTED_EDGE('',*,*,#2552,.T.);
#369=ORIENTED_EDGE('',*,*,#2553,.F.);
#370=ORIENTED_EDGE('',*,*,#2554,.F.);
#371=ORIENTED_EDGE('',*,*,#2555,.T.);
#372=ORIENTED_EDGE('',*,*,#2556,.T.);
#373=ORIENTED_EDGE('',*,*,#2557,.F.);
#374=ORIENTED_EDGE('',*,*,#2558,.F.);
#375=ORIENTED_EDGE('',*,*,#2559,.F.);
#376=ORIENTED_EDGE('',*,*,#2557,.T.);
#377=ORIENTED_EDGE('',*,*,#2560,.F.);
#378=ORIENTED_EDGE('',*,*,#2561,.T.);
#379=ORIENTED_EDGE('',*,*,#2562,.F.);
#380=ORIENTED_EDGE('',*,*,#2545,.T.);
#381=ORIENTED_EDGE('',*,*,#2553,.T.);
#382=ORIENTED_EDGE('',*,*,#2563,.T.);
#383=ORIENTED_EDGE('',*,*,#2549,.T.);
#384=ORIENTED_EDGE('',*,*,#2564,.F.);
#385=ORIENTED_EDGE('',*,*,#2565,.T.);
#386=ORIENTED_EDGE('',*,*,#2566,.F.);
#387=ORIENTED_EDGE('',*,*,#2562,.T.);
#388=ORIENTED_EDGE('',*,*,#2567,.F.);
#389=ORIENTED_EDGE('',*,*,#2568,.F.);
#390=ORIENTED_EDGE('',*,*,#2546,.T.);
#391=ORIENTED_EDGE('',*,*,#2561,.F.);
#392=ORIENTED_EDGE('',*,*,#2569,.F.);
#393=ORIENTED_EDGE('',*,*,#2570,.T.);
#394=ORIENTED_EDGE('',*,*,#2567,.T.);
#395=ORIENTED_EDGE('',*,*,#2560,.T.);
#396=ORIENTED_EDGE('',*,*,#2556,.F.);
#397=ORIENTED_EDGE('',*,*,#2571,.F.);
#398=ORIENTED_EDGE('',*,*,#2569,.T.);
#399=ORIENTED_EDGE('',*,*,#2566,.T.);
#400=ORIENTED_EDGE('',*,*,#2572,.F.);
#401=ORIENTED_EDGE('',*,*,#2573,.F.);
#402=ORIENTED_EDGE('',*,*,#2554,.T.);
#403=ORIENTED_EDGE('',*,*,#2565,.F.);
#404=ORIENTED_EDGE('',*,*,#2574,.F.);
#405=ORIENTED_EDGE('',*,*,#2575,.T.);
#406=ORIENTED_EDGE('',*,*,#2572,.T.);
#407=ORIENTED_EDGE('',*,*,#2564,.T.);
#408=ORIENTED_EDGE('',*,*,#2548,.F.);
#409=ORIENTED_EDGE('',*,*,#2576,.F.);
#410=ORIENTED_EDGE('',*,*,#2574,.T.);
#411=ORIENTED_EDGE('',*,*,#2547,.F.);
#412=ORIENTED_EDGE('',*,*,#2568,.T.);
#413=ORIENTED_EDGE('',*,*,#2570,.F.);
#414=ORIENTED_EDGE('',*,*,#2571,.T.);
#415=ORIENTED_EDGE('',*,*,#2555,.F.);
#416=ORIENTED_EDGE('',*,*,#2573,.T.);
#417=ORIENTED_EDGE('',*,*,#2575,.F.);
#418=ORIENTED_EDGE('',*,*,#2576,.T.);
#419=ORIENTED_EDGE('',*,*,#2559,.T.);
#420=ORIENTED_EDGE('',*,*,#2544,.F.);
#421=ORIENTED_EDGE('',*,*,#2577,.F.);
#422=ORIENTED_EDGE('',*,*,#2558,.T.);
#423=ORIENTED_EDGE('',*,*,#2563,.F.);
#424=ORIENTED_EDGE('',*,*,#2552,.F.);
#425=ORIENTED_EDGE('',*,*,#2578,.T.);
#426=ORIENTED_EDGE('',*,*,#2550,.T.);
#427=ORIENTED_EDGE('',*,*,#2579,.F.);
#428=ORIENTED_EDGE('',*,*,#2580,.T.);
#429=ORIENTED_EDGE('',*,*,#2577,.T.);
#430=ORIENTED_EDGE('',*,*,#2543,.F.);
#431=ORIENTED_EDGE('',*,*,#2578,.F.);
#432=ORIENTED_EDGE('',*,*,#2551,.T.);
#433=ORIENTED_EDGE('',*,*,#2579,.T.);
#434=ORIENTED_EDGE('',*,*,#2580,.F.);
#435=ORIENTED_EDGE('',*,*,#2581,.T.);
#436=ORIENTED_EDGE('',*,*,#2582,.T.);
#437=ORIENTED_EDGE('',*,*,#2583,.T.);
#438=ORIENTED_EDGE('',*,*,#2584,.T.);
#439=ORIENTED_EDGE('',*,*,#2585,.T.);
#440=ORIENTED_EDGE('',*,*,#2586,.T.);
#441=ORIENTED_EDGE('',*,*,#2587,.T.);
#442=ORIENTED_EDGE('',*,*,#2588,.T.);
#443=ORIENTED_EDGE('',*,*,#2589,.T.);
#444=ORIENTED_EDGE('',*,*,#2590,.T.);
#445=ORIENTED_EDGE('',*,*,#2591,.T.);
#446=ORIENTED_EDGE('',*,*,#2592,.T.);
#447=ORIENTED_EDGE('',*,*,#2581,.F.);
#448=ORIENTED_EDGE('',*,*,#2593,.F.);
#449=ORIENTED_EDGE('',*,*,#2594,.T.);
#450=ORIENTED_EDGE('',*,*,#2595,.T.);
#451=ORIENTED_EDGE('',*,*,#2582,.F.);
#452=ORIENTED_EDGE('',*,*,#2595,.F.);
#453=ORIENTED_EDGE('',*,*,#2596,.T.);
#454=ORIENTED_EDGE('',*,*,#2597,.T.);
#455=ORIENTED_EDGE('',*,*,#2583,.F.);
#456=ORIENTED_EDGE('',*,*,#2597,.F.);
#457=ORIENTED_EDGE('',*,*,#2598,.T.);
#458=ORIENTED_EDGE('',*,*,#2599,.T.);
#459=ORIENTED_EDGE('',*,*,#2584,.F.);
#460=ORIENTED_EDGE('',*,*,#2599,.F.);
#461=ORIENTED_EDGE('',*,*,#2600,.T.);
#462=ORIENTED_EDGE('',*,*,#2601,.T.);
#463=ORIENTED_EDGE('',*,*,#2585,.F.);
#464=ORIENTED_EDGE('',*,*,#2601,.F.);
#465=ORIENTED_EDGE('',*,*,#2602,.T.);
#466=ORIENTED_EDGE('',*,*,#2603,.T.);
#467=ORIENTED_EDGE('',*,*,#2586,.F.);
#468=ORIENTED_EDGE('',*,*,#2603,.F.);
#469=ORIENTED_EDGE('',*,*,#2604,.T.);
#470=ORIENTED_EDGE('',*,*,#2605,.T.);
#471=ORIENTED_EDGE('',*,*,#2587,.F.);
#472=ORIENTED_EDGE('',*,*,#2605,.F.);
#473=ORIENTED_EDGE('',*,*,#2606,.T.);
#474=ORIENTED_EDGE('',*,*,#2607,.T.);
#475=ORIENTED_EDGE('',*,*,#2588,.F.);
#476=ORIENTED_EDGE('',*,*,#2607,.F.);
#477=ORIENTED_EDGE('',*,*,#2608,.T.);
#478=ORIENTED_EDGE('',*,*,#2609,.T.);
#479=ORIENTED_EDGE('',*,*,#2589,.F.);
#480=ORIENTED_EDGE('',*,*,#2609,.F.);
#481=ORIENTED_EDGE('',*,*,#2610,.T.);
#482=ORIENTED_EDGE('',*,*,#2611,.T.);
#483=ORIENTED_EDGE('',*,*,#2590,.F.);
#484=ORIENTED_EDGE('',*,*,#2611,.F.);
#485=ORIENTED_EDGE('',*,*,#2612,.T.);
#486=ORIENTED_EDGE('',*,*,#2613,.T.);
#487=ORIENTED_EDGE('',*,*,#2591,.F.);
#488=ORIENTED_EDGE('',*,*,#2613,.F.);
#489=ORIENTED_EDGE('',*,*,#2614,.T.);
#490=ORIENTED_EDGE('',*,*,#2615,.T.);
#491=ORIENTED_EDGE('',*,*,#2592,.F.);
#492=ORIENTED_EDGE('',*,*,#2615,.F.);
#493=ORIENTED_EDGE('',*,*,#2616,.T.);
#494=ORIENTED_EDGE('',*,*,#2593,.T.);
#495=ORIENTED_EDGE('',*,*,#2594,.F.);
#496=ORIENTED_EDGE('',*,*,#2616,.F.);
#497=ORIENTED_EDGE('',*,*,#2614,.F.);
#498=ORIENTED_EDGE('',*,*,#2612,.F.);
#499=ORIENTED_EDGE('',*,*,#2610,.F.);
#500=ORIENTED_EDGE('',*,*,#2608,.F.);
#501=ORIENTED_EDGE('',*,*,#2606,.F.);
#502=ORIENTED_EDGE('',*,*,#2604,.F.);
#503=ORIENTED_EDGE('',*,*,#2602,.F.);
#504=ORIENTED_EDGE('',*,*,#2600,.F.);
#505=ORIENTED_EDGE('',*,*,#2598,.F.);
#506=ORIENTED_EDGE('',*,*,#2596,.F.);
#507=ORIENTED_EDGE('',*,*,#2617,.T.);
#508=ORIENTED_EDGE('',*,*,#2618,.F.);
#509=ORIENTED_EDGE('',*,*,#2619,.T.);
#510=ORIENTED_EDGE('',*,*,#2620,.F.);
#511=ORIENTED_EDGE('',*,*,#2621,.T.);
#512=ORIENTED_EDGE('',*,*,#2622,.T.);
#513=ORIENTED_EDGE('',*,*,#2623,.T.);
#514=ORIENTED_EDGE('',*,*,#2624,.T.);
#515=ORIENTED_EDGE('',*,*,#2625,.T.);
#516=ORIENTED_EDGE('',*,*,#2626,.F.);
#517=ORIENTED_EDGE('',*,*,#2627,.F.);
#518=ORIENTED_EDGE('',*,*,#2628,.F.);
#519=ORIENTED_EDGE('',*,*,#2629,.F.);
#520=ORIENTED_EDGE('',*,*,#2630,.F.);
#521=ORIENTED_EDGE('',*,*,#2631,.T.);
#522=ORIENTED_EDGE('',*,*,#2632,.F.);
#523=ORIENTED_EDGE('',*,*,#2625,.F.);
#524=ORIENTED_EDGE('',*,*,#2633,.F.);
#525=ORIENTED_EDGE('',*,*,#2634,.T.);
#526=ORIENTED_EDGE('',*,*,#2635,.T.);
#527=ORIENTED_EDGE('',*,*,#2632,.T.);
#528=ORIENTED_EDGE('',*,*,#2636,.F.);
#529=ORIENTED_EDGE('',*,*,#2637,.F.);
#530=ORIENTED_EDGE('',*,*,#2633,.T.);
#531=ORIENTED_EDGE('',*,*,#2631,.F.);
#532=ORIENTED_EDGE('',*,*,#2638,.F.);
#533=ORIENTED_EDGE('',*,*,#2639,.T.);
#534=ORIENTED_EDGE('',*,*,#2636,.T.);
#535=ORIENTED_EDGE('',*,*,#2630,.T.);
#536=ORIENTED_EDGE('',*,*,#2640,.F.);
#537=ORIENTED_EDGE('',*,*,#2641,.F.);
#538=ORIENTED_EDGE('',*,*,#2638,.T.);
#539=ORIENTED_EDGE('',*,*,#2629,.T.);
#540=ORIENTED_EDGE('',*,*,#2642,.F.);
#541=ORIENTED_EDGE('',*,*,#2643,.F.);
#542=ORIENTED_EDGE('',*,*,#2640,.T.);
#543=ORIENTED_EDGE('',*,*,#2628,.T.);
#544=ORIENTED_EDGE('',*,*,#2644,.F.);
#545=ORIENTED_EDGE('',*,*,#2645,.F.);
#546=ORIENTED_EDGE('',*,*,#2642,.T.);
#547=ORIENTED_EDGE('',*,*,#2627,.T.);
#548=ORIENTED_EDGE('',*,*,#2646,.F.);
#549=ORIENTED_EDGE('',*,*,#2647,.F.);
#550=ORIENTED_EDGE('',*,*,#2644,.T.);
#551=ORIENTED_EDGE('',*,*,#2626,.T.);
#552=ORIENTED_EDGE('',*,*,#2635,.F.);
#553=ORIENTED_EDGE('',*,*,#2648,.F.);
#554=ORIENTED_EDGE('',*,*,#2646,.T.);
#555=ORIENTED_EDGE('',*,*,#2634,.F.);
#556=ORIENTED_EDGE('',*,*,#2637,.T.);
#557=ORIENTED_EDGE('',*,*,#2639,.F.);
#558=ORIENTED_EDGE('',*,*,#2641,.T.);
#559=ORIENTED_EDGE('',*,*,#2643,.T.);
#560=ORIENTED_EDGE('',*,*,#2645,.T.);
#561=ORIENTED_EDGE('',*,*,#2647,.T.);
#562=ORIENTED_EDGE('',*,*,#2648,.T.);
#563=ORIENTED_EDGE('',*,*,#2618,.T.);
#564=ORIENTED_EDGE('',*,*,#2649,.F.);
#565=ORIENTED_EDGE('',*,*,#2650,.F.);
#566=ORIENTED_EDGE('',*,*,#2651,.T.);
#567=ORIENTED_EDGE('',*,*,#2619,.F.);
#568=ORIENTED_EDGE('',*,*,#2651,.F.);
#569=ORIENTED_EDGE('',*,*,#2652,.T.);
#570=ORIENTED_EDGE('',*,*,#2653,.T.);
#571=ORIENTED_EDGE('',*,*,#2620,.T.);
#572=ORIENTED_EDGE('',*,*,#2653,.F.);
#573=ORIENTED_EDGE('',*,*,#2654,.F.);
#574=ORIENTED_EDGE('',*,*,#2655,.T.);
#575=ORIENTED_EDGE('',*,*,#2621,.F.);
#576=ORIENTED_EDGE('',*,*,#2655,.F.);
#577=ORIENTED_EDGE('',*,*,#2656,.T.);
#578=ORIENTED_EDGE('',*,*,#2657,.T.);
#579=ORIENTED_EDGE('',*,*,#2622,.F.);
#580=ORIENTED_EDGE('',*,*,#2657,.F.);
#581=ORIENTED_EDGE('',*,*,#2658,.T.);
#582=ORIENTED_EDGE('',*,*,#2659,.T.);
#583=ORIENTED_EDGE('',*,*,#2623,.F.);
#584=ORIENTED_EDGE('',*,*,#2659,.F.);
#585=ORIENTED_EDGE('',*,*,#2660,.T.);
#586=ORIENTED_EDGE('',*,*,#2661,.T.);
#587=ORIENTED_EDGE('',*,*,#2624,.F.);
#588=ORIENTED_EDGE('',*,*,#2661,.F.);
#589=ORIENTED_EDGE('',*,*,#2662,.T.);
#590=ORIENTED_EDGE('',*,*,#2663,.T.);
#591=ORIENTED_EDGE('',*,*,#2617,.F.);
#592=ORIENTED_EDGE('',*,*,#2663,.F.);
#593=ORIENTED_EDGE('',*,*,#2664,.T.);
#594=ORIENTED_EDGE('',*,*,#2649,.T.);
#595=ORIENTED_EDGE('',*,*,#2665,.F.);
#596=ORIENTED_EDGE('',*,*,#2666,.T.);
#597=ORIENTED_EDGE('',*,*,#2650,.T.);
#598=ORIENTED_EDGE('',*,*,#2664,.F.);
#599=ORIENTED_EDGE('',*,*,#2662,.F.);
#600=ORIENTED_EDGE('',*,*,#2660,.F.);
#601=ORIENTED_EDGE('',*,*,#2658,.F.);
#602=ORIENTED_EDGE('',*,*,#2656,.F.);
#603=ORIENTED_EDGE('',*,*,#2654,.T.);
#604=ORIENTED_EDGE('',*,*,#2652,.F.);
#605=ORIENTED_EDGE('',*,*,#2665,.T.);
#606=ORIENTED_EDGE('',*,*,#2666,.F.);
#607=ORIENTED_EDGE('',*,*,#2667,.T.);
#608=ORIENTED_EDGE('',*,*,#2668,.T.);
#609=ORIENTED_EDGE('',*,*,#2669,.T.);
#610=ORIENTED_EDGE('',*,*,#2670,.T.);
#611=ORIENTED_EDGE('',*,*,#2671,.T.);
#612=ORIENTED_EDGE('',*,*,#2672,.T.);
#613=ORIENTED_EDGE('',*,*,#2673,.T.);
#614=ORIENTED_EDGE('',*,*,#2674,.T.);
#615=ORIENTED_EDGE('',*,*,#2675,.T.);
#616=ORIENTED_EDGE('',*,*,#2676,.T.);
#617=ORIENTED_EDGE('',*,*,#2677,.T.);
#618=ORIENTED_EDGE('',*,*,#2678,.T.);
#619=ORIENTED_EDGE('',*,*,#2667,.F.);
#620=ORIENTED_EDGE('',*,*,#2679,.F.);
#621=ORIENTED_EDGE('',*,*,#2680,.T.);
#622=ORIENTED_EDGE('',*,*,#2681,.T.);
#623=ORIENTED_EDGE('',*,*,#2668,.F.);
#624=ORIENTED_EDGE('',*,*,#2681,.F.);
#625=ORIENTED_EDGE('',*,*,#2682,.T.);
#626=ORIENTED_EDGE('',*,*,#2683,.T.);
#627=ORIENTED_EDGE('',*,*,#2669,.F.);
#628=ORIENTED_EDGE('',*,*,#2683,.F.);
#629=ORIENTED_EDGE('',*,*,#2684,.T.);
#630=ORIENTED_EDGE('',*,*,#2685,.T.);
#631=ORIENTED_EDGE('',*,*,#2670,.F.);
#632=ORIENTED_EDGE('',*,*,#2685,.F.);
#633=ORIENTED_EDGE('',*,*,#2686,.T.);
#634=ORIENTED_EDGE('',*,*,#2687,.T.);
#635=ORIENTED_EDGE('',*,*,#2671,.F.);
#636=ORIENTED_EDGE('',*,*,#2687,.F.);
#637=ORIENTED_EDGE('',*,*,#2688,.T.);
#638=ORIENTED_EDGE('',*,*,#2689,.T.);
#639=ORIENTED_EDGE('',*,*,#2672,.F.);
#640=ORIENTED_EDGE('',*,*,#2689,.F.);
#641=ORIENTED_EDGE('',*,*,#2690,.T.);
#642=ORIENTED_EDGE('',*,*,#2691,.T.);
#643=ORIENTED_EDGE('',*,*,#2673,.F.);
#644=ORIENTED_EDGE('',*,*,#2691,.F.);
#645=ORIENTED_EDGE('',*,*,#2692,.T.);
#646=ORIENTED_EDGE('',*,*,#2693,.T.);
#647=ORIENTED_EDGE('',*,*,#2674,.F.);
#648=ORIENTED_EDGE('',*,*,#2693,.F.);
#649=ORIENTED_EDGE('',*,*,#2694,.T.);
#650=ORIENTED_EDGE('',*,*,#2695,.T.);
#651=ORIENTED_EDGE('',*,*,#2675,.F.);
#652=ORIENTED_EDGE('',*,*,#2695,.F.);
#653=ORIENTED_EDGE('',*,*,#2696,.T.);
#654=ORIENTED_EDGE('',*,*,#2697,.T.);
#655=ORIENTED_EDGE('',*,*,#2676,.F.);
#656=ORIENTED_EDGE('',*,*,#2697,.F.);
#657=ORIENTED_EDGE('',*,*,#2698,.T.);
#658=ORIENTED_EDGE('',*,*,#2699,.T.);
#659=ORIENTED_EDGE('',*,*,#2677,.F.);
#660=ORIENTED_EDGE('',*,*,#2699,.F.);
#661=ORIENTED_EDGE('',*,*,#2700,.T.);
#662=ORIENTED_EDGE('',*,*,#2701,.T.);
#663=ORIENTED_EDGE('',*,*,#2678,.F.);
#664=ORIENTED_EDGE('',*,*,#2701,.F.);
#665=ORIENTED_EDGE('',*,*,#2702,.T.);
#666=ORIENTED_EDGE('',*,*,#2679,.T.);
#667=ORIENTED_EDGE('',*,*,#2680,.F.);
#668=ORIENTED_EDGE('',*,*,#2702,.F.);
#669=ORIENTED_EDGE('',*,*,#2700,.F.);
#670=ORIENTED_EDGE('',*,*,#2698,.F.);
#671=ORIENTED_EDGE('',*,*,#2696,.F.);
#672=ORIENTED_EDGE('',*,*,#2694,.F.);
#673=ORIENTED_EDGE('',*,*,#2692,.F.);
#674=ORIENTED_EDGE('',*,*,#2690,.F.);
#675=ORIENTED_EDGE('',*,*,#2688,.F.);
#676=ORIENTED_EDGE('',*,*,#2686,.F.);
#677=ORIENTED_EDGE('',*,*,#2684,.F.);
#678=ORIENTED_EDGE('',*,*,#2682,.F.);
#679=ORIENTED_EDGE('',*,*,#2703,.T.);
#680=ORIENTED_EDGE('',*,*,#2704,.T.);
#681=ORIENTED_EDGE('',*,*,#2705,.F.);
#682=ORIENTED_EDGE('',*,*,#2706,.F.);
#683=ORIENTED_EDGE('',*,*,#2707,.T.);
#684=ORIENTED_EDGE('',*,*,#2708,.T.);
#685=ORIENTED_EDGE('',*,*,#2709,.F.);
#686=ORIENTED_EDGE('',*,*,#2710,.F.);
#687=ORIENTED_EDGE('',*,*,#2711,.F.);
#688=ORIENTED_EDGE('',*,*,#2712,.T.);
#689=ORIENTED_EDGE('',*,*,#2713,.F.);
#690=ORIENTED_EDGE('',*,*,#2714,.F.);
#691=ORIENTED_EDGE('',*,*,#2715,.T.);
#692=ORIENTED_EDGE('',*,*,#2716,.T.);
#693=ORIENTED_EDGE('',*,*,#2717,.F.);
#694=ORIENTED_EDGE('',*,*,#2718,.F.);
#695=ORIENTED_EDGE('',*,*,#2719,.F.);
#696=ORIENTED_EDGE('',*,*,#2717,.T.);
#697=ORIENTED_EDGE('',*,*,#2720,.F.);
#698=ORIENTED_EDGE('',*,*,#2721,.T.);
#699=ORIENTED_EDGE('',*,*,#2722,.F.);
#700=ORIENTED_EDGE('',*,*,#2705,.T.);
#701=ORIENTED_EDGE('',*,*,#2713,.T.);
#702=ORIENTED_EDGE('',*,*,#2723,.T.);
#703=ORIENTED_EDGE('',*,*,#2709,.T.);
#704=ORIENTED_EDGE('',*,*,#2724,.F.);
#705=ORIENTED_EDGE('',*,*,#2725,.T.);
#706=ORIENTED_EDGE('',*,*,#2726,.F.);
#707=ORIENTED_EDGE('',*,*,#2722,.T.);
#708=ORIENTED_EDGE('',*,*,#2727,.F.);
#709=ORIENTED_EDGE('',*,*,#2728,.F.);
#710=ORIENTED_EDGE('',*,*,#2706,.T.);
#711=ORIENTED_EDGE('',*,*,#2721,.F.);
#712=ORIENTED_EDGE('',*,*,#2729,.F.);
#713=ORIENTED_EDGE('',*,*,#2730,.T.);
#714=ORIENTED_EDGE('',*,*,#2727,.T.);
#715=ORIENTED_EDGE('',*,*,#2720,.T.);
#716=ORIENTED_EDGE('',*,*,#2716,.F.);
#717=ORIENTED_EDGE('',*,*,#2731,.F.);
#718=ORIENTED_EDGE('',*,*,#2729,.T.);
#719=ORIENTED_EDGE('',*,*,#2726,.T.);
#720=ORIENTED_EDGE('',*,*,#2732,.F.);
#721=ORIENTED_EDGE('',*,*,#2733,.F.);
#722=ORIENTED_EDGE('',*,*,#2714,.T.);
#723=ORIENTED_EDGE('',*,*,#2725,.F.);
#724=ORIENTED_EDGE('',*,*,#2734,.F.);
#725=ORIENTED_EDGE('',*,*,#2735,.T.);
#726=ORIENTED_EDGE('',*,*,#2732,.T.);
#727=ORIENTED_EDGE('',*,*,#2724,.T.);
#728=ORIENTED_EDGE('',*,*,#2708,.F.);
#729=ORIENTED_EDGE('',*,*,#2736,.F.);
#730=ORIENTED_EDGE('',*,*,#2734,.T.);
#731=ORIENTED_EDGE('',*,*,#2707,.F.);
#732=ORIENTED_EDGE('',*,*,#2728,.T.);
#733=ORIENTED_EDGE('',*,*,#2730,.F.);
#734=ORIENTED_EDGE('',*,*,#2731,.T.);
#735=ORIENTED_EDGE('',*,*,#2715,.F.);
#736=ORIENTED_EDGE('',*,*,#2733,.T.);
#737=ORIENTED_EDGE('',*,*,#2735,.F.);
#738=ORIENTED_EDGE('',*,*,#2736,.T.);
#739=ORIENTED_EDGE('',*,*,#2719,.T.);
#740=ORIENTED_EDGE('',*,*,#2704,.F.);
#741=ORIENTED_EDGE('',*,*,#2737,.F.);
#742=ORIENTED_EDGE('',*,*,#2718,.T.);
#743=ORIENTED_EDGE('',*,*,#2723,.F.);
#744=ORIENTED_EDGE('',*,*,#2712,.F.);
#745=ORIENTED_EDGE('',*,*,#2738,.T.);
#746=ORIENTED_EDGE('',*,*,#2710,.T.);
#747=ORIENTED_EDGE('',*,*,#2739,.F.);
#748=ORIENTED_EDGE('',*,*,#2740,.T.);
#749=ORIENTED_EDGE('',*,*,#2737,.T.);
#750=ORIENTED_EDGE('',*,*,#2703,.F.);
#751=ORIENTED_EDGE('',*,*,#2738,.F.);
#752=ORIENTED_EDGE('',*,*,#2711,.T.);
#753=ORIENTED_EDGE('',*,*,#2739,.T.);
#754=ORIENTED_EDGE('',*,*,#2740,.F.);
#755=ORIENTED_EDGE('',*,*,#2741,.T.);
#756=ORIENTED_EDGE('',*,*,#2742,.T.);
#757=ORIENTED_EDGE('',*,*,#2743,.T.);
#758=ORIENTED_EDGE('',*,*,#2744,.T.);
#759=ORIENTED_EDGE('',*,*,#2745,.T.);
#760=ORIENTED_EDGE('',*,*,#2746,.T.);
#761=ORIENTED_EDGE('',*,*,#2747,.T.);
#762=ORIENTED_EDGE('',*,*,#2748,.T.);
#763=ORIENTED_EDGE('',*,*,#2749,.T.);
#764=ORIENTED_EDGE('',*,*,#2750,.T.);
#765=ORIENTED_EDGE('',*,*,#2751,.T.);
#766=ORIENTED_EDGE('',*,*,#2752,.T.);
#767=ORIENTED_EDGE('',*,*,#2741,.F.);
#768=ORIENTED_EDGE('',*,*,#2753,.F.);
#769=ORIENTED_EDGE('',*,*,#2754,.T.);
#770=ORIENTED_EDGE('',*,*,#2755,.T.);
#771=ORIENTED_EDGE('',*,*,#2742,.F.);
#772=ORIENTED_EDGE('',*,*,#2755,.F.);
#773=ORIENTED_EDGE('',*,*,#2756,.T.);
#774=ORIENTED_EDGE('',*,*,#2757,.T.);
#775=ORIENTED_EDGE('',*,*,#2743,.F.);
#776=ORIENTED_EDGE('',*,*,#2757,.F.);
#777=ORIENTED_EDGE('',*,*,#2758,.T.);
#778=ORIENTED_EDGE('',*,*,#2759,.T.);
#779=ORIENTED_EDGE('',*,*,#2744,.F.);
#780=ORIENTED_EDGE('',*,*,#2759,.F.);
#781=ORIENTED_EDGE('',*,*,#2760,.T.);
#782=ORIENTED_EDGE('',*,*,#2761,.T.);
#783=ORIENTED_EDGE('',*,*,#2745,.F.);
#784=ORIENTED_EDGE('',*,*,#2761,.F.);
#785=ORIENTED_EDGE('',*,*,#2762,.T.);
#786=ORIENTED_EDGE('',*,*,#2763,.T.);
#787=ORIENTED_EDGE('',*,*,#2746,.F.);
#788=ORIENTED_EDGE('',*,*,#2763,.F.);
#789=ORIENTED_EDGE('',*,*,#2764,.T.);
#790=ORIENTED_EDGE('',*,*,#2765,.T.);
#791=ORIENTED_EDGE('',*,*,#2747,.F.);
#792=ORIENTED_EDGE('',*,*,#2765,.F.);
#793=ORIENTED_EDGE('',*,*,#2766,.T.);
#794=ORIENTED_EDGE('',*,*,#2767,.T.);
#795=ORIENTED_EDGE('',*,*,#2748,.F.);
#796=ORIENTED_EDGE('',*,*,#2767,.F.);
#797=ORIENTED_EDGE('',*,*,#2768,.T.);
#798=ORIENTED_EDGE('',*,*,#2769,.T.);
#799=ORIENTED_EDGE('',*,*,#2749,.F.);
#800=ORIENTED_EDGE('',*,*,#2769,.F.);
#801=ORIENTED_EDGE('',*,*,#2770,.T.);
#802=ORIENTED_EDGE('',*,*,#2771,.T.);
#803=ORIENTED_EDGE('',*,*,#2750,.F.);
#804=ORIENTED_EDGE('',*,*,#2771,.F.);
#805=ORIENTED_EDGE('',*,*,#2772,.T.);
#806=ORIENTED_EDGE('',*,*,#2773,.T.);
#807=ORIENTED_EDGE('',*,*,#2751,.F.);
#808=ORIENTED_EDGE('',*,*,#2773,.F.);
#809=ORIENTED_EDGE('',*,*,#2774,.T.);
#810=ORIENTED_EDGE('',*,*,#2775,.T.);
#811=ORIENTED_EDGE('',*,*,#2752,.F.);
#812=ORIENTED_EDGE('',*,*,#2775,.F.);
#813=ORIENTED_EDGE('',*,*,#2776,.T.);
#814=ORIENTED_EDGE('',*,*,#2753,.T.);
#815=ORIENTED_EDGE('',*,*,#2754,.F.);
#816=ORIENTED_EDGE('',*,*,#2776,.F.);
#817=ORIENTED_EDGE('',*,*,#2774,.F.);
#818=ORIENTED_EDGE('',*,*,#2772,.F.);
#819=ORIENTED_EDGE('',*,*,#2770,.F.);
#820=ORIENTED_EDGE('',*,*,#2768,.F.);
#821=ORIENTED_EDGE('',*,*,#2766,.F.);
#822=ORIENTED_EDGE('',*,*,#2764,.F.);
#823=ORIENTED_EDGE('',*,*,#2762,.F.);
#824=ORIENTED_EDGE('',*,*,#2760,.F.);
#825=ORIENTED_EDGE('',*,*,#2758,.F.);
#826=ORIENTED_EDGE('',*,*,#2756,.F.);
#827=ORIENTED_EDGE('',*,*,#2777,.T.);
#828=ORIENTED_EDGE('',*,*,#2778,.T.);
#829=ORIENTED_EDGE('',*,*,#2779,.F.);
#830=ORIENTED_EDGE('',*,*,#2780,.F.);
#831=ORIENTED_EDGE('',*,*,#2781,.T.);
#832=ORIENTED_EDGE('',*,*,#2782,.T.);
#833=ORIENTED_EDGE('',*,*,#2783,.F.);
#834=ORIENTED_EDGE('',*,*,#2784,.F.);
#835=ORIENTED_EDGE('',*,*,#2785,.F.);
#836=ORIENTED_EDGE('',*,*,#2786,.T.);
#837=ORIENTED_EDGE('',*,*,#2787,.F.);
#838=ORIENTED_EDGE('',*,*,#2788,.F.);
#839=ORIENTED_EDGE('',*,*,#2789,.T.);
#840=ORIENTED_EDGE('',*,*,#2790,.T.);
#841=ORIENTED_EDGE('',*,*,#2791,.F.);
#842=ORIENTED_EDGE('',*,*,#2792,.F.);
#843=ORIENTED_EDGE('',*,*,#2793,.F.);
#844=ORIENTED_EDGE('',*,*,#2791,.T.);
#845=ORIENTED_EDGE('',*,*,#2794,.F.);
#846=ORIENTED_EDGE('',*,*,#2795,.T.);
#847=ORIENTED_EDGE('',*,*,#2796,.F.);
#848=ORIENTED_EDGE('',*,*,#2779,.T.);
#849=ORIENTED_EDGE('',*,*,#2787,.T.);
#850=ORIENTED_EDGE('',*,*,#2797,.T.);
#851=ORIENTED_EDGE('',*,*,#2783,.T.);
#852=ORIENTED_EDGE('',*,*,#2798,.F.);
#853=ORIENTED_EDGE('',*,*,#2799,.T.);
#854=ORIENTED_EDGE('',*,*,#2800,.F.);
#855=ORIENTED_EDGE('',*,*,#2796,.T.);
#856=ORIENTED_EDGE('',*,*,#2801,.F.);
#857=ORIENTED_EDGE('',*,*,#2802,.F.);
#858=ORIENTED_EDGE('',*,*,#2780,.T.);
#859=ORIENTED_EDGE('',*,*,#2795,.F.);
#860=ORIENTED_EDGE('',*,*,#2803,.F.);
#861=ORIENTED_EDGE('',*,*,#2804,.T.);
#862=ORIENTED_EDGE('',*,*,#2801,.T.);
#863=ORIENTED_EDGE('',*,*,#2794,.T.);
#864=ORIENTED_EDGE('',*,*,#2790,.F.);
#865=ORIENTED_EDGE('',*,*,#2805,.F.);
#866=ORIENTED_EDGE('',*,*,#2803,.T.);
#867=ORIENTED_EDGE('',*,*,#2800,.T.);
#868=ORIENTED_EDGE('',*,*,#2806,.F.);
#869=ORIENTED_EDGE('',*,*,#2807,.F.);
#870=ORIENTED_EDGE('',*,*,#2788,.T.);
#871=ORIENTED_EDGE('',*,*,#2799,.F.);
#872=ORIENTED_EDGE('',*,*,#2808,.F.);
#873=ORIENTED_EDGE('',*,*,#2809,.T.);
#874=ORIENTED_EDGE('',*,*,#2806,.T.);
#875=ORIENTED_EDGE('',*,*,#2798,.T.);
#876=ORIENTED_EDGE('',*,*,#2782,.F.);
#877=ORIENTED_EDGE('',*,*,#2810,.F.);
#878=ORIENTED_EDGE('',*,*,#2808,.T.);
#879=ORIENTED_EDGE('',*,*,#2781,.F.);
#880=ORIENTED_EDGE('',*,*,#2802,.T.);
#881=ORIENTED_EDGE('',*,*,#2804,.F.);
#882=ORIENTED_EDGE('',*,*,#2805,.T.);
#883=ORIENTED_EDGE('',*,*,#2789,.F.);
#884=ORIENTED_EDGE('',*,*,#2807,.T.);
#885=ORIENTED_EDGE('',*,*,#2809,.F.);
#886=ORIENTED_EDGE('',*,*,#2810,.T.);
#887=ORIENTED_EDGE('',*,*,#2797,.F.);
#888=ORIENTED_EDGE('',*,*,#2786,.F.);
#889=ORIENTED_EDGE('',*,*,#2811,.T.);
#890=ORIENTED_EDGE('',*,*,#2784,.T.);
#891=ORIENTED_EDGE('',*,*,#2793,.T.);
#892=ORIENTED_EDGE('',*,*,#2778,.F.);
#893=ORIENTED_EDGE('',*,*,#2812,.F.);
#894=ORIENTED_EDGE('',*,*,#2792,.T.);
#895=ORIENTED_EDGE('',*,*,#2813,.F.);
#896=ORIENTED_EDGE('',*,*,#2814,.T.);
#897=ORIENTED_EDGE('',*,*,#2813,.T.);
#898=ORIENTED_EDGE('',*,*,#2811,.F.);
#899=ORIENTED_EDGE('',*,*,#2785,.T.);
#900=ORIENTED_EDGE('',*,*,#2812,.T.);
#901=ORIENTED_EDGE('',*,*,#2777,.F.);
#902=ORIENTED_EDGE('',*,*,#2814,.F.);
#903=ORIENTED_EDGE('',*,*,#2815,.T.);
#904=ORIENTED_EDGE('',*,*,#2816,.T.);
#905=ORIENTED_EDGE('',*,*,#2817,.T.);
#906=ORIENTED_EDGE('',*,*,#2818,.T.);
#907=ORIENTED_EDGE('',*,*,#2819,.T.);
#908=ORIENTED_EDGE('',*,*,#2820,.T.);
#909=ORIENTED_EDGE('',*,*,#2821,.T.);
#910=ORIENTED_EDGE('',*,*,#2822,.T.);
#911=ORIENTED_EDGE('',*,*,#2823,.T.);
#912=ORIENTED_EDGE('',*,*,#2824,.T.);
#913=ORIENTED_EDGE('',*,*,#2825,.T.);
#914=ORIENTED_EDGE('',*,*,#2826,.T.);
#915=ORIENTED_EDGE('',*,*,#2815,.F.);
#916=ORIENTED_EDGE('',*,*,#2827,.F.);
#917=ORIENTED_EDGE('',*,*,#2828,.T.);
#918=ORIENTED_EDGE('',*,*,#2829,.T.);
#919=ORIENTED_EDGE('',*,*,#2816,.F.);
#920=ORIENTED_EDGE('',*,*,#2829,.F.);
#921=ORIENTED_EDGE('',*,*,#2830,.T.);
#922=ORIENTED_EDGE('',*,*,#2831,.T.);
#923=ORIENTED_EDGE('',*,*,#2817,.F.);
#924=ORIENTED_EDGE('',*,*,#2831,.F.);
#925=ORIENTED_EDGE('',*,*,#2832,.T.);
#926=ORIENTED_EDGE('',*,*,#2833,.T.);
#927=ORIENTED_EDGE('',*,*,#2818,.F.);
#928=ORIENTED_EDGE('',*,*,#2833,.F.);
#929=ORIENTED_EDGE('',*,*,#2834,.T.);
#930=ORIENTED_EDGE('',*,*,#2835,.T.);
#931=ORIENTED_EDGE('',*,*,#2819,.F.);
#932=ORIENTED_EDGE('',*,*,#2835,.F.);
#933=ORIENTED_EDGE('',*,*,#2836,.T.);
#934=ORIENTED_EDGE('',*,*,#2837,.T.);
#935=ORIENTED_EDGE('',*,*,#2820,.F.);
#936=ORIENTED_EDGE('',*,*,#2837,.F.);
#937=ORIENTED_EDGE('',*,*,#2838,.T.);
#938=ORIENTED_EDGE('',*,*,#2839,.T.);
#939=ORIENTED_EDGE('',*,*,#2821,.F.);
#940=ORIENTED_EDGE('',*,*,#2839,.F.);
#941=ORIENTED_EDGE('',*,*,#2840,.T.);
#942=ORIENTED_EDGE('',*,*,#2841,.T.);
#943=ORIENTED_EDGE('',*,*,#2822,.F.);
#944=ORIENTED_EDGE('',*,*,#2841,.F.);
#945=ORIENTED_EDGE('',*,*,#2842,.T.);
#946=ORIENTED_EDGE('',*,*,#2843,.T.);
#947=ORIENTED_EDGE('',*,*,#2823,.F.);
#948=ORIENTED_EDGE('',*,*,#2843,.F.);
#949=ORIENTED_EDGE('',*,*,#2844,.T.);
#950=ORIENTED_EDGE('',*,*,#2845,.T.);
#951=ORIENTED_EDGE('',*,*,#2824,.F.);
#952=ORIENTED_EDGE('',*,*,#2845,.F.);
#953=ORIENTED_EDGE('',*,*,#2846,.T.);
#954=ORIENTED_EDGE('',*,*,#2847,.T.);
#955=ORIENTED_EDGE('',*,*,#2825,.F.);
#956=ORIENTED_EDGE('',*,*,#2847,.F.);
#957=ORIENTED_EDGE('',*,*,#2848,.T.);
#958=ORIENTED_EDGE('',*,*,#2849,.T.);
#959=ORIENTED_EDGE('',*,*,#2826,.F.);
#960=ORIENTED_EDGE('',*,*,#2849,.F.);
#961=ORIENTED_EDGE('',*,*,#2850,.T.);
#962=ORIENTED_EDGE('',*,*,#2827,.T.);
#963=ORIENTED_EDGE('',*,*,#2828,.F.);
#964=ORIENTED_EDGE('',*,*,#2850,.F.);
#965=ORIENTED_EDGE('',*,*,#2848,.F.);
#966=ORIENTED_EDGE('',*,*,#2846,.F.);
#967=ORIENTED_EDGE('',*,*,#2844,.F.);
#968=ORIENTED_EDGE('',*,*,#2842,.F.);
#969=ORIENTED_EDGE('',*,*,#2840,.F.);
#970=ORIENTED_EDGE('',*,*,#2838,.F.);
#971=ORIENTED_EDGE('',*,*,#2836,.F.);
#972=ORIENTED_EDGE('',*,*,#2834,.F.);
#973=ORIENTED_EDGE('',*,*,#2832,.F.);
#974=ORIENTED_EDGE('',*,*,#2830,.F.);
#975=ORIENTED_EDGE('',*,*,#2851,.T.);
#976=ORIENTED_EDGE('',*,*,#2852,.F.);
#977=ORIENTED_EDGE('',*,*,#2853,.T.);
#978=ORIENTED_EDGE('',*,*,#2854,.F.);
#979=ORIENTED_EDGE('',*,*,#2855,.T.);
#980=ORIENTED_EDGE('',*,*,#2856,.T.);
#981=ORIENTED_EDGE('',*,*,#2857,.T.);
#982=ORIENTED_EDGE('',*,*,#2858,.T.);
#983=ORIENTED_EDGE('',*,*,#2859,.T.);
#984=ORIENTED_EDGE('',*,*,#2860,.F.);
#985=ORIENTED_EDGE('',*,*,#2861,.T.);
#986=ORIENTED_EDGE('',*,*,#2862,.F.);
#987=ORIENTED_EDGE('',*,*,#2863,.F.);
#988=ORIENTED_EDGE('',*,*,#2864,.F.);
#989=ORIENTED_EDGE('',*,*,#2865,.T.);
#990=ORIENTED_EDGE('',*,*,#2866,.T.);
#991=ORIENTED_EDGE('',*,*,#2867,.T.);
#992=ORIENTED_EDGE('',*,*,#2868,.F.);
#993=ORIENTED_EDGE('',*,*,#2869,.T.);
#994=ORIENTED_EDGE('',*,*,#2870,.F.);
#995=ORIENTED_EDGE('',*,*,#2871,.T.);
#996=ORIENTED_EDGE('',*,*,#2872,.F.);
#997=ORIENTED_EDGE('',*,*,#2873,.F.);
#998=ORIENTED_EDGE('',*,*,#2874,.F.);
#999=ORIENTED_EDGE('',*,*,#2859,.F.);
#1000=ORIENTED_EDGE('',*,*,#2875,.F.);
#1001=ORIENTED_EDGE('',*,*,#2876,.T.);
#1002=ORIENTED_EDGE('',*,*,#2877,.T.);
#1003=ORIENTED_EDGE('',*,*,#2874,.T.);
#1004=ORIENTED_EDGE('',*,*,#2878,.F.);
#1005=ORIENTED_EDGE('',*,*,#2879,.F.);
#1006=ORIENTED_EDGE('',*,*,#2875,.T.);
#1007=ORIENTED_EDGE('',*,*,#2873,.T.);
#1008=ORIENTED_EDGE('',*,*,#2880,.F.);
#1009=ORIENTED_EDGE('',*,*,#2881,.F.);
#1010=ORIENTED_EDGE('',*,*,#2878,.T.);
#1011=ORIENTED_EDGE('',*,*,#2872,.T.);
#1012=ORIENTED_EDGE('',*,*,#2882,.F.);
#1013=ORIENTED_EDGE('',*,*,#2883,.F.);
#1014=ORIENTED_EDGE('',*,*,#2880,.T.);
#1015=ORIENTED_EDGE('',*,*,#2871,.F.);
#1016=ORIENTED_EDGE('',*,*,#2884,.F.);
#1017=ORIENTED_EDGE('',*,*,#2885,.T.);
#1018=ORIENTED_EDGE('',*,*,#2882,.T.);
#1019=ORIENTED_EDGE('',*,*,#2870,.T.);
#1020=ORIENTED_EDGE('',*,*,#2886,.F.);
#1021=ORIENTED_EDGE('',*,*,#2887,.F.);
#1022=ORIENTED_EDGE('',*,*,#2884,.T.);
#1023=ORIENTED_EDGE('',*,*,#2869,.F.);
#1024=ORIENTED_EDGE('',*,*,#2888,.F.);
#1025=ORIENTED_EDGE('',*,*,#2889,.T.);
#1026=ORIENTED_EDGE('',*,*,#2886,.T.);
#1027=ORIENTED_EDGE('',*,*,#2868,.T.);
#1028=ORIENTED_EDGE('',*,*,#2890,.F.);
#1029=ORIENTED_EDGE('',*,*,#2891,.F.);
#1030=ORIENTED_EDGE('',*,*,#2888,.T.);
#1031=ORIENTED_EDGE('',*,*,#2867,.F.);
#1032=ORIENTED_EDGE('',*,*,#2892,.F.);
#1033=ORIENTED_EDGE('',*,*,#2893,.T.);
#1034=ORIENTED_EDGE('',*,*,#2890,.T.);
#1035=ORIENTED_EDGE('',*,*,#2866,.F.);
#1036=ORIENTED_EDGE('',*,*,#2894,.F.);
#1037=ORIENTED_EDGE('',*,*,#2895,.T.);
#1038=ORIENTED_EDGE('',*,*,#2892,.T.);
#1039=ORIENTED_EDGE('',*,*,#2865,.F.);
#1040=ORIENTED_EDGE('',*,*,#2896,.F.);
#1041=ORIENTED_EDGE('',*,*,#2897,.T.);
#1042=ORIENTED_EDGE('',*,*,#2894,.T.);
#1043=ORIENTED_EDGE('',*,*,#2864,.T.);
#1044=ORIENTED_EDGE('',*,*,#2898,.F.);
#1045=ORIENTED_EDGE('',*,*,#2899,.F.);
#1046=ORIENTED_EDGE('',*,*,#2896,.T.);
#1047=ORIENTED_EDGE('',*,*,#2863,.T.);
#1048=ORIENTED_EDGE('',*,*,#2900,.F.);
#1049=ORIENTED_EDGE('',*,*,#2901,.F.);
#1050=ORIENTED_EDGE('',*,*,#2898,.T.);
#1051=ORIENTED_EDGE('',*,*,#2862,.T.);
#1052=ORIENTED_EDGE('',*,*,#2902,.F.);
#1053=ORIENTED_EDGE('',*,*,#2903,.F.);
#1054=ORIENTED_EDGE('',*,*,#2900,.T.);
#1055=ORIENTED_EDGE('',*,*,#2861,.F.);
#1056=ORIENTED_EDGE('',*,*,#2904,.F.);
#1057=ORIENTED_EDGE('',*,*,#2905,.T.);
#1058=ORIENTED_EDGE('',*,*,#2902,.T.);
#1059=ORIENTED_EDGE('',*,*,#2860,.T.);
#1060=ORIENTED_EDGE('',*,*,#2877,.F.);
#1061=ORIENTED_EDGE('',*,*,#2906,.F.);
#1062=ORIENTED_EDGE('',*,*,#2904,.T.);
#1063=ORIENTED_EDGE('',*,*,#2876,.F.);
#1064=ORIENTED_EDGE('',*,*,#2879,.T.);
#1065=ORIENTED_EDGE('',*,*,#2881,.T.);
#1066=ORIENTED_EDGE('',*,*,#2883,.T.);
#1067=ORIENTED_EDGE('',*,*,#2885,.F.);
#1068=ORIENTED_EDGE('',*,*,#2887,.T.);
#1069=ORIENTED_EDGE('',*,*,#2889,.F.);
#1070=ORIENTED_EDGE('',*,*,#2891,.T.);
#1071=ORIENTED_EDGE('',*,*,#2893,.F.);
#1072=ORIENTED_EDGE('',*,*,#2895,.F.);
#1073=ORIENTED_EDGE('',*,*,#2897,.F.);
#1074=ORIENTED_EDGE('',*,*,#2899,.T.);
#1075=ORIENTED_EDGE('',*,*,#2901,.T.);
#1076=ORIENTED_EDGE('',*,*,#2903,.T.);
#1077=ORIENTED_EDGE('',*,*,#2905,.F.);
#1078=ORIENTED_EDGE('',*,*,#2906,.T.);
#1079=ORIENTED_EDGE('',*,*,#2852,.T.);
#1080=ORIENTED_EDGE('',*,*,#2907,.F.);
#1081=ORIENTED_EDGE('',*,*,#2908,.F.);
#1082=ORIENTED_EDGE('',*,*,#2909,.T.);
#1083=ORIENTED_EDGE('',*,*,#2853,.F.);
#1084=ORIENTED_EDGE('',*,*,#2909,.F.);
#1085=ORIENTED_EDGE('',*,*,#2910,.T.);
#1086=ORIENTED_EDGE('',*,*,#2911,.T.);
#1087=ORIENTED_EDGE('',*,*,#2854,.T.);
#1088=ORIENTED_EDGE('',*,*,#2911,.F.);
#1089=ORIENTED_EDGE('',*,*,#2912,.F.);
#1090=ORIENTED_EDGE('',*,*,#2913,.T.);
#1091=ORIENTED_EDGE('',*,*,#2855,.F.);
#1092=ORIENTED_EDGE('',*,*,#2913,.F.);
#1093=ORIENTED_EDGE('',*,*,#2914,.T.);
#1094=ORIENTED_EDGE('',*,*,#2915,.T.);
#1095=ORIENTED_EDGE('',*,*,#2856,.F.);
#1096=ORIENTED_EDGE('',*,*,#2915,.F.);
#1097=ORIENTED_EDGE('',*,*,#2916,.T.);
#1098=ORIENTED_EDGE('',*,*,#2917,.T.);
#1099=ORIENTED_EDGE('',*,*,#2857,.F.);
#1100=ORIENTED_EDGE('',*,*,#2917,.F.);
#1101=ORIENTED_EDGE('',*,*,#2918,.T.);
#1102=ORIENTED_EDGE('',*,*,#2919,.T.);
#1103=ORIENTED_EDGE('',*,*,#2858,.F.);
#1104=ORIENTED_EDGE('',*,*,#2919,.F.);
#1105=ORIENTED_EDGE('',*,*,#2920,.T.);
#1106=ORIENTED_EDGE('',*,*,#2921,.T.);
#1107=ORIENTED_EDGE('',*,*,#2851,.F.);
#1108=ORIENTED_EDGE('',*,*,#2921,.F.);
#1109=ORIENTED_EDGE('',*,*,#2922,.T.);
#1110=ORIENTED_EDGE('',*,*,#2907,.T.);
#1111=ORIENTED_EDGE('',*,*,#2923,.F.);
#1112=ORIENTED_EDGE('',*,*,#2924,.T.);
#1113=ORIENTED_EDGE('',*,*,#2908,.T.);
#1114=ORIENTED_EDGE('',*,*,#2922,.F.);
#1115=ORIENTED_EDGE('',*,*,#2920,.F.);
#1116=ORIENTED_EDGE('',*,*,#2918,.F.);
#1117=ORIENTED_EDGE('',*,*,#2916,.F.);
#1118=ORIENTED_EDGE('',*,*,#2914,.F.);
#1119=ORIENTED_EDGE('',*,*,#2912,.T.);
#1120=ORIENTED_EDGE('',*,*,#2910,.F.);
#1121=ORIENTED_EDGE('',*,*,#2923,.T.);
#1122=ORIENTED_EDGE('',*,*,#2924,.F.);
#1123=ORIENTED_EDGE('',*,*,#2925,.T.);
#1124=ORIENTED_EDGE('',*,*,#2926,.T.);
#1125=ORIENTED_EDGE('',*,*,#2927,.T.);
#1126=ORIENTED_EDGE('',*,*,#2928,.T.);
#1127=ORIENTED_EDGE('',*,*,#2929,.T.);
#1128=ORIENTED_EDGE('',*,*,#2930,.T.);
#1129=ORIENTED_EDGE('',*,*,#2931,.T.);
#1130=ORIENTED_EDGE('',*,*,#2932,.T.);
#1131=ORIENTED_EDGE('',*,*,#2933,.T.);
#1132=ORIENTED_EDGE('',*,*,#2934,.T.);
#1133=ORIENTED_EDGE('',*,*,#2935,.T.);
#1134=ORIENTED_EDGE('',*,*,#2936,.T.);
#1135=ORIENTED_EDGE('',*,*,#2925,.F.);
#1136=ORIENTED_EDGE('',*,*,#2937,.F.);
#1137=ORIENTED_EDGE('',*,*,#2938,.T.);
#1138=ORIENTED_EDGE('',*,*,#2939,.T.);
#1139=ORIENTED_EDGE('',*,*,#2926,.F.);
#1140=ORIENTED_EDGE('',*,*,#2939,.F.);
#1141=ORIENTED_EDGE('',*,*,#2940,.T.);
#1142=ORIENTED_EDGE('',*,*,#2941,.T.);
#1143=ORIENTED_EDGE('',*,*,#2927,.F.);
#1144=ORIENTED_EDGE('',*,*,#2941,.F.);
#1145=ORIENTED_EDGE('',*,*,#2942,.T.);
#1146=ORIENTED_EDGE('',*,*,#2943,.T.);
#1147=ORIENTED_EDGE('',*,*,#2928,.F.);
#1148=ORIENTED_EDGE('',*,*,#2943,.F.);
#1149=ORIENTED_EDGE('',*,*,#2944,.T.);
#1150=ORIENTED_EDGE('',*,*,#2945,.T.);
#1151=ORIENTED_EDGE('',*,*,#2929,.F.);
#1152=ORIENTED_EDGE('',*,*,#2945,.F.);
#1153=ORIENTED_EDGE('',*,*,#2946,.T.);
#1154=ORIENTED_EDGE('',*,*,#2947,.T.);
#1155=ORIENTED_EDGE('',*,*,#2930,.F.);
#1156=ORIENTED_EDGE('',*,*,#2947,.F.);
#1157=ORIENTED_EDGE('',*,*,#2948,.T.);
#1158=ORIENTED_EDGE('',*,*,#2949,.T.);
#1159=ORIENTED_EDGE('',*,*,#2931,.F.);
#1160=ORIENTED_EDGE('',*,*,#2949,.F.);
#1161=ORIENTED_EDGE('',*,*,#2950,.T.);
#1162=ORIENTED_EDGE('',*,*,#2951,.T.);
#1163=ORIENTED_EDGE('',*,*,#2932,.F.);
#1164=ORIENTED_EDGE('',*,*,#2951,.F.);
#1165=ORIENTED_EDGE('',*,*,#2952,.T.);
#1166=ORIENTED_EDGE('',*,*,#2953,.T.);
#1167=ORIENTED_EDGE('',*,*,#2933,.F.);
#1168=ORIENTED_EDGE('',*,*,#2953,.F.);
#1169=ORIENTED_EDGE('',*,*,#2954,.T.);
#1170=ORIENTED_EDGE('',*,*,#2955,.T.);
#1171=ORIENTED_EDGE('',*,*,#2934,.F.);
#1172=ORIENTED_EDGE('',*,*,#2955,.F.);
#1173=ORIENTED_EDGE('',*,*,#2956,.T.);
#1174=ORIENTED_EDGE('',*,*,#2957,.T.);
#1175=ORIENTED_EDGE('',*,*,#2935,.F.);
#1176=ORIENTED_EDGE('',*,*,#2957,.F.);
#1177=ORIENTED_EDGE('',*,*,#2958,.T.);
#1178=ORIENTED_EDGE('',*,*,#2959,.T.);
#1179=ORIENTED_EDGE('',*,*,#2936,.F.);
#1180=ORIENTED_EDGE('',*,*,#2959,.F.);
#1181=ORIENTED_EDGE('',*,*,#2960,.T.);
#1182=ORIENTED_EDGE('',*,*,#2937,.T.);
#1183=ORIENTED_EDGE('',*,*,#2938,.F.);
#1184=ORIENTED_EDGE('',*,*,#2960,.F.);
#1185=ORIENTED_EDGE('',*,*,#2958,.F.);
#1186=ORIENTED_EDGE('',*,*,#2956,.F.);
#1187=ORIENTED_EDGE('',*,*,#2954,.F.);
#1188=ORIENTED_EDGE('',*,*,#2952,.F.);
#1189=ORIENTED_EDGE('',*,*,#2950,.F.);
#1190=ORIENTED_EDGE('',*,*,#2948,.F.);
#1191=ORIENTED_EDGE('',*,*,#2946,.F.);
#1192=ORIENTED_EDGE('',*,*,#2944,.F.);
#1193=ORIENTED_EDGE('',*,*,#2942,.F.);
#1194=ORIENTED_EDGE('',*,*,#2940,.F.);
#1195=ORIENTED_EDGE('',*,*,#2961,.T.);
#1196=ORIENTED_EDGE('',*,*,#2962,.F.);
#1197=ORIENTED_EDGE('',*,*,#2963,.T.);
#1198=ORIENTED_EDGE('',*,*,#2964,.F.);
#1199=ORIENTED_EDGE('',*,*,#2965,.T.);
#1200=ORIENTED_EDGE('',*,*,#2966,.T.);
#1201=ORIENTED_EDGE('',*,*,#2967,.T.);
#1202=ORIENTED_EDGE('',*,*,#2968,.T.);
#1203=ORIENTED_EDGE('',*,*,#2969,.T.);
#1204=ORIENTED_EDGE('',*,*,#2970,.F.);
#1205=ORIENTED_EDGE('',*,*,#2971,.F.);
#1206=ORIENTED_EDGE('',*,*,#2972,.F.);
#1207=ORIENTED_EDGE('',*,*,#2973,.F.);
#1208=ORIENTED_EDGE('',*,*,#2974,.T.);
#1209=ORIENTED_EDGE('',*,*,#2975,.F.);
#1210=ORIENTED_EDGE('',*,*,#2976,.F.);
#1211=ORIENTED_EDGE('',*,*,#2977,.T.);
#1212=ORIENTED_EDGE('',*,*,#2978,.F.);
#1213=ORIENTED_EDGE('',*,*,#2979,.T.);
#1214=ORIENTED_EDGE('',*,*,#2980,.F.);
#1215=ORIENTED_EDGE('',*,*,#2969,.F.);
#1216=ORIENTED_EDGE('',*,*,#2981,.F.);
#1217=ORIENTED_EDGE('',*,*,#2982,.T.);
#1218=ORIENTED_EDGE('',*,*,#2983,.T.);
#1219=ORIENTED_EDGE('',*,*,#2980,.T.);
#1220=ORIENTED_EDGE('',*,*,#2984,.F.);
#1221=ORIENTED_EDGE('',*,*,#2985,.F.);
#1222=ORIENTED_EDGE('',*,*,#2981,.T.);
#1223=ORIENTED_EDGE('',*,*,#2979,.F.);
#1224=ORIENTED_EDGE('',*,*,#2986,.F.);
#1225=ORIENTED_EDGE('',*,*,#2987,.T.);
#1226=ORIENTED_EDGE('',*,*,#2984,.T.);
#1227=ORIENTED_EDGE('',*,*,#2978,.T.);
#1228=ORIENTED_EDGE('',*,*,#2988,.F.);
#1229=ORIENTED_EDGE('',*,*,#2989,.F.);
#1230=ORIENTED_EDGE('',*,*,#2986,.T.);
#1231=ORIENTED_EDGE('',*,*,#2977,.F.);
#1232=ORIENTED_EDGE('',*,*,#2990,.F.);
#1233=ORIENTED_EDGE('',*,*,#2991,.T.);
#1234=ORIENTED_EDGE('',*,*,#2988,.T.);
#1235=ORIENTED_EDGE('',*,*,#2976,.T.);
#1236=ORIENTED_EDGE('',*,*,#2992,.F.);
#1237=ORIENTED_EDGE('',*,*,#2993,.F.);
#1238=ORIENTED_EDGE('',*,*,#2990,.T.);
#1239=ORIENTED_EDGE('',*,*,#2975,.T.);
#1240=ORIENTED_EDGE('',*,*,#2994,.F.);
#1241=ORIENTED_EDGE('',*,*,#2995,.F.);
#1242=ORIENTED_EDGE('',*,*,#2992,.T.);
#1243=ORIENTED_EDGE('',*,*,#2974,.F.);
#1244=ORIENTED_EDGE('',*,*,#2996,.F.);
#1245=ORIENTED_EDGE('',*,*,#2997,.T.);
#1246=ORIENTED_EDGE('',*,*,#2994,.T.);
#1247=ORIENTED_EDGE('',*,*,#2973,.T.);
#1248=ORIENTED_EDGE('',*,*,#2998,.F.);
#1249=ORIENTED_EDGE('',*,*,#2999,.F.);
#1250=ORIENTED_EDGE('',*,*,#2996,.T.);
#1251=ORIENTED_EDGE('',*,*,#2972,.T.);
#1252=ORIENTED_EDGE('',*,*,#3000,.F.);
#1253=ORIENTED_EDGE('',*,*,#3001,.F.);
#1254=ORIENTED_EDGE('',*,*,#2998,.T.);
#1255=ORIENTED_EDGE('',*,*,#2971,.T.);
#1256=ORIENTED_EDGE('',*,*,#3002,.F.);
#1257=ORIENTED_EDGE('',*,*,#3003,.F.);
#1258=ORIENTED_EDGE('',*,*,#3000,.T.);
#1259=ORIENTED_EDGE('',*,*,#2970,.T.);
#1260=ORIENTED_EDGE('',*,*,#2983,.F.);
#1261=ORIENTED_EDGE('',*,*,#3004,.F.);
#1262=ORIENTED_EDGE('',*,*,#3002,.T.);
#1263=ORIENTED_EDGE('',*,*,#2982,.F.);
#1264=ORIENTED_EDGE('',*,*,#2985,.T.);
#1265=ORIENTED_EDGE('',*,*,#2987,.F.);
#1266=ORIENTED_EDGE('',*,*,#2989,.T.);
#1267=ORIENTED_EDGE('',*,*,#2991,.F.);
#1268=ORIENTED_EDGE('',*,*,#2993,.T.);
#1269=ORIENTED_EDGE('',*,*,#2995,.T.);
#1270=ORIENTED_EDGE('',*,*,#2997,.F.);
#1271=ORIENTED_EDGE('',*,*,#2999,.T.);
#1272=ORIENTED_EDGE('',*,*,#3001,.T.);
#1273=ORIENTED_EDGE('',*,*,#3003,.T.);
#1274=ORIENTED_EDGE('',*,*,#3004,.T.);
#1275=ORIENTED_EDGE('',*,*,#2962,.T.);
#1276=ORIENTED_EDGE('',*,*,#3005,.F.);
#1277=ORIENTED_EDGE('',*,*,#3006,.F.);
#1278=ORIENTED_EDGE('',*,*,#3007,.T.);
#1279=ORIENTED_EDGE('',*,*,#2963,.F.);
#1280=ORIENTED_EDGE('',*,*,#3007,.F.);
#1281=ORIENTED_EDGE('',*,*,#3008,.T.);
#1282=ORIENTED_EDGE('',*,*,#3009,.T.);
#1283=ORIENTED_EDGE('',*,*,#2964,.T.);
#1284=ORIENTED_EDGE('',*,*,#3009,.F.);
#1285=ORIENTED_EDGE('',*,*,#3010,.F.);
#1286=ORIENTED_EDGE('',*,*,#3011,.T.);
#1287=ORIENTED_EDGE('',*,*,#2965,.F.);
#1288=ORIENTED_EDGE('',*,*,#3011,.F.);
#1289=ORIENTED_EDGE('',*,*,#3012,.T.);
#1290=ORIENTED_EDGE('',*,*,#3013,.T.);
#1291=ORIENTED_EDGE('',*,*,#2966,.F.);
#1292=ORIENTED_EDGE('',*,*,#3013,.F.);
#1293=ORIENTED_EDGE('',*,*,#3014,.T.);
#1294=ORIENTED_EDGE('',*,*,#3015,.T.);
#1295=ORIENTED_EDGE('',*,*,#2967,.F.);
#1296=ORIENTED_EDGE('',*,*,#3015,.F.);
#1297=ORIENTED_EDGE('',*,*,#3016,.T.);
#1298=ORIENTED_EDGE('',*,*,#3017,.T.);
#1299=ORIENTED_EDGE('',*,*,#2968,.F.);
#1300=ORIENTED_EDGE('',*,*,#3017,.F.);
#1301=ORIENTED_EDGE('',*,*,#3018,.T.);
#1302=ORIENTED_EDGE('',*,*,#3019,.T.);
#1303=ORIENTED_EDGE('',*,*,#2961,.F.);
#1304=ORIENTED_EDGE('',*,*,#3019,.F.);
#1305=ORIENTED_EDGE('',*,*,#3020,.T.);
#1306=ORIENTED_EDGE('',*,*,#3005,.T.);
#1307=ORIENTED_EDGE('',*,*,#3021,.F.);
#1308=ORIENTED_EDGE('',*,*,#3022,.T.);
#1309=ORIENTED_EDGE('',*,*,#3006,.T.);
#1310=ORIENTED_EDGE('',*,*,#3020,.F.);
#1311=ORIENTED_EDGE('',*,*,#3018,.F.);
#1312=ORIENTED_EDGE('',*,*,#3016,.F.);
#1313=ORIENTED_EDGE('',*,*,#3014,.F.);
#1314=ORIENTED_EDGE('',*,*,#3012,.F.);
#1315=ORIENTED_EDGE('',*,*,#3010,.T.);
#1316=ORIENTED_EDGE('',*,*,#3008,.F.);
#1317=ORIENTED_EDGE('',*,*,#3021,.T.);
#1318=ORIENTED_EDGE('',*,*,#3022,.F.);
#1319=ORIENTED_EDGE('',*,*,#3023,.T.);
#1320=ORIENTED_EDGE('',*,*,#3024,.T.);
#1321=ORIENTED_EDGE('',*,*,#3025,.T.);
#1322=ORIENTED_EDGE('',*,*,#3026,.T.);
#1323=ORIENTED_EDGE('',*,*,#3027,.T.);
#1324=ORIENTED_EDGE('',*,*,#3028,.T.);
#1325=ORIENTED_EDGE('',*,*,#3029,.T.);
#1326=ORIENTED_EDGE('',*,*,#3030,.T.);
#1327=ORIENTED_EDGE('',*,*,#3031,.T.);
#1328=ORIENTED_EDGE('',*,*,#3032,.T.);
#1329=ORIENTED_EDGE('',*,*,#3033,.T.);
#1330=ORIENTED_EDGE('',*,*,#3034,.T.);
#1331=ORIENTED_EDGE('',*,*,#3023,.F.);
#1332=ORIENTED_EDGE('',*,*,#3035,.F.);
#1333=ORIENTED_EDGE('',*,*,#3036,.T.);
#1334=ORIENTED_EDGE('',*,*,#3037,.T.);
#1335=ORIENTED_EDGE('',*,*,#3024,.F.);
#1336=ORIENTED_EDGE('',*,*,#3037,.F.);
#1337=ORIENTED_EDGE('',*,*,#3038,.T.);
#1338=ORIENTED_EDGE('',*,*,#3039,.T.);
#1339=ORIENTED_EDGE('',*,*,#3025,.F.);
#1340=ORIENTED_EDGE('',*,*,#3039,.F.);
#1341=ORIENTED_EDGE('',*,*,#3040,.T.);
#1342=ORIENTED_EDGE('',*,*,#3041,.T.);
#1343=ORIENTED_EDGE('',*,*,#3026,.F.);
#1344=ORIENTED_EDGE('',*,*,#3041,.F.);
#1345=ORIENTED_EDGE('',*,*,#3042,.T.);
#1346=ORIENTED_EDGE('',*,*,#3043,.T.);
#1347=ORIENTED_EDGE('',*,*,#3027,.F.);
#1348=ORIENTED_EDGE('',*,*,#3043,.F.);
#1349=ORIENTED_EDGE('',*,*,#3044,.T.);
#1350=ORIENTED_EDGE('',*,*,#3045,.T.);
#1351=ORIENTED_EDGE('',*,*,#3028,.F.);
#1352=ORIENTED_EDGE('',*,*,#3045,.F.);
#1353=ORIENTED_EDGE('',*,*,#3046,.T.);
#1354=ORIENTED_EDGE('',*,*,#3047,.T.);
#1355=ORIENTED_EDGE('',*,*,#3029,.F.);
#1356=ORIENTED_EDGE('',*,*,#3047,.F.);
#1357=ORIENTED_EDGE('',*,*,#3048,.T.);
#1358=ORIENTED_EDGE('',*,*,#3049,.T.);
#1359=ORIENTED_EDGE('',*,*,#3030,.F.);
#1360=ORIENTED_EDGE('',*,*,#3049,.F.);
#1361=ORIENTED_EDGE('',*,*,#3050,.T.);
#1362=ORIENTED_EDGE('',*,*,#3051,.T.);
#1363=ORIENTED_EDGE('',*,*,#3031,.F.);
#1364=ORIENTED_EDGE('',*,*,#3051,.F.);
#1365=ORIENTED_EDGE('',*,*,#3052,.T.);
#1366=ORIENTED_EDGE('',*,*,#3053,.T.);
#1367=ORIENTED_EDGE('',*,*,#3032,.F.);
#1368=ORIENTED_EDGE('',*,*,#3053,.F.);
#1369=ORIENTED_EDGE('',*,*,#3054,.T.);
#1370=ORIENTED_EDGE('',*,*,#3055,.T.);
#1371=ORIENTED_EDGE('',*,*,#3033,.F.);
#1372=ORIENTED_EDGE('',*,*,#3055,.F.);
#1373=ORIENTED_EDGE('',*,*,#3056,.T.);
#1374=ORIENTED_EDGE('',*,*,#3057,.T.);
#1375=ORIENTED_EDGE('',*,*,#3034,.F.);
#1376=ORIENTED_EDGE('',*,*,#3057,.F.);
#1377=ORIENTED_EDGE('',*,*,#3058,.T.);
#1378=ORIENTED_EDGE('',*,*,#3035,.T.);
#1379=ORIENTED_EDGE('',*,*,#3036,.F.);
#1380=ORIENTED_EDGE('',*,*,#3058,.F.);
#1381=ORIENTED_EDGE('',*,*,#3056,.F.);
#1382=ORIENTED_EDGE('',*,*,#3054,.F.);
#1383=ORIENTED_EDGE('',*,*,#3052,.F.);
#1384=ORIENTED_EDGE('',*,*,#3050,.F.);
#1385=ORIENTED_EDGE('',*,*,#3048,.F.);
#1386=ORIENTED_EDGE('',*,*,#3046,.F.);
#1387=ORIENTED_EDGE('',*,*,#3044,.F.);
#1388=ORIENTED_EDGE('',*,*,#3042,.F.);
#1389=ORIENTED_EDGE('',*,*,#3040,.F.);
#1390=ORIENTED_EDGE('',*,*,#3038,.F.);
#1391=ORIENTED_EDGE('',*,*,#3059,.T.);
#1392=ORIENTED_EDGE('',*,*,#3060,.F.);
#1393=ORIENTED_EDGE('',*,*,#3061,.T.);
#1394=ORIENTED_EDGE('',*,*,#3062,.F.);
#1395=ORIENTED_EDGE('',*,*,#3063,.T.);
#1396=ORIENTED_EDGE('',*,*,#3064,.T.);
#1397=ORIENTED_EDGE('',*,*,#3065,.T.);
#1398=ORIENTED_EDGE('',*,*,#3066,.T.);
#1399=ORIENTED_EDGE('',*,*,#3067,.T.);
#1400=ORIENTED_EDGE('',*,*,#3068,.F.);
#1401=ORIENTED_EDGE('',*,*,#3069,.T.);
#1402=ORIENTED_EDGE('',*,*,#3070,.F.);
#1403=ORIENTED_EDGE('',*,*,#3071,.F.);
#1404=ORIENTED_EDGE('',*,*,#3072,.F.);
#1405=ORIENTED_EDGE('',*,*,#3073,.T.);
#1406=ORIENTED_EDGE('',*,*,#3074,.T.);
#1407=ORIENTED_EDGE('',*,*,#3075,.T.);
#1408=ORIENTED_EDGE('',*,*,#3076,.F.);
#1409=ORIENTED_EDGE('',*,*,#3077,.T.);
#1410=ORIENTED_EDGE('',*,*,#3078,.F.);
#1411=ORIENTED_EDGE('',*,*,#3079,.T.);
#1412=ORIENTED_EDGE('',*,*,#3080,.T.);
#1413=ORIENTED_EDGE('',*,*,#3081,.T.);
#1414=ORIENTED_EDGE('',*,*,#3082,.F.);
#1415=ORIENTED_EDGE('',*,*,#3067,.F.);
#1416=ORIENTED_EDGE('',*,*,#3083,.F.);
#1417=ORIENTED_EDGE('',*,*,#3084,.T.);
#1418=ORIENTED_EDGE('',*,*,#3085,.T.);
#1419=ORIENTED_EDGE('',*,*,#3082,.T.);
#1420=ORIENTED_EDGE('',*,*,#3086,.F.);
#1421=ORIENTED_EDGE('',*,*,#3087,.F.);
#1422=ORIENTED_EDGE('',*,*,#3083,.T.);
#1423=ORIENTED_EDGE('',*,*,#3081,.F.);
#1424=ORIENTED_EDGE('',*,*,#3088,.F.);
#1425=ORIENTED_EDGE('',*,*,#3089,.T.);
#1426=ORIENTED_EDGE('',*,*,#3086,.T.);
#1427=ORIENTED_EDGE('',*,*,#3080,.F.);
#1428=ORIENTED_EDGE('',*,*,#3090,.F.);
#1429=ORIENTED_EDGE('',*,*,#3091,.T.);
#1430=ORIENTED_EDGE('',*,*,#3088,.T.);
#1431=ORIENTED_EDGE('',*,*,#3079,.F.);
#1432=ORIENTED_EDGE('',*,*,#3092,.F.);
#1433=ORIENTED_EDGE('',*,*,#3093,.T.);
#1434=ORIENTED_EDGE('',*,*,#3090,.T.);
#1435=ORIENTED_EDGE('',*,*,#3078,.T.);
#1436=ORIENTED_EDGE('',*,*,#3094,.F.);
#1437=ORIENTED_EDGE('',*,*,#3095,.F.);
#1438=ORIENTED_EDGE('',*,*,#3092,.T.);
#1439=ORIENTED_EDGE('',*,*,#3077,.F.);
#1440=ORIENTED_EDGE('',*,*,#3096,.F.);
#1441=ORIENTED_EDGE('',*,*,#3097,.T.);
#1442=ORIENTED_EDGE('',*,*,#3094,.T.);
#1443=ORIENTED_EDGE('',*,*,#3076,.T.);
#1444=ORIENTED_EDGE('',*,*,#3098,.F.);
#1445=ORIENTED_EDGE('',*,*,#3099,.F.);
#1446=ORIENTED_EDGE('',*,*,#3096,.T.);
#1447=ORIENTED_EDGE('',*,*,#3075,.F.);
#1448=ORIENTED_EDGE('',*,*,#3100,.F.);
#1449=ORIENTED_EDGE('',*,*,#3101,.T.);
#1450=ORIENTED_EDGE('',*,*,#3098,.T.);
#1451=ORIENTED_EDGE('',*,*,#3074,.F.);
#1452=ORIENTED_EDGE('',*,*,#3102,.F.);
#1453=ORIENTED_EDGE('',*,*,#3103,.T.);
#1454=ORIENTED_EDGE('',*,*,#3100,.T.);
#1455=ORIENTED_EDGE('',*,*,#3073,.F.);
#1456=ORIENTED_EDGE('',*,*,#3104,.F.);
#1457=ORIENTED_EDGE('',*,*,#3105,.T.);
#1458=ORIENTED_EDGE('',*,*,#3102,.T.);
#1459=ORIENTED_EDGE('',*,*,#3072,.T.);
#1460=ORIENTED_EDGE('',*,*,#3106,.F.);
#1461=ORIENTED_EDGE('',*,*,#3107,.F.);
#1462=ORIENTED_EDGE('',*,*,#3104,.T.);
#1463=ORIENTED_EDGE('',*,*,#3071,.T.);
#1464=ORIENTED_EDGE('',*,*,#3108,.F.);
#1465=ORIENTED_EDGE('',*,*,#3109,.F.);
#1466=ORIENTED_EDGE('',*,*,#3106,.T.);
#1467=ORIENTED_EDGE('',*,*,#3070,.T.);
#1468=ORIENTED_EDGE('',*,*,#3110,.F.);
#1469=ORIENTED_EDGE('',*,*,#3111,.F.);
#1470=ORIENTED_EDGE('',*,*,#3108,.T.);
#1471=ORIENTED_EDGE('',*,*,#3069,.F.);
#1472=ORIENTED_EDGE('',*,*,#3112,.F.);
#1473=ORIENTED_EDGE('',*,*,#3113,.T.);
#1474=ORIENTED_EDGE('',*,*,#3110,.T.);
#1475=ORIENTED_EDGE('',*,*,#3068,.T.);
#1476=ORIENTED_EDGE('',*,*,#3085,.F.);
#1477=ORIENTED_EDGE('',*,*,#3114,.F.);
#1478=ORIENTED_EDGE('',*,*,#3112,.T.);
#1479=ORIENTED_EDGE('',*,*,#3084,.F.);
#1480=ORIENTED_EDGE('',*,*,#3087,.T.);
#1481=ORIENTED_EDGE('',*,*,#3089,.F.);
#1482=ORIENTED_EDGE('',*,*,#3091,.F.);
#1483=ORIENTED_EDGE('',*,*,#3093,.F.);
#1484=ORIENTED_EDGE('',*,*,#3095,.T.);
#1485=ORIENTED_EDGE('',*,*,#3097,.F.);
#1486=ORIENTED_EDGE('',*,*,#3099,.T.);
#1487=ORIENTED_EDGE('',*,*,#3101,.F.);
#1488=ORIENTED_EDGE('',*,*,#3103,.F.);
#1489=ORIENTED_EDGE('',*,*,#3105,.F.);
#1490=ORIENTED_EDGE('',*,*,#3107,.T.);
#1491=ORIENTED_EDGE('',*,*,#3109,.T.);
#1492=ORIENTED_EDGE('',*,*,#3111,.T.);
#1493=ORIENTED_EDGE('',*,*,#3113,.F.);
#1494=ORIENTED_EDGE('',*,*,#3114,.T.);
#1495=ORIENTED_EDGE('',*,*,#3060,.T.);
#1496=ORIENTED_EDGE('',*,*,#3115,.F.);
#1497=ORIENTED_EDGE('',*,*,#3116,.F.);
#1498=ORIENTED_EDGE('',*,*,#3117,.T.);
#1499=ORIENTED_EDGE('',*,*,#3061,.F.);
#1500=ORIENTED_EDGE('',*,*,#3117,.F.);
#1501=ORIENTED_EDGE('',*,*,#3118,.T.);
#1502=ORIENTED_EDGE('',*,*,#3119,.T.);
#1503=ORIENTED_EDGE('',*,*,#3062,.T.);
#1504=ORIENTED_EDGE('',*,*,#3119,.F.);
#1505=ORIENTED_EDGE('',*,*,#3120,.F.);
#1506=ORIENTED_EDGE('',*,*,#3121,.T.);
#1507=ORIENTED_EDGE('',*,*,#3063,.F.);
#1508=ORIENTED_EDGE('',*,*,#3121,.F.);
#1509=ORIENTED_EDGE('',*,*,#3122,.T.);
#1510=ORIENTED_EDGE('',*,*,#3123,.T.);
#1511=ORIENTED_EDGE('',*,*,#3064,.F.);
#1512=ORIENTED_EDGE('',*,*,#3123,.F.);
#1513=ORIENTED_EDGE('',*,*,#3124,.T.);
#1514=ORIENTED_EDGE('',*,*,#3125,.T.);
#1515=ORIENTED_EDGE('',*,*,#3065,.F.);
#1516=ORIENTED_EDGE('',*,*,#3125,.F.);
#1517=ORIENTED_EDGE('',*,*,#3126,.T.);
#1518=ORIENTED_EDGE('',*,*,#3127,.T.);
#1519=ORIENTED_EDGE('',*,*,#3066,.F.);
#1520=ORIENTED_EDGE('',*,*,#3127,.F.);
#1521=ORIENTED_EDGE('',*,*,#3128,.T.);
#1522=ORIENTED_EDGE('',*,*,#3129,.T.);
#1523=ORIENTED_EDGE('',*,*,#3059,.F.);
#1524=ORIENTED_EDGE('',*,*,#3129,.F.);
#1525=ORIENTED_EDGE('',*,*,#3130,.T.);
#1526=ORIENTED_EDGE('',*,*,#3115,.T.);
#1527=ORIENTED_EDGE('',*,*,#3131,.F.);
#1528=ORIENTED_EDGE('',*,*,#3132,.T.);
#1529=ORIENTED_EDGE('',*,*,#3116,.T.);
#1530=ORIENTED_EDGE('',*,*,#3130,.F.);
#1531=ORIENTED_EDGE('',*,*,#3128,.F.);
#1532=ORIENTED_EDGE('',*,*,#3126,.F.);
#1533=ORIENTED_EDGE('',*,*,#3124,.F.);
#1534=ORIENTED_EDGE('',*,*,#3122,.F.);
#1535=ORIENTED_EDGE('',*,*,#3120,.T.);
#1536=ORIENTED_EDGE('',*,*,#3118,.F.);
#1537=ORIENTED_EDGE('',*,*,#3131,.T.);
#1538=ORIENTED_EDGE('',*,*,#3132,.F.);
#1539=ORIENTED_EDGE('',*,*,#3133,.T.);
#1540=ORIENTED_EDGE('',*,*,#3134,.T.);
#1541=ORIENTED_EDGE('',*,*,#3135,.T.);
#1542=ORIENTED_EDGE('',*,*,#3136,.T.);
#1543=ORIENTED_EDGE('',*,*,#3137,.T.);
#1544=ORIENTED_EDGE('',*,*,#3138,.T.);
#1545=ORIENTED_EDGE('',*,*,#3139,.T.);
#1546=ORIENTED_EDGE('',*,*,#3140,.T.);
#1547=ORIENTED_EDGE('',*,*,#3141,.T.);
#1548=ORIENTED_EDGE('',*,*,#3142,.T.);
#1549=ORIENTED_EDGE('',*,*,#3143,.T.);
#1550=ORIENTED_EDGE('',*,*,#3144,.T.);
#1551=ORIENTED_EDGE('',*,*,#3133,.F.);
#1552=ORIENTED_EDGE('',*,*,#3145,.F.);
#1553=ORIENTED_EDGE('',*,*,#3146,.T.);
#1554=ORIENTED_EDGE('',*,*,#3147,.T.);
#1555=ORIENTED_EDGE('',*,*,#3134,.F.);
#1556=ORIENTED_EDGE('',*,*,#3147,.F.);
#1557=ORIENTED_EDGE('',*,*,#3148,.T.);
#1558=ORIENTED_EDGE('',*,*,#3149,.T.);
#1559=ORIENTED_EDGE('',*,*,#3135,.F.);
#1560=ORIENTED_EDGE('',*,*,#3149,.F.);
#1561=ORIENTED_EDGE('',*,*,#3150,.T.);
#1562=ORIENTED_EDGE('',*,*,#3151,.T.);
#1563=ORIENTED_EDGE('',*,*,#3136,.F.);
#1564=ORIENTED_EDGE('',*,*,#3151,.F.);
#1565=ORIENTED_EDGE('',*,*,#3152,.T.);
#1566=ORIENTED_EDGE('',*,*,#3153,.T.);
#1567=ORIENTED_EDGE('',*,*,#3137,.F.);
#1568=ORIENTED_EDGE('',*,*,#3153,.F.);
#1569=ORIENTED_EDGE('',*,*,#3154,.T.);
#1570=ORIENTED_EDGE('',*,*,#3155,.T.);
#1571=ORIENTED_EDGE('',*,*,#3138,.F.);
#1572=ORIENTED_EDGE('',*,*,#3155,.F.);
#1573=ORIENTED_EDGE('',*,*,#3156,.T.);
#1574=ORIENTED_EDGE('',*,*,#3157,.T.);
#1575=ORIENTED_EDGE('',*,*,#3139,.F.);
#1576=ORIENTED_EDGE('',*,*,#3157,.F.);
#1577=ORIENTED_EDGE('',*,*,#3158,.T.);
#1578=ORIENTED_EDGE('',*,*,#3159,.T.);
#1579=ORIENTED_EDGE('',*,*,#3140,.F.);
#1580=ORIENTED_EDGE('',*,*,#3159,.F.);
#1581=ORIENTED_EDGE('',*,*,#3160,.T.);
#1582=ORIENTED_EDGE('',*,*,#3161,.T.);
#1583=ORIENTED_EDGE('',*,*,#3141,.F.);
#1584=ORIENTED_EDGE('',*,*,#3161,.F.);
#1585=ORIENTED_EDGE('',*,*,#3162,.T.);
#1586=ORIENTED_EDGE('',*,*,#3163,.T.);
#1587=ORIENTED_EDGE('',*,*,#3142,.F.);
#1588=ORIENTED_EDGE('',*,*,#3163,.F.);
#1589=ORIENTED_EDGE('',*,*,#3164,.T.);
#1590=ORIENTED_EDGE('',*,*,#3165,.T.);
#1591=ORIENTED_EDGE('',*,*,#3143,.F.);
#1592=ORIENTED_EDGE('',*,*,#3165,.F.);
#1593=ORIENTED_EDGE('',*,*,#3166,.T.);
#1594=ORIENTED_EDGE('',*,*,#3167,.T.);
#1595=ORIENTED_EDGE('',*,*,#3144,.F.);
#1596=ORIENTED_EDGE('',*,*,#3167,.F.);
#1597=ORIENTED_EDGE('',*,*,#3168,.T.);
#1598=ORIENTED_EDGE('',*,*,#3145,.T.);
#1599=ORIENTED_EDGE('',*,*,#3146,.F.);
#1600=ORIENTED_EDGE('',*,*,#3168,.F.);
#1601=ORIENTED_EDGE('',*,*,#3166,.F.);
#1602=ORIENTED_EDGE('',*,*,#3164,.F.);
#1603=ORIENTED_EDGE('',*,*,#3162,.F.);
#1604=ORIENTED_EDGE('',*,*,#3160,.F.);
#1605=ORIENTED_EDGE('',*,*,#3158,.F.);
#1606=ORIENTED_EDGE('',*,*,#3156,.F.);
#1607=ORIENTED_EDGE('',*,*,#3154,.F.);
#1608=ORIENTED_EDGE('',*,*,#3152,.F.);
#1609=ORIENTED_EDGE('',*,*,#3150,.F.);
#1610=ORIENTED_EDGE('',*,*,#3148,.F.);
#1611=ORIENTED_EDGE('',*,*,#3169,.T.);
#1612=ORIENTED_EDGE('',*,*,#3170,.T.);
#1613=ORIENTED_EDGE('',*,*,#3171,.F.);
#1614=ORIENTED_EDGE('',*,*,#3172,.F.);
#1615=ORIENTED_EDGE('',*,*,#3173,.T.);
#1616=ORIENTED_EDGE('',*,*,#3174,.T.);
#1617=ORIENTED_EDGE('',*,*,#3175,.F.);
#1618=ORIENTED_EDGE('',*,*,#3176,.F.);
#1619=ORIENTED_EDGE('',*,*,#3177,.F.);
#1620=ORIENTED_EDGE('',*,*,#3178,.T.);
#1621=ORIENTED_EDGE('',*,*,#3179,.F.);
#1622=ORIENTED_EDGE('',*,*,#3180,.F.);
#1623=ORIENTED_EDGE('',*,*,#3181,.T.);
#1624=ORIENTED_EDGE('',*,*,#3182,.T.);
#1625=ORIENTED_EDGE('',*,*,#3183,.F.);
#1626=ORIENTED_EDGE('',*,*,#3184,.F.);
#1627=ORIENTED_EDGE('',*,*,#3185,.F.);
#1628=ORIENTED_EDGE('',*,*,#3183,.T.);
#1629=ORIENTED_EDGE('',*,*,#3186,.F.);
#1630=ORIENTED_EDGE('',*,*,#3187,.T.);
#1631=ORIENTED_EDGE('',*,*,#3188,.F.);
#1632=ORIENTED_EDGE('',*,*,#3171,.T.);
#1633=ORIENTED_EDGE('',*,*,#3179,.T.);
#1634=ORIENTED_EDGE('',*,*,#3189,.T.);
#1635=ORIENTED_EDGE('',*,*,#3175,.T.);
#1636=ORIENTED_EDGE('',*,*,#3190,.F.);
#1637=ORIENTED_EDGE('',*,*,#3191,.T.);
#1638=ORIENTED_EDGE('',*,*,#3192,.F.);
#1639=ORIENTED_EDGE('',*,*,#3188,.T.);
#1640=ORIENTED_EDGE('',*,*,#3193,.F.);
#1641=ORIENTED_EDGE('',*,*,#3194,.F.);
#1642=ORIENTED_EDGE('',*,*,#3172,.T.);
#1643=ORIENTED_EDGE('',*,*,#3187,.F.);
#1644=ORIENTED_EDGE('',*,*,#3195,.F.);
#1645=ORIENTED_EDGE('',*,*,#3196,.T.);
#1646=ORIENTED_EDGE('',*,*,#3193,.T.);
#1647=ORIENTED_EDGE('',*,*,#3186,.T.);
#1648=ORIENTED_EDGE('',*,*,#3182,.F.);
#1649=ORIENTED_EDGE('',*,*,#3197,.F.);
#1650=ORIENTED_EDGE('',*,*,#3195,.T.);
#1651=ORIENTED_EDGE('',*,*,#3192,.T.);
#1652=ORIENTED_EDGE('',*,*,#3198,.F.);
#1653=ORIENTED_EDGE('',*,*,#3199,.F.);
#1654=ORIENTED_EDGE('',*,*,#3180,.T.);
#1655=ORIENTED_EDGE('',*,*,#3191,.F.);
#1656=ORIENTED_EDGE('',*,*,#3200,.F.);
#1657=ORIENTED_EDGE('',*,*,#3201,.T.);
#1658=ORIENTED_EDGE('',*,*,#3198,.T.);
#1659=ORIENTED_EDGE('',*,*,#3190,.T.);
#1660=ORIENTED_EDGE('',*,*,#3174,.F.);
#1661=ORIENTED_EDGE('',*,*,#3202,.F.);
#1662=ORIENTED_EDGE('',*,*,#3200,.T.);
#1663=ORIENTED_EDGE('',*,*,#3173,.F.);
#1664=ORIENTED_EDGE('',*,*,#3194,.T.);
#1665=ORIENTED_EDGE('',*,*,#3196,.F.);
#1666=ORIENTED_EDGE('',*,*,#3197,.T.);
#1667=ORIENTED_EDGE('',*,*,#3181,.F.);
#1668=ORIENTED_EDGE('',*,*,#3199,.T.);
#1669=ORIENTED_EDGE('',*,*,#3201,.F.);
#1670=ORIENTED_EDGE('',*,*,#3202,.T.);
#1671=ORIENTED_EDGE('',*,*,#3185,.T.);
#1672=ORIENTED_EDGE('',*,*,#3170,.F.);
#1673=ORIENTED_EDGE('',*,*,#3203,.F.);
#1674=ORIENTED_EDGE('',*,*,#3184,.T.);
#1675=ORIENTED_EDGE('',*,*,#3189,.F.);
#1676=ORIENTED_EDGE('',*,*,#3178,.F.);
#1677=ORIENTED_EDGE('',*,*,#3204,.T.);
#1678=ORIENTED_EDGE('',*,*,#3176,.T.);
#1679=ORIENTED_EDGE('',*,*,#3205,.F.);
#1680=ORIENTED_EDGE('',*,*,#3206,.T.);
#1681=ORIENTED_EDGE('',*,*,#3203,.T.);
#1682=ORIENTED_EDGE('',*,*,#3169,.F.);
#1683=ORIENTED_EDGE('',*,*,#3204,.F.);
#1684=ORIENTED_EDGE('',*,*,#3177,.T.);
#1685=ORIENTED_EDGE('',*,*,#3205,.T.);
#1686=ORIENTED_EDGE('',*,*,#3206,.F.);
#1687=ORIENTED_EDGE('',*,*,#3207,.T.);
#1688=ORIENTED_EDGE('',*,*,#3208,.T.);
#1689=ORIENTED_EDGE('',*,*,#3209,.T.);
#1690=ORIENTED_EDGE('',*,*,#3210,.T.);
#1691=ORIENTED_EDGE('',*,*,#3211,.T.);
#1692=ORIENTED_EDGE('',*,*,#3212,.T.);
#1693=ORIENTED_EDGE('',*,*,#3213,.T.);
#1694=ORIENTED_EDGE('',*,*,#3214,.T.);
#1695=ORIENTED_EDGE('',*,*,#3215,.T.);
#1696=ORIENTED_EDGE('',*,*,#3216,.T.);
#1697=ORIENTED_EDGE('',*,*,#3217,.T.);
#1698=ORIENTED_EDGE('',*,*,#3218,.T.);
#1699=ORIENTED_EDGE('',*,*,#3207,.F.);
#1700=ORIENTED_EDGE('',*,*,#3219,.F.);
#1701=ORIENTED_EDGE('',*,*,#3220,.T.);
#1702=ORIENTED_EDGE('',*,*,#3221,.T.);
#1703=ORIENTED_EDGE('',*,*,#3208,.F.);
#1704=ORIENTED_EDGE('',*,*,#3221,.F.);
#1705=ORIENTED_EDGE('',*,*,#3222,.T.);
#1706=ORIENTED_EDGE('',*,*,#3223,.T.);
#1707=ORIENTED_EDGE('',*,*,#3209,.F.);
#1708=ORIENTED_EDGE('',*,*,#3223,.F.);
#1709=ORIENTED_EDGE('',*,*,#3224,.T.);
#1710=ORIENTED_EDGE('',*,*,#3225,.T.);
#1711=ORIENTED_EDGE('',*,*,#3210,.F.);
#1712=ORIENTED_EDGE('',*,*,#3225,.F.);
#1713=ORIENTED_EDGE('',*,*,#3226,.T.);
#1714=ORIENTED_EDGE('',*,*,#3227,.T.);
#1715=ORIENTED_EDGE('',*,*,#3211,.F.);
#1716=ORIENTED_EDGE('',*,*,#3227,.F.);
#1717=ORIENTED_EDGE('',*,*,#3228,.T.);
#1718=ORIENTED_EDGE('',*,*,#3229,.T.);
#1719=ORIENTED_EDGE('',*,*,#3212,.F.);
#1720=ORIENTED_EDGE('',*,*,#3229,.F.);
#1721=ORIENTED_EDGE('',*,*,#3230,.T.);
#1722=ORIENTED_EDGE('',*,*,#3231,.T.);
#1723=ORIENTED_EDGE('',*,*,#3213,.F.);
#1724=ORIENTED_EDGE('',*,*,#3231,.F.);
#1725=ORIENTED_EDGE('',*,*,#3232,.T.);
#1726=ORIENTED_EDGE('',*,*,#3233,.T.);
#1727=ORIENTED_EDGE('',*,*,#3214,.F.);
#1728=ORIENTED_EDGE('',*,*,#3233,.F.);
#1729=ORIENTED_EDGE('',*,*,#3234,.T.);
#1730=ORIENTED_EDGE('',*,*,#3235,.T.);
#1731=ORIENTED_EDGE('',*,*,#3215,.F.);
#1732=ORIENTED_EDGE('',*,*,#3235,.F.);
#1733=ORIENTED_EDGE('',*,*,#3236,.T.);
#1734=ORIENTED_EDGE('',*,*,#3237,.T.);
#1735=ORIENTED_EDGE('',*,*,#3216,.F.);
#1736=ORIENTED_EDGE('',*,*,#3237,.F.);
#1737=ORIENTED_EDGE('',*,*,#3238,.T.);
#1738=ORIENTED_EDGE('',*,*,#3239,.T.);
#1739=ORIENTED_EDGE('',*,*,#3217,.F.);
#1740=ORIENTED_EDGE('',*,*,#3239,.F.);
#1741=ORIENTED_EDGE('',*,*,#3240,.T.);
#1742=ORIENTED_EDGE('',*,*,#3241,.T.);
#1743=ORIENTED_EDGE('',*,*,#3218,.F.);
#1744=ORIENTED_EDGE('',*,*,#3241,.F.);
#1745=ORIENTED_EDGE('',*,*,#3242,.T.);
#1746=ORIENTED_EDGE('',*,*,#3219,.T.);
#1747=ORIENTED_EDGE('',*,*,#3220,.F.);
#1748=ORIENTED_EDGE('',*,*,#3242,.F.);
#1749=ORIENTED_EDGE('',*,*,#3240,.F.);
#1750=ORIENTED_EDGE('',*,*,#3238,.F.);
#1751=ORIENTED_EDGE('',*,*,#3236,.F.);
#1752=ORIENTED_EDGE('',*,*,#3234,.F.);
#1753=ORIENTED_EDGE('',*,*,#3232,.F.);
#1754=ORIENTED_EDGE('',*,*,#3230,.F.);
#1755=ORIENTED_EDGE('',*,*,#3228,.F.);
#1756=ORIENTED_EDGE('',*,*,#3226,.F.);
#1757=ORIENTED_EDGE('',*,*,#3224,.F.);
#1758=ORIENTED_EDGE('',*,*,#3222,.F.);
#1759=ORIENTED_EDGE('',*,*,#3243,.T.);
#1760=ORIENTED_EDGE('',*,*,#3244,.F.);
#1761=ORIENTED_EDGE('',*,*,#3245,.T.);
#1762=ORIENTED_EDGE('',*,*,#3246,.F.);
#1763=ORIENTED_EDGE('',*,*,#3247,.T.);
#1764=ORIENTED_EDGE('',*,*,#3248,.T.);
#1765=ORIENTED_EDGE('',*,*,#3249,.T.);
#1766=ORIENTED_EDGE('',*,*,#3250,.T.);
#1767=ORIENTED_EDGE('',*,*,#3251,.T.);
#1768=ORIENTED_EDGE('',*,*,#3252,.F.);
#1769=ORIENTED_EDGE('',*,*,#3253,.T.);
#1770=ORIENTED_EDGE('',*,*,#3254,.F.);
#1771=ORIENTED_EDGE('',*,*,#3255,.F.);
#1772=ORIENTED_EDGE('',*,*,#3256,.F.);
#1773=ORIENTED_EDGE('',*,*,#3257,.T.);
#1774=ORIENTED_EDGE('',*,*,#3258,.T.);
#1775=ORIENTED_EDGE('',*,*,#3259,.T.);
#1776=ORIENTED_EDGE('',*,*,#3260,.F.);
#1777=ORIENTED_EDGE('',*,*,#3261,.T.);
#1778=ORIENTED_EDGE('',*,*,#3262,.F.);
#1779=ORIENTED_EDGE('',*,*,#3263,.T.);
#1780=ORIENTED_EDGE('',*,*,#3264,.T.);
#1781=ORIENTED_EDGE('',*,*,#3265,.T.);
#1782=ORIENTED_EDGE('',*,*,#3266,.F.);
#1783=ORIENTED_EDGE('',*,*,#3251,.F.);
#1784=ORIENTED_EDGE('',*,*,#3267,.F.);
#1785=ORIENTED_EDGE('',*,*,#3268,.T.);
#1786=ORIENTED_EDGE('',*,*,#3269,.T.);
#1787=ORIENTED_EDGE('',*,*,#3266,.T.);
#1788=ORIENTED_EDGE('',*,*,#3270,.F.);
#1789=ORIENTED_EDGE('',*,*,#3271,.F.);
#1790=ORIENTED_EDGE('',*,*,#3267,.T.);
#1791=ORIENTED_EDGE('',*,*,#3265,.F.);
#1792=ORIENTED_EDGE('',*,*,#3272,.F.);
#1793=ORIENTED_EDGE('',*,*,#3273,.T.);
#1794=ORIENTED_EDGE('',*,*,#3270,.T.);
#1795=ORIENTED_EDGE('',*,*,#3264,.F.);
#1796=ORIENTED_EDGE('',*,*,#3274,.F.);
#1797=ORIENTED_EDGE('',*,*,#3275,.T.);
#1798=ORIENTED_EDGE('',*,*,#3272,.T.);
#1799=ORIENTED_EDGE('',*,*,#3263,.F.);
#1800=ORIENTED_EDGE('',*,*,#3276,.F.);
#1801=ORIENTED_EDGE('',*,*,#3277,.T.);
#1802=ORIENTED_EDGE('',*,*,#3274,.T.);
#1803=ORIENTED_EDGE('',*,*,#3262,.T.);
#1804=ORIENTED_EDGE('',*,*,#3278,.F.);
#1805=ORIENTED_EDGE('',*,*,#3279,.F.);
#1806=ORIENTED_EDGE('',*,*,#3276,.T.);
#1807=ORIENTED_EDGE('',*,*,#3261,.F.);
#1808=ORIENTED_EDGE('',*,*,#3280,.F.);
#1809=ORIENTED_EDGE('',*,*,#3281,.T.);
#1810=ORIENTED_EDGE('',*,*,#3278,.T.);
#1811=ORIENTED_EDGE('',*,*,#3260,.T.);
#1812=ORIENTED_EDGE('',*,*,#3282,.F.);
#1813=ORIENTED_EDGE('',*,*,#3283,.F.);
#1814=ORIENTED_EDGE('',*,*,#3280,.T.);
#1815=ORIENTED_EDGE('',*,*,#3259,.F.);
#1816=ORIENTED_EDGE('',*,*,#3284,.F.);
#1817=ORIENTED_EDGE('',*,*,#3285,.T.);
#1818=ORIENTED_EDGE('',*,*,#3282,.T.);
#1819=ORIENTED_EDGE('',*,*,#3258,.F.);
#1820=ORIENTED_EDGE('',*,*,#3286,.F.);
#1821=ORIENTED_EDGE('',*,*,#3287,.T.);
#1822=ORIENTED_EDGE('',*,*,#3284,.T.);
#1823=ORIENTED_EDGE('',*,*,#3257,.F.);
#1824=ORIENTED_EDGE('',*,*,#3288,.F.);
#1825=ORIENTED_EDGE('',*,*,#3289,.T.);
#1826=ORIENTED_EDGE('',*,*,#3286,.T.);
#1827=ORIENTED_EDGE('',*,*,#3256,.T.);
#1828=ORIENTED_EDGE('',*,*,#3290,.F.);
#1829=ORIENTED_EDGE('',*,*,#3291,.F.);
#1830=ORIENTED_EDGE('',*,*,#3288,.T.);
#1831=ORIENTED_EDGE('',*,*,#3255,.T.);
#1832=ORIENTED_EDGE('',*,*,#3292,.F.);
#1833=ORIENTED_EDGE('',*,*,#3293,.F.);
#1834=ORIENTED_EDGE('',*,*,#3290,.T.);
#1835=ORIENTED_EDGE('',*,*,#3254,.T.);
#1836=ORIENTED_EDGE('',*,*,#3294,.F.);
#1837=ORIENTED_EDGE('',*,*,#3295,.F.);
#1838=ORIENTED_EDGE('',*,*,#3292,.T.);
#1839=ORIENTED_EDGE('',*,*,#3253,.F.);
#1840=ORIENTED_EDGE('',*,*,#3296,.F.);
#1841=ORIENTED_EDGE('',*,*,#3297,.T.);
#1842=ORIENTED_EDGE('',*,*,#3294,.T.);
#1843=ORIENTED_EDGE('',*,*,#3252,.T.);
#1844=ORIENTED_EDGE('',*,*,#3269,.F.);
#1845=ORIENTED_EDGE('',*,*,#3298,.F.);
#1846=ORIENTED_EDGE('',*,*,#3296,.T.);
#1847=ORIENTED_EDGE('',*,*,#3268,.F.);
#1848=ORIENTED_EDGE('',*,*,#3271,.T.);
#1849=ORIENTED_EDGE('',*,*,#3273,.F.);
#1850=ORIENTED_EDGE('',*,*,#3275,.F.);
#1851=ORIENTED_EDGE('',*,*,#3277,.F.);
#1852=ORIENTED_EDGE('',*,*,#3279,.T.);
#1853=ORIENTED_EDGE('',*,*,#3281,.F.);
#1854=ORIENTED_EDGE('',*,*,#3283,.T.);
#1855=ORIENTED_EDGE('',*,*,#3285,.F.);
#1856=ORIENTED_EDGE('',*,*,#3287,.F.);
#1857=ORIENTED_EDGE('',*,*,#3289,.F.);
#1858=ORIENTED_EDGE('',*,*,#3291,.T.);
#1859=ORIENTED_EDGE('',*,*,#3293,.T.);
#1860=ORIENTED_EDGE('',*,*,#3295,.T.);
#1861=ORIENTED_EDGE('',*,*,#3297,.F.);
#1862=ORIENTED_EDGE('',*,*,#3298,.T.);
#1863=ORIENTED_EDGE('',*,*,#3244,.T.);
#1864=ORIENTED_EDGE('',*,*,#3299,.F.);
#1865=ORIENTED_EDGE('',*,*,#3300,.F.);
#1866=ORIENTED_EDGE('',*,*,#3301,.T.);
#1867=ORIENTED_EDGE('',*,*,#3245,.F.);
#1868=ORIENTED_EDGE('',*,*,#3301,.F.);
#1869=ORIENTED_EDGE('',*,*,#3302,.T.);
#1870=ORIENTED_EDGE('',*,*,#3303,.T.);
#1871=ORIENTED_EDGE('',*,*,#3246,.T.);
#1872=ORIENTED_EDGE('',*,*,#3303,.F.);
#1873=ORIENTED_EDGE('',*,*,#3304,.F.);
#1874=ORIENTED_EDGE('',*,*,#3305,.T.);
#1875=ORIENTED_EDGE('',*,*,#3247,.F.);
#1876=ORIENTED_EDGE('',*,*,#3305,.F.);
#1877=ORIENTED_EDGE('',*,*,#3306,.T.);
#1878=ORIENTED_EDGE('',*,*,#3307,.T.);
#1879=ORIENTED_EDGE('',*,*,#3248,.F.);
#1880=ORIENTED_EDGE('',*,*,#3307,.F.);
#1881=ORIENTED_EDGE('',*,*,#3308,.T.);
#1882=ORIENTED_EDGE('',*,*,#3309,.T.);
#1883=ORIENTED_EDGE('',*,*,#3249,.F.);
#1884=ORIENTED_EDGE('',*,*,#3309,.F.);
#1885=ORIENTED_EDGE('',*,*,#3310,.T.);
#1886=ORIENTED_EDGE('',*,*,#3311,.T.);
#1887=ORIENTED_EDGE('',*,*,#3250,.F.);
#1888=ORIENTED_EDGE('',*,*,#3311,.F.);
#1889=ORIENTED_EDGE('',*,*,#3312,.T.);
#1890=ORIENTED_EDGE('',*,*,#3313,.T.);
#1891=ORIENTED_EDGE('',*,*,#3243,.F.);
#1892=ORIENTED_EDGE('',*,*,#3313,.F.);
#1893=ORIENTED_EDGE('',*,*,#3314,.T.);
#1894=ORIENTED_EDGE('',*,*,#3299,.T.);
#1895=ORIENTED_EDGE('',*,*,#3315,.F.);
#1896=ORIENTED_EDGE('',*,*,#3316,.T.);
#1897=ORIENTED_EDGE('',*,*,#3300,.T.);
#1898=ORIENTED_EDGE('',*,*,#3314,.F.);
#1899=ORIENTED_EDGE('',*,*,#3312,.F.);
#1900=ORIENTED_EDGE('',*,*,#3310,.F.);
#1901=ORIENTED_EDGE('',*,*,#3308,.F.);
#1902=ORIENTED_EDGE('',*,*,#3306,.F.);
#1903=ORIENTED_EDGE('',*,*,#3304,.T.);
#1904=ORIENTED_EDGE('',*,*,#3302,.F.);
#1905=ORIENTED_EDGE('',*,*,#3315,.T.);
#1906=ORIENTED_EDGE('',*,*,#3316,.F.);
#1907=ORIENTED_EDGE('',*,*,#3317,.T.);
#1908=ORIENTED_EDGE('',*,*,#3318,.T.);
#1909=ORIENTED_EDGE('',*,*,#3319,.T.);
#1910=ORIENTED_EDGE('',*,*,#3320,.T.);
#1911=ORIENTED_EDGE('',*,*,#3321,.T.);
#1912=ORIENTED_EDGE('',*,*,#3322,.T.);
#1913=ORIENTED_EDGE('',*,*,#3323,.T.);
#1914=ORIENTED_EDGE('',*,*,#3324,.T.);
#1915=ORIENTED_EDGE('',*,*,#3325,.T.);
#1916=ORIENTED_EDGE('',*,*,#3326,.T.);
#1917=ORIENTED_EDGE('',*,*,#3327,.T.);
#1918=ORIENTED_EDGE('',*,*,#3328,.T.);
#1919=ORIENTED_EDGE('',*,*,#3317,.F.);
#1920=ORIENTED_EDGE('',*,*,#3329,.F.);
#1921=ORIENTED_EDGE('',*,*,#3330,.T.);
#1922=ORIENTED_EDGE('',*,*,#3331,.T.);
#1923=ORIENTED_EDGE('',*,*,#3318,.F.);
#1924=ORIENTED_EDGE('',*,*,#3331,.F.);
#1925=ORIENTED_EDGE('',*,*,#3332,.T.);
#1926=ORIENTED_EDGE('',*,*,#3333,.T.);
#1927=ORIENTED_EDGE('',*,*,#3319,.F.);
#1928=ORIENTED_EDGE('',*,*,#3333,.F.);
#1929=ORIENTED_EDGE('',*,*,#3334,.T.);
#1930=ORIENTED_EDGE('',*,*,#3335,.T.);
#1931=ORIENTED_EDGE('',*,*,#3320,.F.);
#1932=ORIENTED_EDGE('',*,*,#3335,.F.);
#1933=ORIENTED_EDGE('',*,*,#3336,.T.);
#1934=ORIENTED_EDGE('',*,*,#3337,.T.);
#1935=ORIENTED_EDGE('',*,*,#3321,.F.);
#1936=ORIENTED_EDGE('',*,*,#3337,.F.);
#1937=ORIENTED_EDGE('',*,*,#3338,.T.);
#1938=ORIENTED_EDGE('',*,*,#3339,.T.);
#1939=ORIENTED_EDGE('',*,*,#3322,.F.);
#1940=ORIENTED_EDGE('',*,*,#3339,.F.);
#1941=ORIENTED_EDGE('',*,*,#3340,.T.);
#1942=ORIENTED_EDGE('',*,*,#3341,.T.);
#1943=ORIENTED_EDGE('',*,*,#3323,.F.);
#1944=ORIENTED_EDGE('',*,*,#3341,.F.);
#1945=ORIENTED_EDGE('',*,*,#3342,.T.);
#1946=ORIENTED_EDGE('',*,*,#3343,.T.);
#1947=ORIENTED_EDGE('',*,*,#3324,.F.);
#1948=ORIENTED_EDGE('',*,*,#3343,.F.);
#1949=ORIENTED_EDGE('',*,*,#3344,.T.);
#1950=ORIENTED_EDGE('',*,*,#3345,.T.);
#1951=ORIENTED_EDGE('',*,*,#3325,.F.);
#1952=ORIENTED_EDGE('',*,*,#3345,.F.);
#1953=ORIENTED_EDGE('',*,*,#3346,.T.);
#1954=ORIENTED_EDGE('',*,*,#3347,.T.);
#1955=ORIENTED_EDGE('',*,*,#3326,.F.);
#1956=ORIENTED_EDGE('',*,*,#3347,.F.);
#1957=ORIENTED_EDGE('',*,*,#3348,.T.);
#1958=ORIENTED_EDGE('',*,*,#3349,.T.);
#1959=ORIENTED_EDGE('',*,*,#3327,.F.);
#1960=ORIENTED_EDGE('',*,*,#3349,.F.);
#1961=ORIENTED_EDGE('',*,*,#3350,.T.);
#1962=ORIENTED_EDGE('',*,*,#3351,.T.);
#1963=ORIENTED_EDGE('',*,*,#3328,.F.);
#1964=ORIENTED_EDGE('',*,*,#3351,.F.);
#1965=ORIENTED_EDGE('',*,*,#3352,.T.);
#1966=ORIENTED_EDGE('',*,*,#3329,.T.);
#1967=ORIENTED_EDGE('',*,*,#3330,.F.);
#1968=ORIENTED_EDGE('',*,*,#3352,.F.);
#1969=ORIENTED_EDGE('',*,*,#3350,.F.);
#1970=ORIENTED_EDGE('',*,*,#3348,.F.);
#1971=ORIENTED_EDGE('',*,*,#3346,.F.);
#1972=ORIENTED_EDGE('',*,*,#3344,.F.);
#1973=ORIENTED_EDGE('',*,*,#3342,.F.);
#1974=ORIENTED_EDGE('',*,*,#3340,.F.);
#1975=ORIENTED_EDGE('',*,*,#3338,.F.);
#1976=ORIENTED_EDGE('',*,*,#3336,.F.);
#1977=ORIENTED_EDGE('',*,*,#3334,.F.);
#1978=ORIENTED_EDGE('',*,*,#3332,.F.);
#1979=ORIENTED_EDGE('',*,*,#3353,.T.);
#1980=ORIENTED_EDGE('',*,*,#3354,.F.);
#1981=ORIENTED_EDGE('',*,*,#3355,.T.);
#1982=ORIENTED_EDGE('',*,*,#3356,.F.);
#1983=ORIENTED_EDGE('',*,*,#3357,.T.);
#1984=ORIENTED_EDGE('',*,*,#3358,.T.);
#1985=ORIENTED_EDGE('',*,*,#3359,.T.);
#1986=ORIENTED_EDGE('',*,*,#3360,.T.);
#1987=ORIENTED_EDGE('',*,*,#3361,.T.);
#1988=ORIENTED_EDGE('',*,*,#3362,.F.);
#1989=ORIENTED_EDGE('',*,*,#3363,.T.);
#1990=ORIENTED_EDGE('',*,*,#3364,.F.);
#1991=ORIENTED_EDGE('',*,*,#3365,.T.);
#1992=ORIENTED_EDGE('',*,*,#3366,.T.);
#1993=ORIENTED_EDGE('',*,*,#3367,.T.);
#1994=ORIENTED_EDGE('',*,*,#3368,.T.);
#1995=ORIENTED_EDGE('',*,*,#3369,.T.);
#1996=ORIENTED_EDGE('',*,*,#3370,.T.);
#1997=ORIENTED_EDGE('',*,*,#3371,.F.);
#1998=ORIENTED_EDGE('',*,*,#3372,.T.);
#1999=ORIENTED_EDGE('',*,*,#3373,.F.);
#2000=ORIENTED_EDGE('',*,*,#3374,.F.);
#2001=ORIENTED_EDGE('',*,*,#3375,.T.);
#2002=ORIENTED_EDGE('',*,*,#3376,.F.);
#2003=ORIENTED_EDGE('',*,*,#3377,.T.);
#2004=ORIENTED_EDGE('',*,*,#3378,.F.);
#2005=ORIENTED_EDGE('',*,*,#3379,.F.);
#2006=ORIENTED_EDGE('',*,*,#3380,.F.);
#2007=ORIENTED_EDGE('',*,*,#3361,.F.);
#2008=ORIENTED_EDGE('',*,*,#3381,.F.);
#2009=ORIENTED_EDGE('',*,*,#3382,.T.);
#2010=ORIENTED_EDGE('',*,*,#3383,.T.);
#2011=ORIENTED_EDGE('',*,*,#3380,.T.);
#2012=ORIENTED_EDGE('',*,*,#3384,.F.);
#2013=ORIENTED_EDGE('',*,*,#3385,.F.);
#2014=ORIENTED_EDGE('',*,*,#3381,.T.);
#2015=ORIENTED_EDGE('',*,*,#3379,.T.);
#2016=ORIENTED_EDGE('',*,*,#3386,.F.);
#2017=ORIENTED_EDGE('',*,*,#3387,.F.);
#2018=ORIENTED_EDGE('',*,*,#3384,.T.);
#2019=ORIENTED_EDGE('',*,*,#3378,.T.);
#2020=ORIENTED_EDGE('',*,*,#3388,.F.);
#2021=ORIENTED_EDGE('',*,*,#3389,.F.);
#2022=ORIENTED_EDGE('',*,*,#3386,.T.);
#2023=ORIENTED_EDGE('',*,*,#3377,.F.);
#2024=ORIENTED_EDGE('',*,*,#3390,.F.);
#2025=ORIENTED_EDGE('',*,*,#3391,.T.);
#2026=ORIENTED_EDGE('',*,*,#3388,.T.);
#2027=ORIENTED_EDGE('',*,*,#3376,.T.);
#2028=ORIENTED_EDGE('',*,*,#3392,.F.);
#2029=ORIENTED_EDGE('',*,*,#3393,.F.);
#2030=ORIENTED_EDGE('',*,*,#3390,.T.);
#2031=ORIENTED_EDGE('',*,*,#3375,.F.);
#2032=ORIENTED_EDGE('',*,*,#3394,.F.);
#2033=ORIENTED_EDGE('',*,*,#3395,.T.);
#2034=ORIENTED_EDGE('',*,*,#3392,.T.);
#2035=ORIENTED_EDGE('',*,*,#3374,.T.);
#2036=ORIENTED_EDGE('',*,*,#3396,.F.);
#2037=ORIENTED_EDGE('',*,*,#3397,.F.);
#2038=ORIENTED_EDGE('',*,*,#3394,.T.);
#2039=ORIENTED_EDGE('',*,*,#3373,.T.);
#2040=ORIENTED_EDGE('',*,*,#3398,.F.);
#2041=ORIENTED_EDGE('',*,*,#3399,.F.);
#2042=ORIENTED_EDGE('',*,*,#3396,.T.);
#2043=ORIENTED_EDGE('',*,*,#3372,.F.);
#2044=ORIENTED_EDGE('',*,*,#3400,.F.);
#2045=ORIENTED_EDGE('',*,*,#3401,.T.);
#2046=ORIENTED_EDGE('',*,*,#3398,.T.);
#2047=ORIENTED_EDGE('',*,*,#3371,.T.);
#2048=ORIENTED_EDGE('',*,*,#3402,.F.);
#2049=ORIENTED_EDGE('',*,*,#3403,.F.);
#2050=ORIENTED_EDGE('',*,*,#3400,.T.);
#2051=ORIENTED_EDGE('',*,*,#3370,.F.);
#2052=ORIENTED_EDGE('',*,*,#3404,.F.);
#2053=ORIENTED_EDGE('',*,*,#3405,.T.);
#2054=ORIENTED_EDGE('',*,*,#3402,.T.);
#2055=ORIENTED_EDGE('',*,*,#3369,.F.);
#2056=ORIENTED_EDGE('',*,*,#3406,.F.);
#2057=ORIENTED_EDGE('',*,*,#3407,.T.);
#2058=ORIENTED_EDGE('',*,*,#3404,.T.);
#2059=ORIENTED_EDGE('',*,*,#3368,.F.);
#2060=ORIENTED_EDGE('',*,*,#3408,.F.);
#2061=ORIENTED_EDGE('',*,*,#3409,.T.);
#2062=ORIENTED_EDGE('',*,*,#3406,.T.);
#2063=ORIENTED_EDGE('',*,*,#3367,.F.);
#2064=ORIENTED_EDGE('',*,*,#3410,.F.);
#2065=ORIENTED_EDGE('',*,*,#3411,.T.);
#2066=ORIENTED_EDGE('',*,*,#3408,.T.);
#2067=ORIENTED_EDGE('',*,*,#3366,.F.);
#2068=ORIENTED_EDGE('',*,*,#3412,.F.);
#2069=ORIENTED_EDGE('',*,*,#3413,.T.);
#2070=ORIENTED_EDGE('',*,*,#3410,.T.);
#2071=ORIENTED_EDGE('',*,*,#3365,.F.);
#2072=ORIENTED_EDGE('',*,*,#3414,.F.);
#2073=ORIENTED_EDGE('',*,*,#3415,.T.);
#2074=ORIENTED_EDGE('',*,*,#3412,.T.);
#2075=ORIENTED_EDGE('',*,*,#3364,.T.);
#2076=ORIENTED_EDGE('',*,*,#3416,.F.);
#2077=ORIENTED_EDGE('',*,*,#3417,.F.);
#2078=ORIENTED_EDGE('',*,*,#3414,.T.);
#2079=ORIENTED_EDGE('',*,*,#3363,.F.);
#2080=ORIENTED_EDGE('',*,*,#3418,.F.);
#2081=ORIENTED_EDGE('',*,*,#3419,.T.);
#2082=ORIENTED_EDGE('',*,*,#3416,.T.);
#2083=ORIENTED_EDGE('',*,*,#3362,.T.);
#2084=ORIENTED_EDGE('',*,*,#3383,.F.);
#2085=ORIENTED_EDGE('',*,*,#3420,.F.);
#2086=ORIENTED_EDGE('',*,*,#3418,.T.);
#2087=ORIENTED_EDGE('',*,*,#3382,.F.);
#2088=ORIENTED_EDGE('',*,*,#3385,.T.);
#2089=ORIENTED_EDGE('',*,*,#3387,.T.);
#2090=ORIENTED_EDGE('',*,*,#3389,.T.);
#2091=ORIENTED_EDGE('',*,*,#3391,.F.);
#2092=ORIENTED_EDGE('',*,*,#3393,.T.);
#2093=ORIENTED_EDGE('',*,*,#3395,.F.);
#2094=ORIENTED_EDGE('',*,*,#3397,.T.);
#2095=ORIENTED_EDGE('',*,*,#3399,.T.);
#2096=ORIENTED_EDGE('',*,*,#3401,.F.);
#2097=ORIENTED_EDGE('',*,*,#3403,.T.);
#2098=ORIENTED_EDGE('',*,*,#3405,.F.);
#2099=ORIENTED_EDGE('',*,*,#3407,.F.);
#2100=ORIENTED_EDGE('',*,*,#3409,.F.);
#2101=ORIENTED_EDGE('',*,*,#3411,.F.);
#2102=ORIENTED_EDGE('',*,*,#3413,.F.);
#2103=ORIENTED_EDGE('',*,*,#3415,.F.);
#2104=ORIENTED_EDGE('',*,*,#3417,.T.);
#2105=ORIENTED_EDGE('',*,*,#3419,.F.);
#2106=ORIENTED_EDGE('',*,*,#3420,.T.);
#2107=ORIENTED_EDGE('',*,*,#3354,.T.);
#2108=ORIENTED_EDGE('',*,*,#3421,.F.);
#2109=ORIENTED_EDGE('',*,*,#3422,.F.);
#2110=ORIENTED_EDGE('',*,*,#3423,.T.);
#2111=ORIENTED_EDGE('',*,*,#3355,.F.);
#2112=ORIENTED_EDGE('',*,*,#3423,.F.);
#2113=ORIENTED_EDGE('',*,*,#3424,.T.);
#2114=ORIENTED_EDGE('',*,*,#3425,.T.);
#2115=ORIENTED_EDGE('',*,*,#3356,.T.);
#2116=ORIENTED_EDGE('',*,*,#3425,.F.);
#2117=ORIENTED_EDGE('',*,*,#3426,.F.);
#2118=ORIENTED_EDGE('',*,*,#3427,.T.);
#2119=ORIENTED_EDGE('',*,*,#3357,.F.);
#2120=ORIENTED_EDGE('',*,*,#3427,.F.);
#2121=ORIENTED_EDGE('',*,*,#3428,.T.);
#2122=ORIENTED_EDGE('',*,*,#3429,.T.);
#2123=ORIENTED_EDGE('',*,*,#3358,.F.);
#2124=ORIENTED_EDGE('',*,*,#3429,.F.);
#2125=ORIENTED_EDGE('',*,*,#3430,.T.);
#2126=ORIENTED_EDGE('',*,*,#3431,.T.);
#2127=ORIENTED_EDGE('',*,*,#3359,.F.);
#2128=ORIENTED_EDGE('',*,*,#3431,.F.);
#2129=ORIENTED_EDGE('',*,*,#3432,.T.);
#2130=ORIENTED_EDGE('',*,*,#3433,.T.);
#2131=ORIENTED_EDGE('',*,*,#3360,.F.);
#2132=ORIENTED_EDGE('',*,*,#3433,.F.);
#2133=ORIENTED_EDGE('',*,*,#3434,.T.);
#2134=ORIENTED_EDGE('',*,*,#3435,.T.);
#2135=ORIENTED_EDGE('',*,*,#3436,.F.);
#2136=ORIENTED_EDGE('',*,*,#3437,.T.);
#2137=ORIENTED_EDGE('',*,*,#3353,.F.);
#2138=ORIENTED_EDGE('',*,*,#3435,.F.);
#2139=ORIENTED_EDGE('',*,*,#3438,.T.);
#2140=ORIENTED_EDGE('',*,*,#3421,.T.);
#2141=ORIENTED_EDGE('',*,*,#3436,.T.);
#2142=ORIENTED_EDGE('',*,*,#3422,.T.);
#2143=ORIENTED_EDGE('',*,*,#3438,.F.);
#2144=ORIENTED_EDGE('',*,*,#3434,.F.);
#2145=ORIENTED_EDGE('',*,*,#3432,.F.);
#2146=ORIENTED_EDGE('',*,*,#3430,.F.);
#2147=ORIENTED_EDGE('',*,*,#3428,.F.);
#2148=ORIENTED_EDGE('',*,*,#3426,.T.);
#2149=ORIENTED_EDGE('',*,*,#3424,.F.);
#2150=ORIENTED_EDGE('',*,*,#3437,.F.);
#2151=ORIENTED_EDGE('',*,*,#3439,.T.);
#2152=ORIENTED_EDGE('',*,*,#3440,.T.);
#2153=ORIENTED_EDGE('',*,*,#3441,.T.);
#2154=ORIENTED_EDGE('',*,*,#3442,.T.);
#2155=ORIENTED_EDGE('',*,*,#3443,.T.);
#2156=ORIENTED_EDGE('',*,*,#3444,.T.);
#2157=ORIENTED_EDGE('',*,*,#3445,.T.);
#2158=ORIENTED_EDGE('',*,*,#3446,.T.);
#2159=ORIENTED_EDGE('',*,*,#3447,.T.);
#2160=ORIENTED_EDGE('',*,*,#3448,.T.);
#2161=ORIENTED_EDGE('',*,*,#3449,.T.);
#2162=ORIENTED_EDGE('',*,*,#3450,.T.);
#2163=ORIENTED_EDGE('',*,*,#3439,.F.);
#2164=ORIENTED_EDGE('',*,*,#3451,.F.);
#2165=ORIENTED_EDGE('',*,*,#3452,.T.);
#2166=ORIENTED_EDGE('',*,*,#3453,.T.);
#2167=ORIENTED_EDGE('',*,*,#3440,.F.);
#2168=ORIENTED_EDGE('',*,*,#3453,.F.);
#2169=ORIENTED_EDGE('',*,*,#3454,.T.);
#2170=ORIENTED_EDGE('',*,*,#3455,.T.);
#2171=ORIENTED_EDGE('',*,*,#3441,.F.);
#2172=ORIENTED_EDGE('',*,*,#3455,.F.);
#2173=ORIENTED_EDGE('',*,*,#3456,.T.);
#2174=ORIENTED_EDGE('',*,*,#3457,.T.);
#2175=ORIENTED_EDGE('',*,*,#3442,.F.);
#2176=ORIENTED_EDGE('',*,*,#3457,.F.);
#2177=ORIENTED_EDGE('',*,*,#3458,.T.);
#2178=ORIENTED_EDGE('',*,*,#3459,.T.);
#2179=ORIENTED_EDGE('',*,*,#3443,.F.);
#2180=ORIENTED_EDGE('',*,*,#3459,.F.);
#2181=ORIENTED_EDGE('',*,*,#3460,.T.);
#2182=ORIENTED_EDGE('',*,*,#3461,.T.);
#2183=ORIENTED_EDGE('',*,*,#3444,.F.);
#2184=ORIENTED_EDGE('',*,*,#3461,.F.);
#2185=ORIENTED_EDGE('',*,*,#3462,.T.);
#2186=ORIENTED_EDGE('',*,*,#3463,.T.);
#2187=ORIENTED_EDGE('',*,*,#3445,.F.);
#2188=ORIENTED_EDGE('',*,*,#3463,.F.);
#2189=ORIENTED_EDGE('',*,*,#3464,.T.);
#2190=ORIENTED_EDGE('',*,*,#3465,.T.);
#2191=ORIENTED_EDGE('',*,*,#3446,.F.);
#2192=ORIENTED_EDGE('',*,*,#3465,.F.);
#2193=ORIENTED_EDGE('',*,*,#3466,.T.);
#2194=ORIENTED_EDGE('',*,*,#3467,.T.);
#2195=ORIENTED_EDGE('',*,*,#3447,.F.);
#2196=ORIENTED_EDGE('',*,*,#3467,.F.);
#2197=ORIENTED_EDGE('',*,*,#3468,.T.);
#2198=ORIENTED_EDGE('',*,*,#3469,.T.);
#2199=ORIENTED_EDGE('',*,*,#3448,.F.);
#2200=ORIENTED_EDGE('',*,*,#3469,.F.);
#2201=ORIENTED_EDGE('',*,*,#3470,.T.);
#2202=ORIENTED_EDGE('',*,*,#3471,.T.);
#2203=ORIENTED_EDGE('',*,*,#3449,.F.);
#2204=ORIENTED_EDGE('',*,*,#3471,.F.);
#2205=ORIENTED_EDGE('',*,*,#3472,.T.);
#2206=ORIENTED_EDGE('',*,*,#3473,.T.);
#2207=ORIENTED_EDGE('',*,*,#3450,.F.);
#2208=ORIENTED_EDGE('',*,*,#3473,.F.);
#2209=ORIENTED_EDGE('',*,*,#3474,.T.);
#2210=ORIENTED_EDGE('',*,*,#3451,.T.);
#2211=ORIENTED_EDGE('',*,*,#3452,.F.);
#2212=ORIENTED_EDGE('',*,*,#3474,.F.);
#2213=ORIENTED_EDGE('',*,*,#3472,.F.);
#2214=ORIENTED_EDGE('',*,*,#3470,.F.);
#2215=ORIENTED_EDGE('',*,*,#3468,.F.);
#2216=ORIENTED_EDGE('',*,*,#3466,.F.);
#2217=ORIENTED_EDGE('',*,*,#3464,.F.);
#2218=ORIENTED_EDGE('',*,*,#3462,.F.);
#2219=ORIENTED_EDGE('',*,*,#3460,.F.);
#2220=ORIENTED_EDGE('',*,*,#3458,.F.);
#2221=ORIENTED_EDGE('',*,*,#3456,.F.);
#2222=ORIENTED_EDGE('',*,*,#3454,.F.);
#2223=ORIENTED_EDGE('',*,*,#3475,.T.);
#2224=ORIENTED_EDGE('',*,*,#3476,.T.);
#2225=ORIENTED_EDGE('',*,*,#3477,.F.);
#2226=ORIENTED_EDGE('',*,*,#3478,.F.);
#2227=ORIENTED_EDGE('',*,*,#3479,.T.);
#2228=ORIENTED_EDGE('',*,*,#3480,.T.);
#2229=ORIENTED_EDGE('',*,*,#3481,.F.);
#2230=ORIENTED_EDGE('',*,*,#3482,.F.);
#2231=ORIENTED_EDGE('',*,*,#3483,.F.);
#2232=ORIENTED_EDGE('',*,*,#3484,.T.);
#2233=ORIENTED_EDGE('',*,*,#3485,.F.);
#2234=ORIENTED_EDGE('',*,*,#3486,.F.);
#2235=ORIENTED_EDGE('',*,*,#3487,.T.);
#2236=ORIENTED_EDGE('',*,*,#3488,.T.);
#2237=ORIENTED_EDGE('',*,*,#3489,.F.);
#2238=ORIENTED_EDGE('',*,*,#3490,.F.);
#2239=ORIENTED_EDGE('',*,*,#3491,.F.);
#2240=ORIENTED_EDGE('',*,*,#3489,.T.);
#2241=ORIENTED_EDGE('',*,*,#3492,.F.);
#2242=ORIENTED_EDGE('',*,*,#3493,.T.);
#2243=ORIENTED_EDGE('',*,*,#3494,.F.);
#2244=ORIENTED_EDGE('',*,*,#3477,.T.);
#2245=ORIENTED_EDGE('',*,*,#3485,.T.);
#2246=ORIENTED_EDGE('',*,*,#3495,.T.);
#2247=ORIENTED_EDGE('',*,*,#3481,.T.);
#2248=ORIENTED_EDGE('',*,*,#3496,.F.);
#2249=ORIENTED_EDGE('',*,*,#3497,.T.);
#2250=ORIENTED_EDGE('',*,*,#3498,.F.);
#2251=ORIENTED_EDGE('',*,*,#3494,.T.);
#2252=ORIENTED_EDGE('',*,*,#3499,.F.);
#2253=ORIENTED_EDGE('',*,*,#3500,.F.);
#2254=ORIENTED_EDGE('',*,*,#3478,.T.);
#2255=ORIENTED_EDGE('',*,*,#3493,.F.);
#2256=ORIENTED_EDGE('',*,*,#3501,.F.);
#2257=ORIENTED_EDGE('',*,*,#3502,.T.);
#2258=ORIENTED_EDGE('',*,*,#3499,.T.);
#2259=ORIENTED_EDGE('',*,*,#3492,.T.);
#2260=ORIENTED_EDGE('',*,*,#3488,.F.);
#2261=ORIENTED_EDGE('',*,*,#3503,.F.);
#2262=ORIENTED_EDGE('',*,*,#3501,.T.);
#2263=ORIENTED_EDGE('',*,*,#3498,.T.);
#2264=ORIENTED_EDGE('',*,*,#3504,.F.);
#2265=ORIENTED_EDGE('',*,*,#3505,.F.);
#2266=ORIENTED_EDGE('',*,*,#3486,.T.);
#2267=ORIENTED_EDGE('',*,*,#3497,.F.);
#2268=ORIENTED_EDGE('',*,*,#3506,.F.);
#2269=ORIENTED_EDGE('',*,*,#3507,.T.);
#2270=ORIENTED_EDGE('',*,*,#3504,.T.);
#2271=ORIENTED_EDGE('',*,*,#3496,.T.);
#2272=ORIENTED_EDGE('',*,*,#3480,.F.);
#2273=ORIENTED_EDGE('',*,*,#3508,.F.);
#2274=ORIENTED_EDGE('',*,*,#3506,.T.);
#2275=ORIENTED_EDGE('',*,*,#3479,.F.);
#2276=ORIENTED_EDGE('',*,*,#3500,.T.);
#2277=ORIENTED_EDGE('',*,*,#3502,.F.);
#2278=ORIENTED_EDGE('',*,*,#3503,.T.);
#2279=ORIENTED_EDGE('',*,*,#3487,.F.);
#2280=ORIENTED_EDGE('',*,*,#3505,.T.);
#2281=ORIENTED_EDGE('',*,*,#3507,.F.);
#2282=ORIENTED_EDGE('',*,*,#3508,.T.);
#2283=ORIENTED_EDGE('',*,*,#3491,.T.);
#2284=ORIENTED_EDGE('',*,*,#3476,.F.);
#2285=ORIENTED_EDGE('',*,*,#3509,.F.);
#2286=ORIENTED_EDGE('',*,*,#3490,.T.);
#2287=ORIENTED_EDGE('',*,*,#3495,.F.);
#2288=ORIENTED_EDGE('',*,*,#3484,.F.);
#2289=ORIENTED_EDGE('',*,*,#3510,.T.);
#2290=ORIENTED_EDGE('',*,*,#3482,.T.);
#2291=ORIENTED_EDGE('',*,*,#3511,.F.);
#2292=ORIENTED_EDGE('',*,*,#3512,.T.);
#2293=ORIENTED_EDGE('',*,*,#3509,.T.);
#2294=ORIENTED_EDGE('',*,*,#3475,.F.);
#2295=ORIENTED_EDGE('',*,*,#3510,.F.);
#2296=ORIENTED_EDGE('',*,*,#3483,.T.);
#2297=ORIENTED_EDGE('',*,*,#3511,.T.);
#2298=ORIENTED_EDGE('',*,*,#3512,.F.);
#2299=ORIENTED_EDGE('',*,*,#3513,.T.);
#2300=ORIENTED_EDGE('',*,*,#3514,.T.);
#2301=ORIENTED_EDGE('',*,*,#3515,.T.);
#2302=ORIENTED_EDGE('',*,*,#3516,.T.);
#2303=ORIENTED_EDGE('',*,*,#3517,.T.);
#2304=ORIENTED_EDGE('',*,*,#3518,.T.);
#2305=ORIENTED_EDGE('',*,*,#3519,.T.);
#2306=ORIENTED_EDGE('',*,*,#3520,.T.);
#2307=ORIENTED_EDGE('',*,*,#3521,.T.);
#2308=ORIENTED_EDGE('',*,*,#3522,.T.);
#2309=ORIENTED_EDGE('',*,*,#3523,.T.);
#2310=ORIENTED_EDGE('',*,*,#3524,.T.);
#2311=ORIENTED_EDGE('',*,*,#3513,.F.);
#2312=ORIENTED_EDGE('',*,*,#3525,.F.);
#2313=ORIENTED_EDGE('',*,*,#3526,.T.);
#2314=ORIENTED_EDGE('',*,*,#3527,.T.);
#2315=ORIENTED_EDGE('',*,*,#3514,.F.);
#2316=ORIENTED_EDGE('',*,*,#3527,.F.);
#2317=ORIENTED_EDGE('',*,*,#3528,.T.);
#2318=ORIENTED_EDGE('',*,*,#3529,.T.);
#2319=ORIENTED_EDGE('',*,*,#3515,.F.);
#2320=ORIENTED_EDGE('',*,*,#3529,.F.);
#2321=ORIENTED_EDGE('',*,*,#3530,.T.);
#2322=ORIENTED_EDGE('',*,*,#3531,.T.);
#2323=ORIENTED_EDGE('',*,*,#3516,.F.);
#2324=ORIENTED_EDGE('',*,*,#3531,.F.);
#2325=ORIENTED_EDGE('',*,*,#3532,.T.);
#2326=ORIENTED_EDGE('',*,*,#3533,.T.);
#2327=ORIENTED_EDGE('',*,*,#3517,.F.);
#2328=ORIENTED_EDGE('',*,*,#3533,.F.);
#2329=ORIENTED_EDGE('',*,*,#3534,.T.);
#2330=ORIENTED_EDGE('',*,*,#3535,.T.);
#2331=ORIENTED_EDGE('',*,*,#3518,.F.);
#2332=ORIENTED_EDGE('',*,*,#3535,.F.);
#2333=ORIENTED_EDGE('',*,*,#3536,.T.);
#2334=ORIENTED_EDGE('',*,*,#3537,.T.);
#2335=ORIENTED_EDGE('',*,*,#3519,.F.);
#2336=ORIENTED_EDGE('',*,*,#3537,.F.);
#2337=ORIENTED_EDGE('',*,*,#3538,.T.);
#2338=ORIENTED_EDGE('',*,*,#3539,.T.);
#2339=ORIENTED_EDGE('',*,*,#3520,.F.);
#2340=ORIENTED_EDGE('',*,*,#3539,.F.);
#2341=ORIENTED_EDGE('',*,*,#3540,.T.);
#2342=ORIENTED_EDGE('',*,*,#3541,.T.);
#2343=ORIENTED_EDGE('',*,*,#3521,.F.);
#2344=ORIENTED_EDGE('',*,*,#3541,.F.);
#2345=ORIENTED_EDGE('',*,*,#3542,.T.);
#2346=ORIENTED_EDGE('',*,*,#3543,.T.);
#2347=ORIENTED_EDGE('',*,*,#3522,.F.);
#2348=ORIENTED_EDGE('',*,*,#3543,.F.);
#2349=ORIENTED_EDGE('',*,*,#3544,.T.);
#2350=ORIENTED_EDGE('',*,*,#3545,.T.);
#2351=ORIENTED_EDGE('',*,*,#3523,.F.);
#2352=ORIENTED_EDGE('',*,*,#3545,.F.);
#2353=ORIENTED_EDGE('',*,*,#3546,.T.);
#2354=ORIENTED_EDGE('',*,*,#3547,.T.);
#2355=ORIENTED_EDGE('',*,*,#3524,.F.);
#2356=ORIENTED_EDGE('',*,*,#3547,.F.);
#2357=ORIENTED_EDGE('',*,*,#3548,.T.);
#2358=ORIENTED_EDGE('',*,*,#3525,.T.);
#2359=ORIENTED_EDGE('',*,*,#3526,.F.);
#2360=ORIENTED_EDGE('',*,*,#3548,.F.);
#2361=ORIENTED_EDGE('',*,*,#3546,.F.);
#2362=ORIENTED_EDGE('',*,*,#3544,.F.);
#2363=ORIENTED_EDGE('',*,*,#3542,.F.);
#2364=ORIENTED_EDGE('',*,*,#3540,.F.);
#2365=ORIENTED_EDGE('',*,*,#3538,.F.);
#2366=ORIENTED_EDGE('',*,*,#3536,.F.);
#2367=ORIENTED_EDGE('',*,*,#3534,.F.);
#2368=ORIENTED_EDGE('',*,*,#3532,.F.);
#2369=ORIENTED_EDGE('',*,*,#3530,.F.);
#2370=ORIENTED_EDGE('',*,*,#3528,.F.);
#2371=ORIENTED_EDGE('',*,*,#3549,.T.);
#2372=ORIENTED_EDGE('',*,*,#3550,.F.);
#2373=ORIENTED_EDGE('',*,*,#3551,.T.);
#2374=ORIENTED_EDGE('',*,*,#3552,.F.);
#2375=ORIENTED_EDGE('',*,*,#3553,.T.);
#2376=ORIENTED_EDGE('',*,*,#3554,.T.);
#2377=ORIENTED_EDGE('',*,*,#3555,.T.);
#2378=ORIENTED_EDGE('',*,*,#3556,.T.);
#2379=ORIENTED_EDGE('',*,*,#3557,.T.);
#2380=ORIENTED_EDGE('',*,*,#3558,.F.);
#2381=ORIENTED_EDGE('',*,*,#3559,.T.);
#2382=ORIENTED_EDGE('',*,*,#3560,.T.);
#2383=ORIENTED_EDGE('',*,*,#3561,.F.);
#2384=ORIENTED_EDGE('',*,*,#3562,.F.);
#2385=ORIENTED_EDGE('',*,*,#3563,.T.);
#2386=ORIENTED_EDGE('',*,*,#3564,.F.);
#2387=ORIENTED_EDGE('',*,*,#3557,.F.);
#2388=ORIENTED_EDGE('',*,*,#3565,.F.);
#2389=ORIENTED_EDGE('',*,*,#3566,.T.);
#2390=ORIENTED_EDGE('',*,*,#3567,.T.);
#2391=ORIENTED_EDGE('',*,*,#3564,.T.);
#2392=ORIENTED_EDGE('',*,*,#3568,.F.);
#2393=ORIENTED_EDGE('',*,*,#3569,.F.);
#2394=ORIENTED_EDGE('',*,*,#3565,.T.);
#2395=ORIENTED_EDGE('',*,*,#3563,.F.);
#2396=ORIENTED_EDGE('',*,*,#3570,.F.);
#2397=ORIENTED_EDGE('',*,*,#3571,.T.);
#2398=ORIENTED_EDGE('',*,*,#3568,.T.);
#2399=ORIENTED_EDGE('',*,*,#3562,.T.);
#2400=ORIENTED_EDGE('',*,*,#3572,.F.);
#2401=ORIENTED_EDGE('',*,*,#3573,.F.);
#2402=ORIENTED_EDGE('',*,*,#3570,.T.);
#2403=ORIENTED_EDGE('',*,*,#3561,.T.);
#2404=ORIENTED_EDGE('',*,*,#3574,.F.);
#2405=ORIENTED_EDGE('',*,*,#3575,.F.);
#2406=ORIENTED_EDGE('',*,*,#3572,.T.);
#2407=ORIENTED_EDGE('',*,*,#3560,.F.);
#2408=ORIENTED_EDGE('',*,*,#3576,.F.);
#2409=ORIENTED_EDGE('',*,*,#3577,.T.);
#2410=ORIENTED_EDGE('',*,*,#3574,.T.);
#2411=ORIENTED_EDGE('',*,*,#3559,.F.);
#2412=ORIENTED_EDGE('',*,*,#3578,.F.);
#2413=ORIENTED_EDGE('',*,*,#3579,.T.);
#2414=ORIENTED_EDGE('',*,*,#3576,.T.);
#2415=ORIENTED_EDGE('',*,*,#3558,.T.);
#2416=ORIENTED_EDGE('',*,*,#3567,.F.);
#2417=ORIENTED_EDGE('',*,*,#3580,.F.);
#2418=ORIENTED_EDGE('',*,*,#3578,.T.);
#2419=ORIENTED_EDGE('',*,*,#3566,.F.);
#2420=ORIENTED_EDGE('',*,*,#3569,.T.);
#2421=ORIENTED_EDGE('',*,*,#3571,.F.);
#2422=ORIENTED_EDGE('',*,*,#3573,.T.);
#2423=ORIENTED_EDGE('',*,*,#3575,.T.);
#2424=ORIENTED_EDGE('',*,*,#3577,.F.);
#2425=ORIENTED_EDGE('',*,*,#3579,.F.);
#2426=ORIENTED_EDGE('',*,*,#3580,.T.);
#2427=ORIENTED_EDGE('',*,*,#3550,.T.);
#2428=ORIENTED_EDGE('',*,*,#3581,.F.);
#2429=ORIENTED_EDGE('',*,*,#3582,.F.);
#2430=ORIENTED_EDGE('',*,*,#3583,.T.);
#2431=ORIENTED_EDGE('',*,*,#3551,.F.);
#2432=ORIENTED_EDGE('',*,*,#3583,.F.);
#2433=ORIENTED_EDGE('',*,*,#3584,.T.);
#2434=ORIENTED_EDGE('',*,*,#3585,.T.);
#2435=ORIENTED_EDGE('',*,*,#3552,.T.);
#2436=ORIENTED_EDGE('',*,*,#3585,.F.);
#2437=ORIENTED_EDGE('',*,*,#3586,.F.);
#2438=ORIENTED_EDGE('',*,*,#3587,.T.);
#2439=ORIENTED_EDGE('',*,*,#3553,.F.);
#2440=ORIENTED_EDGE('',*,*,#3587,.F.);
#2441=ORIENTED_EDGE('',*,*,#3588,.T.);
#2442=ORIENTED_EDGE('',*,*,#3589,.T.);
#2443=ORIENTED_EDGE('',*,*,#3554,.F.);
#2444=ORIENTED_EDGE('',*,*,#3589,.F.);
#2445=ORIENTED_EDGE('',*,*,#3590,.T.);
#2446=ORIENTED_EDGE('',*,*,#3591,.T.);
#2447=ORIENTED_EDGE('',*,*,#3555,.F.);
#2448=ORIENTED_EDGE('',*,*,#3591,.F.);
#2449=ORIENTED_EDGE('',*,*,#3592,.T.);
#2450=ORIENTED_EDGE('',*,*,#3593,.T.);
#2451=ORIENTED_EDGE('',*,*,#3556,.F.);
#2452=ORIENTED_EDGE('',*,*,#3593,.F.);
#2453=ORIENTED_EDGE('',*,*,#3594,.T.);
#2454=ORIENTED_EDGE('',*,*,#3595,.T.);
#2455=ORIENTED_EDGE('',*,*,#3549,.F.);
#2456=ORIENTED_EDGE('',*,*,#3595,.F.);
#2457=ORIENTED_EDGE('',*,*,#3596,.T.);
#2458=ORIENTED_EDGE('',*,*,#3581,.T.);
#2459=ORIENTED_EDGE('',*,*,#3597,.F.);
#2460=ORIENTED_EDGE('',*,*,#3598,.T.);
#2461=ORIENTED_EDGE('',*,*,#3582,.T.);
#2462=ORIENTED_EDGE('',*,*,#3596,.F.);
#2463=ORIENTED_EDGE('',*,*,#3594,.F.);
#2464=ORIENTED_EDGE('',*,*,#3592,.F.);
#2465=ORIENTED_EDGE('',*,*,#3590,.F.);
#2466=ORIENTED_EDGE('',*,*,#3588,.F.);
#2467=ORIENTED_EDGE('',*,*,#3586,.T.);
#2468=ORIENTED_EDGE('',*,*,#3584,.F.);
#2469=ORIENTED_EDGE('',*,*,#3597,.T.);
#2470=ORIENTED_EDGE('',*,*,#3598,.F.);
#2471=ORIENTED_EDGE('',*,*,#3599,.T.);
#2472=ORIENTED_EDGE('',*,*,#3600,.T.);
#2473=ORIENTED_EDGE('',*,*,#3601,.T.);
#2474=ORIENTED_EDGE('',*,*,#3602,.T.);
#2475=ORIENTED_EDGE('',*,*,#3603,.T.);
#2476=ORIENTED_EDGE('',*,*,#3604,.T.);
#2477=ORIENTED_EDGE('',*,*,#3605,.T.);
#2478=ORIENTED_EDGE('',*,*,#3606,.T.);
#2479=ORIENTED_EDGE('',*,*,#3607,.T.);
#2480=ORIENTED_EDGE('',*,*,#3608,.T.);
#2481=ORIENTED_EDGE('',*,*,#3609,.T.);
#2482=ORIENTED_EDGE('',*,*,#3610,.T.);
#2483=ORIENTED_EDGE('',*,*,#3599,.F.);
#2484=ORIENTED_EDGE('',*,*,#3611,.F.);
#2485=ORIENTED_EDGE('',*,*,#3612,.T.);
#2486=ORIENTED_EDGE('',*,*,#3613,.T.);
#2487=ORIENTED_EDGE('',*,*,#3600,.F.);
#2488=ORIENTED_EDGE('',*,*,#3613,.F.);
#2489=ORIENTED_EDGE('',*,*,#3614,.T.);
#2490=ORIENTED_EDGE('',*,*,#3615,.T.);
#2491=ORIENTED_EDGE('',*,*,#3601,.F.);
#2492=ORIENTED_EDGE('',*,*,#3615,.F.);
#2493=ORIENTED_EDGE('',*,*,#3616,.T.);
#2494=ORIENTED_EDGE('',*,*,#3617,.T.);
#2495=ORIENTED_EDGE('',*,*,#3602,.F.);
#2496=ORIENTED_EDGE('',*,*,#3617,.F.);
#2497=ORIENTED_EDGE('',*,*,#3618,.T.);
#2498=ORIENTED_EDGE('',*,*,#3619,.T.);
#2499=ORIENTED_EDGE('',*,*,#3603,.F.);
#2500=ORIENTED_EDGE('',*,*,#3619,.F.);
#2501=ORIENTED_EDGE('',*,*,#3620,.T.);
#2502=ORIENTED_EDGE('',*,*,#3621,.T.);
#2503=ORIENTED_EDGE('',*,*,#3604,.F.);
#2504=ORIENTED_EDGE('',*,*,#3621,.F.);
#2505=ORIENTED_EDGE('',*,*,#3622,.T.);
#2506=ORIENTED_EDGE('',*,*,#3623,.T.);
#2507=ORIENTED_EDGE('',*,*,#3605,.F.);
#2508=ORIENTED_EDGE('',*,*,#3623,.F.);
#2509=ORIENTED_EDGE('',*,*,#3624,.T.);
#2510=ORIENTED_EDGE('',*,*,#3625,.T.);
#2511=ORIENTED_EDGE('',*,*,#3606,.F.);
#2512=ORIENTED_EDGE('',*,*,#3625,.F.);
#2513=ORIENTED_EDGE('',*,*,#3626,.T.);
#2514=ORIENTED_EDGE('',*,*,#3627,.T.);
#2515=ORIENTED_EDGE('',*,*,#3607,.F.);
#2516=ORIENTED_EDGE('',*,*,#3627,.F.);
#2517=ORIENTED_EDGE('',*,*,#3628,.T.);
#2518=ORIENTED_EDGE('',*,*,#3629,.T.);
#2519=ORIENTED_EDGE('',*,*,#3608,.F.);
#2520=ORIENTED_EDGE('',*,*,#3629,.F.);
#2521=ORIENTED_EDGE('',*,*,#3630,.T.);
#2522=ORIENTED_EDGE('',*,*,#3631,.T.);
#2523=ORIENTED_EDGE('',*,*,#3609,.F.);
#2524=ORIENTED_EDGE('',*,*,#3631,.F.);
#2525=ORIENTED_EDGE('',*,*,#3632,.T.);
#2526=ORIENTED_EDGE('',*,*,#3633,.T.);
#2527=ORIENTED_EDGE('',*,*,#3610,.F.);
#2528=ORIENTED_EDGE('',*,*,#3633,.F.);
#2529=ORIENTED_EDGE('',*,*,#3634,.T.);
#2530=ORIENTED_EDGE('',*,*,#3611,.T.);
#2531=ORIENTED_EDGE('',*,*,#3612,.F.);
#2532=ORIENTED_EDGE('',*,*,#3634,.F.);
#2533=ORIENTED_EDGE('',*,*,#3632,.F.);
#2534=ORIENTED_EDGE('',*,*,#3630,.F.);
#2535=ORIENTED_EDGE('',*,*,#3628,.F.);
#2536=ORIENTED_EDGE('',*,*,#3626,.F.);
#2537=ORIENTED_EDGE('',*,*,#3624,.F.);
#2538=ORIENTED_EDGE('',*,*,#3622,.F.);
#2539=ORIENTED_EDGE('',*,*,#3620,.F.);
#2540=ORIENTED_EDGE('',*,*,#3618,.F.);
#2541=ORIENTED_EDGE('',*,*,#3616,.F.);
#2542=ORIENTED_EDGE('',*,*,#3614,.F.);
#2543=EDGE_CURVE('',#3635,#3636,#4371,.T.);
#2544=EDGE_CURVE('',#3636,#3637,#4372,.T.);
#2545=EDGE_CURVE('',#3638,#3637,#4373,.T.);
#2546=EDGE_CURVE('',#3639,#3638,#4374,.T.);
#2547=EDGE_CURVE('',#3639,#3640,#4375,.T.);
#2548=EDGE_CURVE('',#3640,#3641,#4376,.T.);
#2549=EDGE_CURVE('',#3642,#3641,#4377,.T.);
#2550=EDGE_CURVE('',#3635,#3642,#4378,.T.);
#2551=EDGE_CURVE('',#3643,#3644,#4379,.T.);
#2552=EDGE_CURVE('',#3643,#3645,#4380,.T.);
#2553=EDGE_CURVE('',#3646,#3645,#4381,.T.);
#2554=EDGE_CURVE('',#3647,#3646,#4382,.T.);
#2555=EDGE_CURVE('',#3647,#3648,#4383,.T.);
#2556=EDGE_CURVE('',#3648,#3649,#4384,.T.);
#2557=EDGE_CURVE('',#3650,#3649,#4385,.T.);
#2558=EDGE_CURVE('',#3644,#3650,#4386,.T.);
#2559=EDGE_CURVE('',#3650,#3637,#4387,.T.);
#2560=EDGE_CURVE('',#3651,#3649,#143,.T.);
#2561=EDGE_CURVE('',#3651,#3652,#4388,.T.);
#2562=EDGE_CURVE('',#3638,#3652,#144,.T.);
#2563=EDGE_CURVE('',#3645,#3642,#4389,.T.);
#2564=EDGE_CURVE('',#3653,#3641,#145,.T.);
#2565=EDGE_CURVE('',#3653,#3654,#4390,.T.);
#2566=EDGE_CURVE('',#3646,#3654,#146,.T.);
#2567=EDGE_CURVE('',#3655,#3652,#4391,.T.);
#2568=EDGE_CURVE('',#3639,#3655,#147,.T.);
#2569=EDGE_CURVE('',#3656,#3651,#4392,.T.);
#2570=EDGE_CURVE('',#3656,#3655,#4393,.T.);
#2571=EDGE_CURVE('',#3656,#3648,#148,.T.);
#2572=EDGE_CURVE('',#3657,#3654,#4394,.T.);
#2573=EDGE_CURVE('',#3647,#3657,#149,.T.);
#2574=EDGE_CURVE('',#3658,#3653,#4395,.T.);
#2575=EDGE_CURVE('',#3658,#3657,#4396,.T.);
#2576=EDGE_CURVE('',#3658,#3640,#150,.T.);
#2577=EDGE_CURVE('',#3644,#3636,#4397,.T.);
#2578=EDGE_CURVE('',#3643,#3635,#4398,.T.);
#2579=EDGE_CURVE('',#3659,#3659,#151,.T.);
#2580=EDGE_CURVE('',#3660,#3660,#152,.T.);
#2581=EDGE_CURVE('',#3661,#3662,#4399,.T.);
#2582=EDGE_CURVE('',#3662,#3663,#4400,.T.);
#2583=EDGE_CURVE('',#3663,#3664,#4401,.T.);
#2584=EDGE_CURVE('',#3664,#3665,#4402,.T.);
#2585=EDGE_CURVE('',#3665,#3666,#4403,.T.);
#2586=EDGE_CURVE('',#3666,#3667,#4404,.T.);
#2587=EDGE_CURVE('',#3667,#3668,#4405,.T.);
#2588=EDGE_CURVE('',#3668,#3669,#4406,.T.);
#2589=EDGE_CURVE('',#3669,#3670,#4407,.T.);
#2590=EDGE_CURVE('',#3670,#3671,#4408,.T.);
#2591=EDGE_CURVE('',#3671,#3672,#4409,.T.);
#2592=EDGE_CURVE('',#3672,#3661,#4410,.T.);
#2593=EDGE_CURVE('',#3673,#3661,#4411,.T.);
#2594=EDGE_CURVE('',#3673,#3674,#4412,.T.);
#2595=EDGE_CURVE('',#3674,#3662,#4413,.T.);
#2596=EDGE_CURVE('',#3674,#3675,#4414,.T.);
#2597=EDGE_CURVE('',#3675,#3663,#4415,.T.);
#2598=EDGE_CURVE('',#3675,#3676,#4416,.T.);
#2599=EDGE_CURVE('',#3676,#3664,#4417,.T.);
#2600=EDGE_CURVE('',#3676,#3677,#4418,.T.);
#2601=EDGE_CURVE('',#3677,#3665,#4419,.T.);
#2602=EDGE_CURVE('',#3677,#3678,#4420,.T.);
#2603=EDGE_CURVE('',#3678,#3666,#4421,.T.);
#2604=EDGE_CURVE('',#3678,#3679,#4422,.T.);
#2605=EDGE_CURVE('',#3679,#3667,#4423,.T.);
#2606=EDGE_CURVE('',#3679,#3680,#4424,.T.);
#2607=EDGE_CURVE('',#3680,#3668,#4425,.T.);
#2608=EDGE_CURVE('',#3680,#3681,#4426,.T.);
#2609=EDGE_CURVE('',#3681,#3669,#4427,.T.);
#2610=EDGE_CURVE('',#3681,#3682,#4428,.T.);
#2611=EDGE_CURVE('',#3682,#3670,#4429,.T.);
#2612=EDGE_CURVE('',#3682,#3683,#4430,.T.);
#2613=EDGE_CURVE('',#3683,#3671,#4431,.T.);
#2614=EDGE_CURVE('',#3683,#3684,#4432,.T.);
#2615=EDGE_CURVE('',#3684,#3672,#4433,.T.);
#2616=EDGE_CURVE('',#3684,#3673,#4434,.T.);
#2617=EDGE_CURVE('',#3685,#3686,#153,.T.);
#2618=EDGE_CURVE('',#3687,#3686,#4435,.T.);
#2619=EDGE_CURVE('',#3687,#3688,#154,.T.);
#2620=EDGE_CURVE('',#3689,#3688,#4436,.T.);
#2621=EDGE_CURVE('',#3689,#3690,#155,.T.);
#2622=EDGE_CURVE('',#3690,#3691,#4437,.T.);
#2623=EDGE_CURVE('',#3691,#3692,#156,.T.);
#2624=EDGE_CURVE('',#3692,#3685,#4438,.T.);
#2625=EDGE_CURVE('',#3693,#3694,#4439,.T.);
#2626=EDGE_CURVE('',#3695,#3694,#157,.T.);
#2627=EDGE_CURVE('',#3696,#3695,#4440,.T.);
#2628=EDGE_CURVE('',#3697,#3696,#158,.T.);
#2629=EDGE_CURVE('',#3698,#3697,#4441,.T.);
#2630=EDGE_CURVE('',#3699,#3698,#159,.T.);
#2631=EDGE_CURVE('',#3699,#3700,#4442,.T.);
#2632=EDGE_CURVE('',#3693,#3700,#160,.T.);
#2633=EDGE_CURVE('',#3701,#3693,#4443,.T.);
#2634=EDGE_CURVE('',#3701,#3702,#4444,.T.);
#2635=EDGE_CURVE('',#3702,#3694,#4445,.T.);
#2636=EDGE_CURVE('',#3703,#3700,#4446,.T.);
#2637=EDGE_CURVE('',#3701,#3703,#161,.T.);
#2638=EDGE_CURVE('',#3704,#3699,#4447,.T.);
#2639=EDGE_CURVE('',#3704,#3703,#4448,.T.);
#2640=EDGE_CURVE('',#3705,#3698,#4449,.T.);
#2641=EDGE_CURVE('',#3704,#3705,#162,.T.);
#2642=EDGE_CURVE('',#3706,#3697,#4450,.T.);
#2643=EDGE_CURVE('',#3705,#3706,#4451,.T.);
#2644=EDGE_CURVE('',#3707,#3696,#4452,.T.);
#2645=EDGE_CURVE('',#3706,#3707,#163,.T.);
#2646=EDGE_CURVE('',#3708,#3695,#4453,.T.);
#2647=EDGE_CURVE('',#3707,#3708,#4454,.T.);
#2648=EDGE_CURVE('',#3708,#3702,#164,.T.);
#2649=EDGE_CURVE('',#3709,#3686,#4455,.T.);
#2650=EDGE_CURVE('',#3710,#3709,#4456,.T.);
#2651=EDGE_CURVE('',#3710,#3687,#4457,.T.);
#2652=EDGE_CURVE('',#3710,#3711,#165,.T.);
#2653=EDGE_CURVE('',#3711,#3688,#4458,.T.);
#2654=EDGE_CURVE('',#3712,#3711,#4459,.T.);
#2655=EDGE_CURVE('',#3712,#3689,#4460,.T.);
#2656=EDGE_CURVE('',#3712,#3713,#166,.T.);
#2657=EDGE_CURVE('',#3713,#3690,#4461,.T.);
#2658=EDGE_CURVE('',#3713,#3714,#4462,.T.);
#2659=EDGE_CURVE('',#3714,#3691,#4463,.T.);
#2660=EDGE_CURVE('',#3714,#3715,#167,.T.);
#2661=EDGE_CURVE('',#3715,#3692,#4464,.T.);
#2662=EDGE_CURVE('',#3715,#3716,#4465,.T.);
#2663=EDGE_CURVE('',#3716,#3685,#4466,.T.);
#2664=EDGE_CURVE('',#3716,#3709,#168,.T.);
#2665=EDGE_CURVE('',#3717,#3717,#169,.T.);
#2666=EDGE_CURVE('',#3718,#3718,#170,.T.);
#2667=EDGE_CURVE('',#3719,#3720,#4467,.T.);
#2668=EDGE_CURVE('',#3720,#3721,#4468,.T.);
#2669=EDGE_CURVE('',#3721,#3722,#4469,.T.);
#2670=EDGE_CURVE('',#3722,#3723,#4470,.T.);
#2671=EDGE_CURVE('',#3723,#3724,#4471,.T.);
#2672=EDGE_CURVE('',#3724,#3725,#4472,.T.);
#2673=EDGE_CURVE('',#3725,#3726,#4473,.T.);
#2674=EDGE_CURVE('',#3726,#3727,#4474,.T.);
#2675=EDGE_CURVE('',#3727,#3728,#4475,.T.);
#2676=EDGE_CURVE('',#3728,#3729,#4476,.T.);
#2677=EDGE_CURVE('',#3729,#3730,#4477,.T.);
#2678=EDGE_CURVE('',#3730,#3719,#4478,.T.);
#2679=EDGE_CURVE('',#3731,#3719,#4479,.T.);
#2680=EDGE_CURVE('',#3731,#3732,#4480,.T.);
#2681=EDGE_CURVE('',#3732,#3720,#4481,.T.);
#2682=EDGE_CURVE('',#3732,#3733,#4482,.T.);
#2683=EDGE_CURVE('',#3733,#3721,#4483,.T.);
#2684=EDGE_CURVE('',#3733,#3734,#4484,.T.);
#2685=EDGE_CURVE('',#3734,#3722,#4485,.T.);
#2686=EDGE_CURVE('',#3734,#3735,#4486,.T.);
#2687=EDGE_CURVE('',#3735,#3723,#4487,.T.);
#2688=EDGE_CURVE('',#3735,#3736,#4488,.T.);
#2689=EDGE_CURVE('',#3736,#3724,#4489,.T.);
#2690=EDGE_CURVE('',#3736,#3737,#4490,.T.);
#2691=EDGE_CURVE('',#3737,#3725,#4491,.T.);
#2692=EDGE_CURVE('',#3737,#3738,#4492,.T.);
#2693=EDGE_CURVE('',#3738,#3726,#4493,.T.);
#2694=EDGE_CURVE('',#3738,#3739,#4494,.T.);
#2695=EDGE_CURVE('',#3739,#3727,#4495,.T.);
#2696=EDGE_CURVE('',#3739,#3740,#4496,.T.);
#2697=EDGE_CURVE('',#3740,#3728,#4497,.T.);
#2698=EDGE_CURVE('',#3740,#3741,#4498,.T.);
#2699=EDGE_CURVE('',#3741,#3729,#4499,.T.);
#2700=EDGE_CURVE('',#3741,#3742,#4500,.T.);
#2701=EDGE_CURVE('',#3742,#3730,#4501,.T.);
#2702=EDGE_CURVE('',#3742,#3731,#4502,.T.);
#2703=EDGE_CURVE('',#3743,#3744,#4503,.T.);
#2704=EDGE_CURVE('',#3744,#3745,#4504,.T.);
#2705=EDGE_CURVE('',#3746,#3745,#4505,.T.);
#2706=EDGE_CURVE('',#3747,#3746,#4506,.T.);
#2707=EDGE_CURVE('',#3747,#3748,#4507,.T.);
#2708=EDGE_CURVE('',#3748,#3749,#4508,.T.);
#2709=EDGE_CURVE('',#3750,#3749,#4509,.T.);
#2710=EDGE_CURVE('',#3743,#3750,#4510,.T.);
#2711=EDGE_CURVE('',#3751,#3752,#4511,.T.);
#2712=EDGE_CURVE('',#3751,#3753,#4512,.T.);
#2713=EDGE_CURVE('',#3754,#3753,#4513,.T.);
#2714=EDGE_CURVE('',#3755,#3754,#4514,.T.);
#2715=EDGE_CURVE('',#3755,#3756,#4515,.T.);
#2716=EDGE_CURVE('',#3756,#3757,#4516,.T.);
#2717=EDGE_CURVE('',#3758,#3757,#4517,.T.);
#2718=EDGE_CURVE('',#3752,#3758,#4518,.T.);
#2719=EDGE_CURVE('',#3758,#3745,#4519,.T.);
#2720=EDGE_CURVE('',#3759,#3757,#171,.T.);
#2721=EDGE_CURVE('',#3759,#3760,#4520,.T.);
#2722=EDGE_CURVE('',#3746,#3760,#172,.T.);
#2723=EDGE_CURVE('',#3753,#3750,#4521,.T.);
#2724=EDGE_CURVE('',#3761,#3749,#173,.T.);
#2725=EDGE_CURVE('',#3761,#3762,#4522,.T.);
#2726=EDGE_CURVE('',#3754,#3762,#174,.T.);
#2727=EDGE_CURVE('',#3763,#3760,#4523,.T.);
#2728=EDGE_CURVE('',#3747,#3763,#175,.T.);
#2729=EDGE_CURVE('',#3764,#3759,#4524,.T.);
#2730=EDGE_CURVE('',#3764,#3763,#4525,.T.);
#2731=EDGE_CURVE('',#3764,#3756,#176,.T.);
#2732=EDGE_CURVE('',#3765,#3762,#4526,.T.);
#2733=EDGE_CURVE('',#3755,#3765,#177,.T.);
#2734=EDGE_CURVE('',#3766,#3761,#4527,.T.);
#2735=EDGE_CURVE('',#3766,#3765,#4528,.T.);
#2736=EDGE_CURVE('',#3766,#3748,#178,.T.);
#2737=EDGE_CURVE('',#3752,#3744,#4529,.T.);
#2738=EDGE_CURVE('',#3751,#3743,#4530,.T.);
#2739=EDGE_CURVE('',#3767,#3767,#179,.T.);
#2740=EDGE_CURVE('',#3768,#3768,#180,.T.);
#2741=EDGE_CURVE('',#3769,#3770,#4531,.T.);
#2742=EDGE_CURVE('',#3770,#3771,#4532,.T.);
#2743=EDGE_CURVE('',#3771,#3772,#4533,.T.);
#2744=EDGE_CURVE('',#3772,#3773,#4534,.T.);
#2745=EDGE_CURVE('',#3773,#3774,#4535,.T.);
#2746=EDGE_CURVE('',#3774,#3775,#4536,.T.);
#2747=EDGE_CURVE('',#3775,#3776,#4537,.T.);
#2748=EDGE_CURVE('',#3776,#3777,#4538,.T.);
#2749=EDGE_CURVE('',#3777,#3778,#4539,.T.);
#2750=EDGE_CURVE('',#3778,#3779,#4540,.T.);
#2751=EDGE_CURVE('',#3779,#3780,#4541,.T.);
#2752=EDGE_CURVE('',#3780,#3769,#4542,.T.);
#2753=EDGE_CURVE('',#3781,#3769,#4543,.T.);
#2754=EDGE_CURVE('',#3781,#3782,#4544,.T.);
#2755=EDGE_CURVE('',#3782,#3770,#4545,.T.);
#2756=EDGE_CURVE('',#3782,#3783,#4546,.T.);
#2757=EDGE_CURVE('',#3783,#3771,#4547,.T.);
#2758=EDGE_CURVE('',#3783,#3784,#4548,.T.);
#2759=EDGE_CURVE('',#3784,#3772,#4549,.T.);
#2760=EDGE_CURVE('',#3784,#3785,#4550,.T.);
#2761=EDGE_CURVE('',#3785,#3773,#4551,.T.);
#2762=EDGE_CURVE('',#3785,#3786,#4552,.T.);
#2763=EDGE_CURVE('',#3786,#3774,#4553,.T.);
#2764=EDGE_CURVE('',#3786,#3787,#4554,.T.);
#2765=EDGE_CURVE('',#3787,#3775,#4555,.T.);
#2766=EDGE_CURVE('',#3787,#3788,#4556,.T.);
#2767=EDGE_CURVE('',#3788,#3776,#4557,.T.);
#2768=EDGE_CURVE('',#3788,#3789,#4558,.T.);
#2769=EDGE_CURVE('',#3789,#3777,#4559,.T.);
#2770=EDGE_CURVE('',#3789,#3790,#4560,.T.);
#2771=EDGE_CURVE('',#3790,#3778,#4561,.T.);
#2772=EDGE_CURVE('',#3790,#3791,#4562,.T.);
#2773=EDGE_CURVE('',#3791,#3779,#4563,.T.);
#2774=EDGE_CURVE('',#3791,#3792,#4564,.T.);
#2775=EDGE_CURVE('',#3792,#3780,#4565,.T.);
#2776=EDGE_CURVE('',#3792,#3781,#4566,.T.);
#2777=EDGE_CURVE('',#3793,#3794,#4567,.T.);
#2778=EDGE_CURVE('',#3794,#3795,#4568,.T.);
#2779=EDGE_CURVE('',#3796,#3795,#4569,.T.);
#2780=EDGE_CURVE('',#3797,#3796,#4570,.T.);
#2781=EDGE_CURVE('',#3797,#3798,#4571,.T.);
#2782=EDGE_CURVE('',#3798,#3799,#4572,.T.);
#2783=EDGE_CURVE('',#3800,#3799,#4573,.T.);
#2784=EDGE_CURVE('',#3793,#3800,#4574,.T.);
#2785=EDGE_CURVE('',#3801,#3802,#4575,.T.);
#2786=EDGE_CURVE('',#3801,#3803,#4576,.T.);
#2787=EDGE_CURVE('',#3804,#3803,#4577,.T.);
#2788=EDGE_CURVE('',#3805,#3804,#4578,.T.);
#2789=EDGE_CURVE('',#3805,#3806,#4579,.T.);
#2790=EDGE_CURVE('',#3806,#3807,#4580,.T.);
#2791=EDGE_CURVE('',#3808,#3807,#4581,.T.);
#2792=EDGE_CURVE('',#3802,#3808,#4582,.T.);
#2793=EDGE_CURVE('',#3808,#3795,#4583,.T.);
#2794=EDGE_CURVE('',#3809,#3807,#181,.T.);
#2795=EDGE_CURVE('',#3809,#3810,#4584,.T.);
#2796=EDGE_CURVE('',#3796,#3810,#182,.T.);
#2797=EDGE_CURVE('',#3803,#3800,#4585,.T.);
#2798=EDGE_CURVE('',#3811,#3799,#183,.T.);
#2799=EDGE_CURVE('',#3811,#3812,#4586,.T.);
#2800=EDGE_CURVE('',#3804,#3812,#184,.T.);
#2801=EDGE_CURVE('',#3813,#3810,#4587,.T.);
#2802=EDGE_CURVE('',#3797,#3813,#185,.T.);
#2803=EDGE_CURVE('',#3814,#3809,#4588,.T.);
#2804=EDGE_CURVE('',#3814,#3813,#4589,.T.);
#2805=EDGE_CURVE('',#3814,#3806,#186,.T.);
#2806=EDGE_CURVE('',#3815,#3812,#4590,.T.);
#2807=EDGE_CURVE('',#3805,#3815,#187,.T.);
#2808=EDGE_CURVE('',#3816,#3811,#4591,.T.);
#2809=EDGE_CURVE('',#3816,#3815,#4592,.T.);
#2810=EDGE_CURVE('',#3816,#3798,#188,.T.);
#2811=EDGE_CURVE('',#3801,#3793,#4593,.T.);
#2812=EDGE_CURVE('',#3802,#3794,#4594,.T.);
#2813=EDGE_CURVE('',#3817,#3817,#189,.T.);
#2814=EDGE_CURVE('',#3818,#3818,#190,.T.);
#2815=EDGE_CURVE('',#3819,#3820,#4595,.T.);
#2816=EDGE_CURVE('',#3820,#3821,#4596,.T.);
#2817=EDGE_CURVE('',#3821,#3822,#4597,.T.);
#2818=EDGE_CURVE('',#3822,#3823,#4598,.T.);
#2819=EDGE_CURVE('',#3823,#3824,#4599,.T.);
#2820=EDGE_CURVE('',#3824,#3825,#4600,.T.);
#2821=EDGE_CURVE('',#3825,#3826,#4601,.T.);
#2822=EDGE_CURVE('',#3826,#3827,#4602,.T.);
#2823=EDGE_CURVE('',#3827,#3828,#4603,.T.);
#2824=EDGE_CURVE('',#3828,#3829,#4604,.T.);
#2825=EDGE_CURVE('',#3829,#3830,#4605,.T.);
#2826=EDGE_CURVE('',#3830,#3819,#4606,.T.);
#2827=EDGE_CURVE('',#3831,#3819,#4607,.T.);
#2828=EDGE_CURVE('',#3831,#3832,#4608,.T.);
#2829=EDGE_CURVE('',#3832,#3820,#4609,.T.);
#2830=EDGE_CURVE('',#3832,#3833,#4610,.T.);
#2831=EDGE_CURVE('',#3833,#3821,#4611,.T.);
#2832=EDGE_CURVE('',#3833,#3834,#4612,.T.);
#2833=EDGE_CURVE('',#3834,#3822,#4613,.T.);
#2834=EDGE_CURVE('',#3834,#3835,#4614,.T.);
#2835=EDGE_CURVE('',#3835,#3823,#4615,.T.);
#2836=EDGE_CURVE('',#3835,#3836,#4616,.T.);
#2837=EDGE_CURVE('',#3836,#3824,#4617,.T.);
#2838=EDGE_CURVE('',#3836,#3837,#4618,.T.);
#2839=EDGE_CURVE('',#3837,#3825,#4619,.T.);
#2840=EDGE_CURVE('',#3837,#3838,#4620,.T.);
#2841=EDGE_CURVE('',#3838,#3826,#4621,.T.);
#2842=EDGE_CURVE('',#3838,#3839,#4622,.T.);
#2843=EDGE_CURVE('',#3839,#3827,#4623,.T.);
#2844=EDGE_CURVE('',#3839,#3840,#4624,.T.);
#2845=EDGE_CURVE('',#3840,#3828,#4625,.T.);
#2846=EDGE_CURVE('',#3840,#3841,#4626,.T.);
#2847=EDGE_CURVE('',#3841,#3829,#4627,.T.);
#2848=EDGE_CURVE('',#3841,#3842,#4628,.T.);
#2849=EDGE_CURVE('',#3842,#3830,#4629,.T.);
#2850=EDGE_CURVE('',#3842,#3831,#4630,.T.);
#2851=EDGE_CURVE('',#3843,#3844,#191,.T.);
#2852=EDGE_CURVE('',#3845,#3844,#4631,.T.);
#2853=EDGE_CURVE('',#3845,#3846,#192,.T.);
#2854=EDGE_CURVE('',#3847,#3846,#4632,.T.);
#2855=EDGE_CURVE('',#3847,#3848,#193,.T.);
#2856=EDGE_CURVE('',#3848,#3849,#4633,.T.);
#2857=EDGE_CURVE('',#3849,#3850,#194,.T.);
#2858=EDGE_CURVE('',#3850,#3843,#4634,.T.);
#2859=EDGE_CURVE('',#3851,#3852,#195,.T.);
#2860=EDGE_CURVE('',#3853,#3852,#4635,.T.);
#2861=EDGE_CURVE('',#3853,#3854,#196,.T.);
#2862=EDGE_CURVE('',#3855,#3854,#4636,.T.);
#2863=EDGE_CURVE('',#3856,#3855,#197,.T.);
#2864=EDGE_CURVE('',#3857,#3856,#4637,.T.);
#2865=EDGE_CURVE('',#3857,#3858,#198,.T.);
#2866=EDGE_CURVE('',#3858,#3859,#4638,.T.);
#2867=EDGE_CURVE('',#3859,#3860,#199,.T.);
#2868=EDGE_CURVE('',#3861,#3860,#4639,.T.);
#2869=EDGE_CURVE('',#3861,#3862,#200,.T.);
#2870=EDGE_CURVE('',#3863,#3862,#4640,.T.);
#2871=EDGE_CURVE('',#3863,#3864,#201,.T.);
#2872=EDGE_CURVE('',#3865,#3864,#4641,.T.);
#2873=EDGE_CURVE('',#3866,#3865,#202,.T.);
#2874=EDGE_CURVE('',#3851,#3866,#4642,.T.);
#2875=EDGE_CURVE('',#3867,#3851,#4643,.T.);
#2876=EDGE_CURVE('',#3867,#3868,#203,.T.);
#2877=EDGE_CURVE('',#3868,#3852,#4644,.T.);
#2878=EDGE_CURVE('',#3869,#3866,#4645,.T.);
#2879=EDGE_CURVE('',#3867,#3869,#4646,.T.);
#2880=EDGE_CURVE('',#3870,#3865,#4647,.T.);
#2881=EDGE_CURVE('',#3869,#3870,#204,.T.);
#2882=EDGE_CURVE('',#3871,#3864,#4648,.T.);
#2883=EDGE_CURVE('',#3870,#3871,#4649,.T.);
#2884=EDGE_CURVE('',#3872,#3863,#4650,.T.);
#2885=EDGE_CURVE('',#3872,#3871,#205,.T.);
#2886=EDGE_CURVE('',#3873,#3862,#4651,.T.);
#2887=EDGE_CURVE('',#3872,#3873,#4652,.T.);
#2888=EDGE_CURVE('',#3874,#3861,#4653,.T.);
#2889=EDGE_CURVE('',#3874,#3873,#206,.T.);
#2890=EDGE_CURVE('',#3875,#3860,#4654,.T.);
#2891=EDGE_CURVE('',#3874,#3875,#4655,.T.);
#2892=EDGE_CURVE('',#3876,#3859,#4656,.T.);
#2893=EDGE_CURVE('',#3876,#3875,#207,.T.);
#2894=EDGE_CURVE('',#3877,#3858,#4657,.T.);
#2895=EDGE_CURVE('',#3877,#3876,#4658,.T.);
#2896=EDGE_CURVE('',#3878,#3857,#4659,.T.);
#2897=EDGE_CURVE('',#3878,#3877,#208,.T.);
#2898=EDGE_CURVE('',#3879,#3856,#4660,.T.);
#2899=EDGE_CURVE('',#3878,#3879,#4661,.T.);
#2900=EDGE_CURVE('',#3880,#3855,#4662,.T.);
#2901=EDGE_CURVE('',#3879,#3880,#209,.T.);
#2902=EDGE_CURVE('',#3881,#3854,#4663,.T.);
#2903=EDGE_CURVE('',#3880,#3881,#4664,.T.);
#2904=EDGE_CURVE('',#3882,#3853,#4665,.T.);
#2905=EDGE_CURVE('',#3882,#3881,#210,.T.);
#2906=EDGE_CURVE('',#3882,#3868,#4666,.T.);
#2907=EDGE_CURVE('',#3883,#3844,#4667,.T.);
#2908=EDGE_CURVE('',#3884,#3883,#4668,.T.);
#2909=EDGE_CURVE('',#3884,#3845,#4669,.T.);
#2910=EDGE_CURVE('',#3884,#3885,#211,.T.);
#2911=EDGE_CURVE('',#3885,#3846,#4670,.T.);
#2912=EDGE_CURVE('',#3886,#3885,#4671,.T.);
#2913=EDGE_CURVE('',#3886,#3847,#4672,.T.);
#2914=EDGE_CURVE('',#3886,#3887,#212,.T.);
#2915=EDGE_CURVE('',#3887,#3848,#4673,.T.);
#2916=EDGE_CURVE('',#3887,#3888,#4674,.T.);
#2917=EDGE_CURVE('',#3888,#3849,#4675,.T.);
#2918=EDGE_CURVE('',#3888,#3889,#213,.T.);
#2919=EDGE_CURVE('',#3889,#3850,#4676,.T.);
#2920=EDGE_CURVE('',#3889,#3890,#4677,.T.);
#2921=EDGE_CURVE('',#3890,#3843,#4678,.T.);
#2922=EDGE_CURVE('',#3890,#3883,#214,.T.);
#2923=EDGE_CURVE('',#3891,#3891,#215,.T.);
#2924=EDGE_CURVE('',#3892,#3892,#216,.T.);
#2925=EDGE_CURVE('',#3893,#3894,#4679,.T.);
#2926=EDGE_CURVE('',#3894,#3895,#4680,.T.);
#2927=EDGE_CURVE('',#3895,#3896,#4681,.T.);
#2928=EDGE_CURVE('',#3896,#3897,#4682,.T.);
#2929=EDGE_CURVE('',#3897,#3898,#4683,.T.);
#2930=EDGE_CURVE('',#3898,#3899,#4684,.T.);
#2931=EDGE_CURVE('',#3899,#3900,#4685,.T.);
#2932=EDGE_CURVE('',#3900,#3901,#4686,.T.);
#2933=EDGE_CURVE('',#3901,#3902,#4687,.T.);
#2934=EDGE_CURVE('',#3902,#3903,#4688,.T.);
#2935=EDGE_CURVE('',#3903,#3904,#4689,.T.);
#2936=EDGE_CURVE('',#3904,#3893,#4690,.T.);
#2937=EDGE_CURVE('',#3905,#3893,#4691,.T.);
#2938=EDGE_CURVE('',#3905,#3906,#4692,.T.);
#2939=EDGE_CURVE('',#3906,#3894,#4693,.T.);
#2940=EDGE_CURVE('',#3906,#3907,#4694,.T.);
#2941=EDGE_CURVE('',#3907,#3895,#4695,.T.);
#2942=EDGE_CURVE('',#3907,#3908,#4696,.T.);
#2943=EDGE_CURVE('',#3908,#3896,#4697,.T.);
#2944=EDGE_CURVE('',#3908,#3909,#4698,.T.);
#2945=EDGE_CURVE('',#3909,#3897,#4699,.T.);
#2946=EDGE_CURVE('',#3909,#3910,#4700,.T.);
#2947=EDGE_CURVE('',#3910,#3898,#4701,.T.);
#2948=EDGE_CURVE('',#3910,#3911,#4702,.T.);
#2949=EDGE_CURVE('',#3911,#3899,#4703,.T.);
#2950=EDGE_CURVE('',#3911,#3912,#4704,.T.);
#2951=EDGE_CURVE('',#3912,#3900,#4705,.T.);
#2952=EDGE_CURVE('',#3912,#3913,#4706,.T.);
#2953=EDGE_CURVE('',#3913,#3901,#4707,.T.);
#2954=EDGE_CURVE('',#3913,#3914,#4708,.T.);
#2955=EDGE_CURVE('',#3914,#3902,#4709,.T.);
#2956=EDGE_CURVE('',#3914,#3915,#4710,.T.);
#2957=EDGE_CURVE('',#3915,#3903,#4711,.T.);
#2958=EDGE_CURVE('',#3915,#3916,#4712,.T.);
#2959=EDGE_CURVE('',#3916,#3904,#4713,.T.);
#2960=EDGE_CURVE('',#3916,#3905,#4714,.T.);
#2961=EDGE_CURVE('',#3917,#3918,#217,.T.);
#2962=EDGE_CURVE('',#3919,#3918,#4715,.T.);
#2963=EDGE_CURVE('',#3919,#3920,#218,.T.);
#2964=EDGE_CURVE('',#3921,#3920,#4716,.T.);
#2965=EDGE_CURVE('',#3921,#3922,#219,.T.);
#2966=EDGE_CURVE('',#3922,#3923,#4717,.T.);
#2967=EDGE_CURVE('',#3923,#3924,#220,.T.);
#2968=EDGE_CURVE('',#3924,#3917,#4718,.T.);
#2969=EDGE_CURVE('',#3925,#3926,#4719,.T.);
#2970=EDGE_CURVE('',#3927,#3926,#221,.T.);
#2971=EDGE_CURVE('',#3928,#3927,#4720,.T.);
#2972=EDGE_CURVE('',#3929,#3928,#222,.T.);
#2973=EDGE_CURVE('',#3930,#3929,#4721,.T.);
#2974=EDGE_CURVE('',#3930,#3931,#223,.T.);
#2975=EDGE_CURVE('',#3932,#3931,#4722,.T.);
#2976=EDGE_CURVE('',#3933,#3932,#224,.T.);
#2977=EDGE_CURVE('',#3933,#3934,#4723,.T.);
#2978=EDGE_CURVE('',#3935,#3934,#225,.T.);
#2979=EDGE_CURVE('',#3935,#3936,#4724,.T.);
#2980=EDGE_CURVE('',#3925,#3936,#226,.T.);
#2981=EDGE_CURVE('',#3937,#3925,#4725,.T.);
#2982=EDGE_CURVE('',#3937,#3938,#4726,.T.);
#2983=EDGE_CURVE('',#3938,#3926,#4727,.T.);
#2984=EDGE_CURVE('',#3939,#3936,#4728,.T.);
#2985=EDGE_CURVE('',#3937,#3939,#227,.T.);
#2986=EDGE_CURVE('',#3940,#3935,#4729,.T.);
#2987=EDGE_CURVE('',#3940,#3939,#4730,.T.);
#2988=EDGE_CURVE('',#3941,#3934,#4731,.T.);
#2989=EDGE_CURVE('',#3940,#3941,#228,.T.);
#2990=EDGE_CURVE('',#3942,#3933,#4732,.T.);
#2991=EDGE_CURVE('',#3942,#3941,#4733,.T.);
#2992=EDGE_CURVE('',#3943,#3932,#4734,.T.);
#2993=EDGE_CURVE('',#3942,#3943,#229,.T.);
#2994=EDGE_CURVE('',#3944,#3931,#4735,.T.);
#2995=EDGE_CURVE('',#3943,#3944,#4736,.T.);
#2996=EDGE_CURVE('',#3945,#3930,#4737,.T.);
#2997=EDGE_CURVE('',#3945,#3944,#230,.T.);
#2998=EDGE_CURVE('',#3946,#3929,#4738,.T.);
#2999=EDGE_CURVE('',#3945,#3946,#4739,.T.);
#3000=EDGE_CURVE('',#3947,#3928,#4740,.T.);
#3001=EDGE_CURVE('',#3946,#3947,#231,.T.);
#3002=EDGE_CURVE('',#3948,#3927,#4741,.T.);
#3003=EDGE_CURVE('',#3947,#3948,#4742,.T.);
#3004=EDGE_CURVE('',#3948,#3938,#232,.T.);
#3005=EDGE_CURVE('',#3949,#3918,#4743,.T.);
#3006=EDGE_CURVE('',#3950,#3949,#4744,.T.);
#3007=EDGE_CURVE('',#3950,#3919,#4745,.T.);
#3008=EDGE_CURVE('',#3950,#3951,#233,.T.);
#3009=EDGE_CURVE('',#3951,#3920,#4746,.T.);
#3010=EDGE_CURVE('',#3952,#3951,#4747,.T.);
#3011=EDGE_CURVE('',#3952,#3921,#4748,.T.);
#3012=EDGE_CURVE('',#3952,#3953,#234,.T.);
#3013=EDGE_CURVE('',#3953,#3922,#4749,.T.);
#3014=EDGE_CURVE('',#3953,#3954,#4750,.T.);
#3015=EDGE_CURVE('',#3954,#3923,#4751,.T.);
#3016=EDGE_CURVE('',#3954,#3955,#235,.T.);
#3017=EDGE_CURVE('',#3955,#3924,#4752,.T.);
#3018=EDGE_CURVE('',#3955,#3956,#4753,.T.);
#3019=EDGE_CURVE('',#3956,#3917,#4754,.T.);
#3020=EDGE_CURVE('',#3956,#3949,#236,.T.);
#3021=EDGE_CURVE('',#3957,#3957,#237,.T.);
#3022=EDGE_CURVE('',#3958,#3958,#238,.T.);
#3023=EDGE_CURVE('',#3959,#3960,#4755,.T.);
#3024=EDGE_CURVE('',#3960,#3961,#4756,.T.);
#3025=EDGE_CURVE('',#3961,#3962,#4757,.T.);
#3026=EDGE_CURVE('',#3962,#3963,#4758,.T.);
#3027=EDGE_CURVE('',#3963,#3964,#4759,.T.);
#3028=EDGE_CURVE('',#3964,#3965,#4760,.T.);
#3029=EDGE_CURVE('',#3965,#3966,#4761,.T.);
#3030=EDGE_CURVE('',#3966,#3967,#4762,.T.);
#3031=EDGE_CURVE('',#3967,#3968,#4763,.T.);
#3032=EDGE_CURVE('',#3968,#3969,#4764,.T.);
#3033=EDGE_CURVE('',#3969,#3970,#4765,.T.);
#3034=EDGE_CURVE('',#3970,#3959,#4766,.T.);
#3035=EDGE_CURVE('',#3971,#3959,#4767,.T.);
#3036=EDGE_CURVE('',#3971,#3972,#4768,.T.);
#3037=EDGE_CURVE('',#3972,#3960,#4769,.T.);
#3038=EDGE_CURVE('',#3972,#3973,#4770,.T.);
#3039=EDGE_CURVE('',#3973,#3961,#4771,.T.);
#3040=EDGE_CURVE('',#3973,#3974,#4772,.T.);
#3041=EDGE_CURVE('',#3974,#3962,#4773,.T.);
#3042=EDGE_CURVE('',#3974,#3975,#4774,.T.);
#3043=EDGE_CURVE('',#3975,#3963,#4775,.T.);
#3044=EDGE_CURVE('',#3975,#3976,#4776,.T.);
#3045=EDGE_CURVE('',#3976,#3964,#4777,.T.);
#3046=EDGE_CURVE('',#3976,#3977,#4778,.T.);
#3047=EDGE_CURVE('',#3977,#3965,#4779,.T.);
#3048=EDGE_CURVE('',#3977,#3978,#4780,.T.);
#3049=EDGE_CURVE('',#3978,#3966,#4781,.T.);
#3050=EDGE_CURVE('',#3978,#3979,#4782,.T.);
#3051=EDGE_CURVE('',#3979,#3967,#4783,.T.);
#3052=EDGE_CURVE('',#3979,#3980,#4784,.T.);
#3053=EDGE_CURVE('',#3980,#3968,#4785,.T.);
#3054=EDGE_CURVE('',#3980,#3981,#4786,.T.);
#3055=EDGE_CURVE('',#3981,#3969,#4787,.T.);
#3056=EDGE_CURVE('',#3981,#3982,#4788,.T.);
#3057=EDGE_CURVE('',#3982,#3970,#4789,.T.);
#3058=EDGE_CURVE('',#3982,#3971,#4790,.T.);
#3059=EDGE_CURVE('',#3983,#3984,#239,.T.);
#3060=EDGE_CURVE('',#3985,#3984,#4791,.T.);
#3061=EDGE_CURVE('',#3985,#3986,#240,.T.);
#3062=EDGE_CURVE('',#3987,#3986,#4792,.T.);
#3063=EDGE_CURVE('',#3987,#3988,#241,.T.);
#3064=EDGE_CURVE('',#3988,#3989,#4793,.T.);
#3065=EDGE_CURVE('',#3989,#3990,#242,.T.);
#3066=EDGE_CURVE('',#3990,#3983,#4794,.T.);
#3067=EDGE_CURVE('',#3991,#3992,#4795,.T.);
#3068=EDGE_CURVE('',#3993,#3992,#243,.T.);
#3069=EDGE_CURVE('',#3993,#3994,#4796,.T.);
#3070=EDGE_CURVE('',#3995,#3994,#244,.T.);
#3071=EDGE_CURVE('',#3996,#3995,#4797,.T.);
#3072=EDGE_CURVE('',#3997,#3996,#245,.T.);
#3073=EDGE_CURVE('',#3997,#3998,#4798,.T.);
#3074=EDGE_CURVE('',#3998,#3999,#246,.T.);
#3075=EDGE_CURVE('',#3999,#4000,#4799,.T.);
#3076=EDGE_CURVE('',#4001,#4000,#247,.T.);
#3077=EDGE_CURVE('',#4001,#4002,#4800,.T.);
#3078=EDGE_CURVE('',#4003,#4002,#248,.T.);
#3079=EDGE_CURVE('',#4003,#4004,#4801,.T.);
#3080=EDGE_CURVE('',#4004,#4005,#249,.T.);
#3081=EDGE_CURVE('',#4005,#4006,#4802,.T.);
#3082=EDGE_CURVE('',#3991,#4006,#250,.T.);
#3083=EDGE_CURVE('',#4007,#3991,#4803,.T.);
#3084=EDGE_CURVE('',#4007,#4008,#4804,.T.);
#3085=EDGE_CURVE('',#4008,#3992,#4805,.T.);
#3086=EDGE_CURVE('',#4009,#4006,#4806,.T.);
#3087=EDGE_CURVE('',#4007,#4009,#251,.T.);
#3088=EDGE_CURVE('',#4010,#4005,#4807,.T.);
#3089=EDGE_CURVE('',#4010,#4009,#4808,.T.);
#3090=EDGE_CURVE('',#4011,#4004,#4809,.T.);
#3091=EDGE_CURVE('',#4011,#4010,#252,.T.);
#3092=EDGE_CURVE('',#4012,#4003,#4810,.T.);
#3093=EDGE_CURVE('',#4012,#4011,#4811,.T.);
#3094=EDGE_CURVE('',#4013,#4002,#4812,.T.);
#3095=EDGE_CURVE('',#4012,#4013,#253,.T.);
#3096=EDGE_CURVE('',#4014,#4001,#4813,.T.);
#3097=EDGE_CURVE('',#4014,#4013,#4814,.T.);
#3098=EDGE_CURVE('',#4015,#4000,#4815,.T.);
#3099=EDGE_CURVE('',#4014,#4015,#254,.T.);
#3100=EDGE_CURVE('',#4016,#3999,#4816,.T.);
#3101=EDGE_CURVE('',#4016,#4015,#4817,.T.);
#3102=EDGE_CURVE('',#4017,#3998,#4818,.T.);
#3103=EDGE_CURVE('',#4017,#4016,#255,.T.);
#3104=EDGE_CURVE('',#4018,#3997,#4819,.T.);
#3105=EDGE_CURVE('',#4018,#4017,#4820,.T.);
#3106=EDGE_CURVE('',#4019,#3996,#4821,.T.);
#3107=EDGE_CURVE('',#4018,#4019,#256,.T.);
#3108=EDGE_CURVE('',#4020,#3995,#4822,.T.);
#3109=EDGE_CURVE('',#4019,#4020,#4823,.T.);
#3110=EDGE_CURVE('',#4021,#3994,#4824,.T.);
#3111=EDGE_CURVE('',#4020,#4021,#257,.T.);
#3112=EDGE_CURVE('',#4022,#3993,#4825,.T.);
#3113=EDGE_CURVE('',#4022,#4021,#4826,.T.);
#3114=EDGE_CURVE('',#4022,#4008,#258,.T.);
#3115=EDGE_CURVE('',#4023,#3984,#4827,.T.);
#3116=EDGE_CURVE('',#4024,#4023,#4828,.T.);
#3117=EDGE_CURVE('',#4024,#3985,#4829,.T.);
#3118=EDGE_CURVE('',#4024,#4025,#259,.T.);
#3119=EDGE_CURVE('',#4025,#3986,#4830,.T.);
#3120=EDGE_CURVE('',#4026,#4025,#4831,.T.);
#3121=EDGE_CURVE('',#4026,#3987,#4832,.T.);
#3122=EDGE_CURVE('',#4026,#4027,#260,.T.);
#3123=EDGE_CURVE('',#4027,#3988,#4833,.T.);
#3124=EDGE_CURVE('',#4027,#4028,#4834,.T.);
#3125=EDGE_CURVE('',#4028,#3989,#4835,.T.);
#3126=EDGE_CURVE('',#4028,#4029,#261,.T.);
#3127=EDGE_CURVE('',#4029,#3990,#4836,.T.);
#3128=EDGE_CURVE('',#4029,#4030,#4837,.T.);
#3129=EDGE_CURVE('',#4030,#3983,#4838,.T.);
#3130=EDGE_CURVE('',#4030,#4023,#262,.T.);
#3131=EDGE_CURVE('',#4031,#4031,#263,.T.);
#3132=EDGE_CURVE('',#4032,#4032,#264,.T.);
#3133=EDGE_CURVE('',#4033,#4034,#4839,.T.);
#3134=EDGE_CURVE('',#4034,#4035,#4840,.T.);
#3135=EDGE_CURVE('',#4035,#4036,#4841,.T.);
#3136=EDGE_CURVE('',#4036,#4037,#4842,.T.);
#3137=EDGE_CURVE('',#4037,#4038,#4843,.T.);
#3138=EDGE_CURVE('',#4038,#4039,#4844,.T.);
#3139=EDGE_CURVE('',#4039,#4040,#4845,.T.);
#3140=EDGE_CURVE('',#4040,#4041,#4846,.T.);
#3141=EDGE_CURVE('',#4041,#4042,#4847,.T.);
#3142=EDGE_CURVE('',#4042,#4043,#4848,.T.);
#3143=EDGE_CURVE('',#4043,#4044,#4849,.T.);
#3144=EDGE_CURVE('',#4044,#4033,#4850,.T.);
#3145=EDGE_CURVE('',#4045,#4033,#4851,.T.);
#3146=EDGE_CURVE('',#4045,#4046,#4852,.T.);
#3147=EDGE_CURVE('',#4046,#4034,#4853,.T.);
#3148=EDGE_CURVE('',#4046,#4047,#4854,.T.);
#3149=EDGE_CURVE('',#4047,#4035,#4855,.T.);
#3150=EDGE_CURVE('',#4047,#4048,#4856,.T.);
#3151=EDGE_CURVE('',#4048,#4036,#4857,.T.);
#3152=EDGE_CURVE('',#4048,#4049,#4858,.T.);
#3153=EDGE_CURVE('',#4049,#4037,#4859,.T.);
#3154=EDGE_CURVE('',#4049,#4050,#4860,.T.);
#3155=EDGE_CURVE('',#4050,#4038,#4861,.T.);
#3156=EDGE_CURVE('',#4050,#4051,#4862,.T.);
#3157=EDGE_CURVE('',#4051,#4039,#4863,.T.);
#3158=EDGE_CURVE('',#4051,#4052,#4864,.T.);
#3159=EDGE_CURVE('',#4052,#4040,#4865,.T.);
#3160=EDGE_CURVE('',#4052,#4053,#4866,.T.);
#3161=EDGE_CURVE('',#4053,#4041,#4867,.T.);
#3162=EDGE_CURVE('',#4053,#4054,#4868,.T.);
#3163=EDGE_CURVE('',#4054,#4042,#4869,.T.);
#3164=EDGE_CURVE('',#4054,#4055,#4870,.T.);
#3165=EDGE_CURVE('',#4055,#4043,#4871,.T.);
#3166=EDGE_CURVE('',#4055,#4056,#4872,.T.);
#3167=EDGE_CURVE('',#4056,#4044,#4873,.T.);
#3168=EDGE_CURVE('',#4056,#4045,#4874,.T.);
#3169=EDGE_CURVE('',#4057,#4058,#4875,.T.);
#3170=EDGE_CURVE('',#4058,#4059,#4876,.T.);
#3171=EDGE_CURVE('',#4060,#4059,#4877,.T.);
#3172=EDGE_CURVE('',#4061,#4060,#4878,.T.);
#3173=EDGE_CURVE('',#4061,#4062,#4879,.T.);
#3174=EDGE_CURVE('',#4062,#4063,#4880,.T.);
#3175=EDGE_CURVE('',#4064,#4063,#4881,.T.);
#3176=EDGE_CURVE('',#4057,#4064,#4882,.T.);
#3177=EDGE_CURVE('',#4065,#4066,#4883,.T.);
#3178=EDGE_CURVE('',#4065,#4067,#4884,.T.);
#3179=EDGE_CURVE('',#4068,#4067,#4885,.T.);
#3180=EDGE_CURVE('',#4069,#4068,#4886,.T.);
#3181=EDGE_CURVE('',#4069,#4070,#4887,.T.);
#3182=EDGE_CURVE('',#4070,#4071,#4888,.T.);
#3183=EDGE_CURVE('',#4072,#4071,#4889,.T.);
#3184=EDGE_CURVE('',#4066,#4072,#4890,.T.);
#3185=EDGE_CURVE('',#4072,#4059,#4891,.T.);
#3186=EDGE_CURVE('',#4073,#4071,#265,.T.);
#3187=EDGE_CURVE('',#4073,#4074,#4892,.T.);
#3188=EDGE_CURVE('',#4060,#4074,#266,.T.);
#3189=EDGE_CURVE('',#4067,#4064,#4893,.T.);
#3190=EDGE_CURVE('',#4075,#4063,#267,.T.);
#3191=EDGE_CURVE('',#4075,#4076,#4894,.T.);
#3192=EDGE_CURVE('',#4068,#4076,#268,.T.);
#3193=EDGE_CURVE('',#4077,#4074,#4895,.T.);
#3194=EDGE_CURVE('',#4061,#4077,#269,.T.);
#3195=EDGE_CURVE('',#4078,#4073,#4896,.T.);
#3196=EDGE_CURVE('',#4078,#4077,#4897,.T.);
#3197=EDGE_CURVE('',#4078,#4070,#270,.T.);
#3198=EDGE_CURVE('',#4079,#4076,#4898,.T.);
#3199=EDGE_CURVE('',#4069,#4079,#271,.T.);
#3200=EDGE_CURVE('',#4080,#4075,#4899,.T.);
#3201=EDGE_CURVE('',#4080,#4079,#4900,.T.);
#3202=EDGE_CURVE('',#4080,#4062,#272,.T.);
#3203=EDGE_CURVE('',#4066,#4058,#4901,.T.);
#3204=EDGE_CURVE('',#4065,#4057,#4902,.T.);
#3205=EDGE_CURVE('',#4081,#4081,#273,.T.);
#3206=EDGE_CURVE('',#4082,#4082,#274,.T.);
#3207=EDGE_CURVE('',#4083,#4084,#4903,.T.);
#3208=EDGE_CURVE('',#4084,#4085,#4904,.T.);
#3209=EDGE_CURVE('',#4085,#4086,#4905,.T.);
#3210=EDGE_CURVE('',#4086,#4087,#4906,.T.);
#3211=EDGE_CURVE('',#4087,#4088,#4907,.T.);
#3212=EDGE_CURVE('',#4088,#4089,#4908,.T.);
#3213=EDGE_CURVE('',#4089,#4090,#4909,.T.);
#3214=EDGE_CURVE('',#4090,#4091,#4910,.T.);
#3215=EDGE_CURVE('',#4091,#4092,#4911,.T.);
#3216=EDGE_CURVE('',#4092,#4093,#4912,.T.);
#3217=EDGE_CURVE('',#4093,#4094,#4913,.T.);
#3218=EDGE_CURVE('',#4094,#4083,#4914,.T.);
#3219=EDGE_CURVE('',#4095,#4083,#4915,.T.);
#3220=EDGE_CURVE('',#4095,#4096,#4916,.T.);
#3221=EDGE_CURVE('',#4096,#4084,#4917,.T.);
#3222=EDGE_CURVE('',#4096,#4097,#4918,.T.);
#3223=EDGE_CURVE('',#4097,#4085,#4919,.T.);
#3224=EDGE_CURVE('',#4097,#4098,#4920,.T.);
#3225=EDGE_CURVE('',#4098,#4086,#4921,.T.);
#3226=EDGE_CURVE('',#4098,#4099,#4922,.T.);
#3227=EDGE_CURVE('',#4099,#4087,#4923,.T.);
#3228=EDGE_CURVE('',#4099,#4100,#4924,.T.);
#3229=EDGE_CURVE('',#4100,#4088,#4925,.T.);
#3230=EDGE_CURVE('',#4100,#4101,#4926,.T.);
#3231=EDGE_CURVE('',#4101,#4089,#4927,.T.);
#3232=EDGE_CURVE('',#4101,#4102,#4928,.T.);
#3233=EDGE_CURVE('',#4102,#4090,#4929,.T.);
#3234=EDGE_CURVE('',#4102,#4103,#4930,.T.);
#3235=EDGE_CURVE('',#4103,#4091,#4931,.T.);
#3236=EDGE_CURVE('',#4103,#4104,#4932,.T.);
#3237=EDGE_CURVE('',#4104,#4092,#4933,.T.);
#3238=EDGE_CURVE('',#4104,#4105,#4934,.T.);
#3239=EDGE_CURVE('',#4105,#4093,#4935,.T.);
#3240=EDGE_CURVE('',#4105,#4106,#4936,.T.);
#3241=EDGE_CURVE('',#4106,#4094,#4937,.T.);
#3242=EDGE_CURVE('',#4106,#4095,#4938,.T.);
#3243=EDGE_CURVE('',#4107,#4108,#275,.T.);
#3244=EDGE_CURVE('',#4109,#4108,#4939,.T.);
#3245=EDGE_CURVE('',#4109,#4110,#276,.T.);
#3246=EDGE_CURVE('',#4111,#4110,#4940,.T.);
#3247=EDGE_CURVE('',#4111,#4112,#277,.T.);
#3248=EDGE_CURVE('',#4112,#4113,#4941,.T.);
#3249=EDGE_CURVE('',#4113,#4114,#278,.T.);
#3250=EDGE_CURVE('',#4114,#4107,#4942,.T.);
#3251=EDGE_CURVE('',#4115,#4116,#4943,.T.);
#3252=EDGE_CURVE('',#4117,#4116,#279,.T.);
#3253=EDGE_CURVE('',#4117,#4118,#4944,.T.);
#3254=EDGE_CURVE('',#4119,#4118,#280,.T.);
#3255=EDGE_CURVE('',#4120,#4119,#4945,.T.);
#3256=EDGE_CURVE('',#4121,#4120,#281,.T.);
#3257=EDGE_CURVE('',#4121,#4122,#4946,.T.);
#3258=EDGE_CURVE('',#4122,#4123,#282,.T.);
#3259=EDGE_CURVE('',#4123,#4124,#4947,.T.);
#3260=EDGE_CURVE('',#4125,#4124,#283,.T.);
#3261=EDGE_CURVE('',#4125,#4126,#4948,.T.);
#3262=EDGE_CURVE('',#4127,#4126,#284,.T.);
#3263=EDGE_CURVE('',#4127,#4128,#4949,.T.);
#3264=EDGE_CURVE('',#4128,#4129,#285,.T.);
#3265=EDGE_CURVE('',#4129,#4130,#4950,.T.);
#3266=EDGE_CURVE('',#4115,#4130,#286,.T.);
#3267=EDGE_CURVE('',#4131,#4115,#4951,.T.);
#3268=EDGE_CURVE('',#4131,#4132,#4952,.T.);
#3269=EDGE_CURVE('',#4132,#4116,#4953,.T.);
#3270=EDGE_CURVE('',#4133,#4130,#4954,.T.);
#3271=EDGE_CURVE('',#4131,#4133,#287,.T.);
#3272=EDGE_CURVE('',#4134,#4129,#4955,.T.);
#3273=EDGE_CURVE('',#4134,#4133,#4956,.T.);
#3274=EDGE_CURVE('',#4135,#4128,#4957,.T.);
#3275=EDGE_CURVE('',#4135,#4134,#288,.T.);
#3276=EDGE_CURVE('',#4136,#4127,#4958,.T.);
#3277=EDGE_CURVE('',#4136,#4135,#4959,.T.);
#3278=EDGE_CURVE('',#4137,#4126,#4960,.T.);
#3279=EDGE_CURVE('',#4136,#4137,#289,.T.);
#3280=EDGE_CURVE('',#4138,#4125,#4961,.T.);
#3281=EDGE_CURVE('',#4138,#4137,#4962,.T.);
#3282=EDGE_CURVE('',#4139,#4124,#4963,.T.);
#3283=EDGE_CURVE('',#4138,#4139,#290,.T.);
#3284=EDGE_CURVE('',#4140,#4123,#4964,.T.);
#3285=EDGE_CURVE('',#4140,#4139,#4965,.T.);
#3286=EDGE_CURVE('',#4141,#4122,#4966,.T.);
#3287=EDGE_CURVE('',#4141,#4140,#291,.T.);
#3288=EDGE_CURVE('',#4142,#4121,#4967,.T.);
#3289=EDGE_CURVE('',#4142,#4141,#4968,.T.);
#3290=EDGE_CURVE('',#4143,#4120,#4969,.T.);
#3291=EDGE_CURVE('',#4142,#4143,#292,.T.);
#3292=EDGE_CURVE('',#4144,#4119,#4970,.T.);
#3293=EDGE_CURVE('',#4143,#4144,#4971,.T.);
#3294=EDGE_CURVE('',#4145,#4118,#4972,.T.);
#3295=EDGE_CURVE('',#4144,#4145,#293,.T.);
#3296=EDGE_CURVE('',#4146,#4117,#4973,.T.);
#3297=EDGE_CURVE('',#4146,#4145,#4974,.T.);
#3298=EDGE_CURVE('',#4146,#4132,#294,.T.);
#3299=EDGE_CURVE('',#4147,#4108,#4975,.T.);
#3300=EDGE_CURVE('',#4148,#4147,#4976,.T.);
#3301=EDGE_CURVE('',#4148,#4109,#4977,.T.);
#3302=EDGE_CURVE('',#4148,#4149,#295,.T.);
#3303=EDGE_CURVE('',#4149,#4110,#4978,.T.);
#3304=EDGE_CURVE('',#4150,#4149,#4979,.T.);
#3305=EDGE_CURVE('',#4150,#4111,#4980,.T.);
#3306=EDGE_CURVE('',#4150,#4151,#296,.T.);
#3307=EDGE_CURVE('',#4151,#4112,#4981,.T.);
#3308=EDGE_CURVE('',#4151,#4152,#4982,.T.);
#3309=EDGE_CURVE('',#4152,#4113,#4983,.T.);
#3310=EDGE_CURVE('',#4152,#4153,#297,.T.);
#3311=EDGE_CURVE('',#4153,#4114,#4984,.T.);
#3312=EDGE_CURVE('',#4153,#4154,#4985,.T.);
#3313=EDGE_CURVE('',#4154,#4107,#4986,.T.);
#3314=EDGE_CURVE('',#4154,#4147,#298,.T.);
#3315=EDGE_CURVE('',#4155,#4155,#299,.T.);
#3316=EDGE_CURVE('',#4156,#4156,#300,.T.);
#3317=EDGE_CURVE('',#4157,#4158,#4987,.T.);
#3318=EDGE_CURVE('',#4158,#4159,#4988,.T.);
#3319=EDGE_CURVE('',#4159,#4160,#4989,.T.);
#3320=EDGE_CURVE('',#4160,#4161,#4990,.T.);
#3321=EDGE_CURVE('',#4161,#4162,#4991,.T.);
#3322=EDGE_CURVE('',#4162,#4163,#4992,.T.);
#3323=EDGE_CURVE('',#4163,#4164,#4993,.T.);
#3324=EDGE_CURVE('',#4164,#4165,#4994,.T.);
#3325=EDGE_CURVE('',#4165,#4166,#4995,.T.);
#3326=EDGE_CURVE('',#4166,#4167,#4996,.T.);
#3327=EDGE_CURVE('',#4167,#4168,#4997,.T.);
#3328=EDGE_CURVE('',#4168,#4157,#4998,.T.);
#3329=EDGE_CURVE('',#4169,#4157,#4999,.T.);
#3330=EDGE_CURVE('',#4169,#4170,#5000,.T.);
#3331=EDGE_CURVE('',#4170,#4158,#5001,.T.);
#3332=EDGE_CURVE('',#4170,#4171,#5002,.T.);
#3333=EDGE_CURVE('',#4171,#4159,#5003,.T.);
#3334=EDGE_CURVE('',#4171,#4172,#5004,.T.);
#3335=EDGE_CURVE('',#4172,#4160,#5005,.T.);
#3336=EDGE_CURVE('',#4172,#4173,#5006,.T.);
#3337=EDGE_CURVE('',#4173,#4161,#5007,.T.);
#3338=EDGE_CURVE('',#4173,#4174,#5008,.T.);
#3339=EDGE_CURVE('',#4174,#4162,#5009,.T.);
#3340=EDGE_CURVE('',#4174,#4175,#5010,.T.);
#3341=EDGE_CURVE('',#4175,#4163,#5011,.T.);
#3342=EDGE_CURVE('',#4175,#4176,#5012,.T.);
#3343=EDGE_CURVE('',#4176,#4164,#5013,.T.);
#3344=EDGE_CURVE('',#4176,#4177,#5014,.T.);
#3345=EDGE_CURVE('',#4177,#4165,#5015,.T.);
#3346=EDGE_CURVE('',#4177,#4178,#5016,.T.);
#3347=EDGE_CURVE('',#4178,#4166,#5017,.T.);
#3348=EDGE_CURVE('',#4178,#4179,#5018,.T.);
#3349=EDGE_CURVE('',#4179,#4167,#5019,.T.);
#3350=EDGE_CURVE('',#4179,#4180,#5020,.T.);
#3351=EDGE_CURVE('',#4180,#4168,#5021,.T.);
#3352=EDGE_CURVE('',#4180,#4169,#5022,.T.);
#3353=EDGE_CURVE('',#4181,#4182,#301,.T.);
#3354=EDGE_CURVE('',#4183,#4182,#5023,.T.);
#3355=EDGE_CURVE('',#4183,#4184,#302,.T.);
#3356=EDGE_CURVE('',#4185,#4184,#5024,.T.);
#3357=EDGE_CURVE('',#4185,#4186,#303,.T.);
#3358=EDGE_CURVE('',#4186,#4187,#5025,.T.);
#3359=EDGE_CURVE('',#4187,#4188,#304,.T.);
#3360=EDGE_CURVE('',#4188,#4181,#5026,.T.);
#3361=EDGE_CURVE('',#4189,#4190,#305,.T.);
#3362=EDGE_CURVE('',#4191,#4190,#5027,.T.);
#3363=EDGE_CURVE('',#4191,#4192,#306,.T.);
#3364=EDGE_CURVE('',#4193,#4192,#5028,.T.);
#3365=EDGE_CURVE('',#4193,#4194,#307,.T.);
#3366=EDGE_CURVE('',#4194,#4195,#5029,.T.);
#3367=EDGE_CURVE('',#4195,#4196,#308,.T.);
#3368=EDGE_CURVE('',#4196,#4197,#5030,.T.);
#3369=EDGE_CURVE('',#4197,#4198,#309,.T.);
#3370=EDGE_CURVE('',#4198,#4199,#5031,.T.);
#3371=EDGE_CURVE('',#4200,#4199,#310,.T.);
#3372=EDGE_CURVE('',#4200,#4201,#5032,.T.);
#3373=EDGE_CURVE('',#4202,#4201,#311,.T.);
#3374=EDGE_CURVE('',#4203,#4202,#5033,.T.);
#3375=EDGE_CURVE('',#4203,#4204,#312,.T.);
#3376=EDGE_CURVE('',#4205,#4204,#5034,.T.);
#3377=EDGE_CURVE('',#4205,#4206,#313,.T.);
#3378=EDGE_CURVE('',#4207,#4206,#5035,.T.);
#3379=EDGE_CURVE('',#4208,#4207,#314,.T.);
#3380=EDGE_CURVE('',#4189,#4208,#5036,.T.);
#3381=EDGE_CURVE('',#4209,#4189,#5037,.T.);
#3382=EDGE_CURVE('',#4209,#4210,#315,.T.);
#3383=EDGE_CURVE('',#4210,#4190,#5038,.T.);
#3384=EDGE_CURVE('',#4211,#4208,#5039,.T.);
#3385=EDGE_CURVE('',#4209,#4211,#5040,.T.);
#3386=EDGE_CURVE('',#4212,#4207,#5041,.T.);
#3387=EDGE_CURVE('',#4211,#4212,#316,.T.);
#3388=EDGE_CURVE('',#4213,#4206,#5042,.T.);
#3389=EDGE_CURVE('',#4212,#4213,#5043,.T.);
#3390=EDGE_CURVE('',#4214,#4205,#5044,.T.);
#3391=EDGE_CURVE('',#4214,#4213,#317,.T.);
#3392=EDGE_CURVE('',#4215,#4204,#5045,.T.);
#3393=EDGE_CURVE('',#4214,#4215,#5046,.T.);
#3394=EDGE_CURVE('',#4216,#4203,#5047,.T.);
#3395=EDGE_CURVE('',#4216,#4215,#318,.T.);
#3396=EDGE_CURVE('',#4217,#4202,#5048,.T.);
#3397=EDGE_CURVE('',#4216,#4217,#5049,.T.);
#3398=EDGE_CURVE('',#4218,#4201,#5050,.T.);
#3399=EDGE_CURVE('',#4217,#4218,#319,.T.);
#3400=EDGE_CURVE('',#4219,#4200,#5051,.T.);
#3401=EDGE_CURVE('',#4219,#4218,#5052,.T.);
#3402=EDGE_CURVE('',#4220,#4199,#5053,.T.);
#3403=EDGE_CURVE('',#4219,#4220,#320,.T.);
#3404=EDGE_CURVE('',#4221,#4198,#5054,.T.);
#3405=EDGE_CURVE('',#4221,#4220,#5055,.T.);
#3406=EDGE_CURVE('',#4222,#4197,#5056,.T.);
#3407=EDGE_CURVE('',#4222,#4221,#321,.T.);
#3408=EDGE_CURVE('',#4223,#4196,#5057,.T.);
#3409=EDGE_CURVE('',#4223,#4222,#5058,.T.);
#3410=EDGE_CURVE('',#4224,#4195,#5059,.T.);
#3411=EDGE_CURVE('',#4224,#4223,#322,.T.);
#3412=EDGE_CURVE('',#4225,#4194,#5060,.T.);
#3413=EDGE_CURVE('',#4225,#4224,#5061,.T.);
#3414=EDGE_CURVE('',#4226,#4193,#5062,.T.);
#3415=EDGE_CURVE('',#4226,#4225,#323,.T.);
#3416=EDGE_CURVE('',#4227,#4192,#5063,.T.);
#3417=EDGE_CURVE('',#4226,#4227,#5064,.T.);
#3418=EDGE_CURVE('',#4228,#4191,#5065,.T.);
#3419=EDGE_CURVE('',#4228,#4227,#324,.T.);
#3420=EDGE_CURVE('',#4228,#4210,#5066,.T.);
#3421=EDGE_CURVE('',#4229,#4182,#5067,.T.);
#3422=EDGE_CURVE('',#4230,#4229,#5068,.T.);
#3423=EDGE_CURVE('',#4230,#4183,#5069,.T.);
#3424=EDGE_CURVE('',#4230,#4231,#325,.T.);
#3425=EDGE_CURVE('',#4231,#4184,#5070,.T.);
#3426=EDGE_CURVE('',#4232,#4231,#5071,.T.);
#3427=EDGE_CURVE('',#4232,#4185,#5072,.T.);
#3428=EDGE_CURVE('',#4232,#4233,#326,.T.);
#3429=EDGE_CURVE('',#4233,#4186,#5073,.T.);
#3430=EDGE_CURVE('',#4233,#4234,#5074,.T.);
#3431=EDGE_CURVE('',#4234,#4187,#5075,.T.);
#3432=EDGE_CURVE('',#4234,#4235,#327,.T.);
#3433=EDGE_CURVE('',#4235,#4188,#5076,.T.);
#3434=EDGE_CURVE('',#4235,#4236,#5077,.T.);
#3435=EDGE_CURVE('',#4236,#4181,#5078,.T.);
#3436=EDGE_CURVE('',#4237,#4237,#328,.T.);
#3437=EDGE_CURVE('',#4238,#4238,#329,.T.);
#3438=EDGE_CURVE('',#4236,#4229,#330,.T.);
#3439=EDGE_CURVE('',#4239,#4240,#5079,.T.);
#3440=EDGE_CURVE('',#4240,#4241,#5080,.T.);
#3441=EDGE_CURVE('',#4241,#4242,#5081,.T.);
#3442=EDGE_CURVE('',#4242,#4243,#5082,.T.);
#3443=EDGE_CURVE('',#4243,#4244,#5083,.T.);
#3444=EDGE_CURVE('',#4244,#4245,#5084,.T.);
#3445=EDGE_CURVE('',#4245,#4246,#5085,.T.);
#3446=EDGE_CURVE('',#4246,#4247,#5086,.T.);
#3447=EDGE_CURVE('',#4247,#4248,#5087,.T.);
#3448=EDGE_CURVE('',#4248,#4249,#5088,.T.);
#3449=EDGE_CURVE('',#4249,#4250,#5089,.T.);
#3450=EDGE_CURVE('',#4250,#4239,#5090,.T.);
#3451=EDGE_CURVE('',#4251,#4239,#5091,.T.);
#3452=EDGE_CURVE('',#4251,#4252,#5092,.T.);
#3453=EDGE_CURVE('',#4252,#4240,#5093,.T.);
#3454=EDGE_CURVE('',#4252,#4253,#5094,.T.);
#3455=EDGE_CURVE('',#4253,#4241,#5095,.T.);
#3456=EDGE_CURVE('',#4253,#4254,#5096,.T.);
#3457=EDGE_CURVE('',#4254,#4242,#5097,.T.);
#3458=EDGE_CURVE('',#4254,#4255,#5098,.T.);
#3459=EDGE_CURVE('',#4255,#4243,#5099,.T.);
#3460=EDGE_CURVE('',#4255,#4256,#5100,.T.);
#3461=EDGE_CURVE('',#4256,#4244,#5101,.T.);
#3462=EDGE_CURVE('',#4256,#4257,#5102,.T.);
#3463=EDGE_CURVE('',#4257,#4245,#5103,.T.);
#3464=EDGE_CURVE('',#4257,#4258,#5104,.T.);
#3465=EDGE_CURVE('',#4258,#4246,#5105,.T.);
#3466=EDGE_CURVE('',#4258,#4259,#5106,.T.);
#3467=EDGE_CURVE('',#4259,#4247,#5107,.T.);
#3468=EDGE_CURVE('',#4259,#4260,#5108,.T.);
#3469=EDGE_CURVE('',#4260,#4248,#5109,.T.);
#3470=EDGE_CURVE('',#4260,#4261,#5110,.T.);
#3471=EDGE_CURVE('',#4261,#4249,#5111,.T.);
#3472=EDGE_CURVE('',#4261,#4262,#5112,.T.);
#3473=EDGE_CURVE('',#4262,#4250,#5113,.T.);
#3474=EDGE_CURVE('',#4262,#4251,#5114,.T.);
#3475=EDGE_CURVE('',#4263,#4264,#5115,.T.);
#3476=EDGE_CURVE('',#4264,#4265,#5116,.T.);
#3477=EDGE_CURVE('',#4266,#4265,#5117,.T.);
#3478=EDGE_CURVE('',#4267,#4266,#5118,.T.);
#3479=EDGE_CURVE('',#4267,#4268,#5119,.T.);
#3480=EDGE_CURVE('',#4268,#4269,#5120,.T.);
#3481=EDGE_CURVE('',#4270,#4269,#5121,.T.);
#3482=EDGE_CURVE('',#4263,#4270,#5122,.T.);
#3483=EDGE_CURVE('',#4271,#4272,#5123,.T.);
#3484=EDGE_CURVE('',#4271,#4273,#5124,.T.);
#3485=EDGE_CURVE('',#4274,#4273,#5125,.T.);
#3486=EDGE_CURVE('',#4275,#4274,#5126,.T.);
#3487=EDGE_CURVE('',#4275,#4276,#5127,.T.);
#3488=EDGE_CURVE('',#4276,#4277,#5128,.T.);
#3489=EDGE_CURVE('',#4278,#4277,#5129,.T.);
#3490=EDGE_CURVE('',#4272,#4278,#5130,.T.);
#3491=EDGE_CURVE('',#4278,#4265,#5131,.T.);
#3492=EDGE_CURVE('',#4279,#4277,#331,.T.);
#3493=EDGE_CURVE('',#4279,#4280,#5132,.T.);
#3494=EDGE_CURVE('',#4266,#4280,#332,.T.);
#3495=EDGE_CURVE('',#4273,#4270,#5133,.T.);
#3496=EDGE_CURVE('',#4281,#4269,#333,.T.);
#3497=EDGE_CURVE('',#4281,#4282,#5134,.T.);
#3498=EDGE_CURVE('',#4274,#4282,#334,.T.);
#3499=EDGE_CURVE('',#4283,#4280,#5135,.T.);
#3500=EDGE_CURVE('',#4267,#4283,#335,.T.);
#3501=EDGE_CURVE('',#4284,#4279,#5136,.T.);
#3502=EDGE_CURVE('',#4284,#4283,#5137,.T.);
#3503=EDGE_CURVE('',#4284,#4276,#336,.T.);
#3504=EDGE_CURVE('',#4285,#4282,#5138,.T.);
#3505=EDGE_CURVE('',#4275,#4285,#337,.T.);
#3506=EDGE_CURVE('',#4286,#4281,#5139,.T.);
#3507=EDGE_CURVE('',#4286,#4285,#5140,.T.);
#3508=EDGE_CURVE('',#4286,#4268,#338,.T.);
#3509=EDGE_CURVE('',#4272,#4264,#5141,.T.);
#3510=EDGE_CURVE('',#4271,#4263,#5142,.T.);
#3511=EDGE_CURVE('',#4287,#4287,#339,.T.);
#3512=EDGE_CURVE('',#4288,#4288,#340,.T.);
#3513=EDGE_CURVE('',#4289,#4290,#5143,.T.);
#3514=EDGE_CURVE('',#4290,#4291,#5144,.T.);
#3515=EDGE_CURVE('',#4291,#4292,#5145,.T.);
#3516=EDGE_CURVE('',#4292,#4293,#5146,.T.);
#3517=EDGE_CURVE('',#4293,#4294,#5147,.T.);
#3518=EDGE_CURVE('',#4294,#4295,#5148,.T.);
#3519=EDGE_CURVE('',#4295,#4296,#5149,.T.);
#3520=EDGE_CURVE('',#4296,#4297,#5150,.T.);
#3521=EDGE_CURVE('',#4297,#4298,#5151,.T.);
#3522=EDGE_CURVE('',#4298,#4299,#5152,.T.);
#3523=EDGE_CURVE('',#4299,#4300,#5153,.T.);
#3524=EDGE_CURVE('',#4300,#4289,#5154,.T.);
#3525=EDGE_CURVE('',#4301,#4289,#5155,.T.);
#3526=EDGE_CURVE('',#4301,#4302,#5156,.T.);
#3527=EDGE_CURVE('',#4302,#4290,#5157,.T.);
#3528=EDGE_CURVE('',#4302,#4303,#5158,.T.);
#3529=EDGE_CURVE('',#4303,#4291,#5159,.T.);
#3530=EDGE_CURVE('',#4303,#4304,#5160,.T.);
#3531=EDGE_CURVE('',#4304,#4292,#5161,.T.);
#3532=EDGE_CURVE('',#4304,#4305,#5162,.T.);
#3533=EDGE_CURVE('',#4305,#4293,#5163,.T.);
#3534=EDGE_CURVE('',#4305,#4306,#5164,.T.);
#3535=EDGE_CURVE('',#4306,#4294,#5165,.T.);
#3536=EDGE_CURVE('',#4306,#4307,#5166,.T.);
#3537=EDGE_CURVE('',#4307,#4295,#5167,.T.);
#3538=EDGE_CURVE('',#4307,#4308,#5168,.T.);
#3539=EDGE_CURVE('',#4308,#4296,#5169,.T.);
#3540=EDGE_CURVE('',#4308,#4309,#5170,.T.);
#3541=EDGE_CURVE('',#4309,#4297,#5171,.T.);
#3542=EDGE_CURVE('',#4309,#4310,#5172,.T.);
#3543=EDGE_CURVE('',#4310,#4298,#5173,.T.);
#3544=EDGE_CURVE('',#4310,#4311,#5174,.T.);
#3545=EDGE_CURVE('',#4311,#4299,#5175,.T.);
#3546=EDGE_CURVE('',#4311,#4312,#5176,.T.);
#3547=EDGE_CURVE('',#4312,#4300,#5177,.T.);
#3548=EDGE_CURVE('',#4312,#4301,#5178,.T.);
#3549=EDGE_CURVE('',#4313,#4314,#341,.T.);
#3550=EDGE_CURVE('',#4315,#4314,#5179,.T.);
#3551=EDGE_CURVE('',#4315,#4316,#342,.T.);
#3552=EDGE_CURVE('',#4317,#4316,#5180,.T.);
#3553=EDGE_CURVE('',#4317,#4318,#343,.T.);
#3554=EDGE_CURVE('',#4318,#4319,#5181,.T.);
#3555=EDGE_CURVE('',#4319,#4320,#344,.T.);
#3556=EDGE_CURVE('',#4320,#4313,#5182,.T.);
#3557=EDGE_CURVE('',#4321,#4322,#345,.T.);
#3558=EDGE_CURVE('',#4323,#4322,#5183,.T.);
#3559=EDGE_CURVE('',#4323,#4324,#346,.T.);
#3560=EDGE_CURVE('',#4324,#4325,#5184,.T.);
#3561=EDGE_CURVE('',#4326,#4325,#347,.T.);
#3562=EDGE_CURVE('',#4327,#4326,#5185,.T.);
#3563=EDGE_CURVE('',#4327,#4328,#348,.T.);
#3564=EDGE_CURVE('',#4321,#4328,#5186,.T.);
#3565=EDGE_CURVE('',#4329,#4321,#5187,.T.);
#3566=EDGE_CURVE('',#4329,#4330,#349,.T.);
#3567=EDGE_CURVE('',#4330,#4322,#5188,.T.);
#3568=EDGE_CURVE('',#4331,#4328,#5189,.T.);
#3569=EDGE_CURVE('',#4329,#4331,#5190,.T.);
#3570=EDGE_CURVE('',#4332,#4327,#5191,.T.);
#3571=EDGE_CURVE('',#4332,#4331,#350,.T.);
#3572=EDGE_CURVE('',#4333,#4326,#5192,.T.);
#3573=EDGE_CURVE('',#4332,#4333,#5193,.T.);
#3574=EDGE_CURVE('',#4334,#4325,#5194,.T.);
#3575=EDGE_CURVE('',#4333,#4334,#351,.T.);
#3576=EDGE_CURVE('',#4335,#4324,#5195,.T.);
#3577=EDGE_CURVE('',#4335,#4334,#5196,.T.);
#3578=EDGE_CURVE('',#4336,#4323,#5197,.T.);
#3579=EDGE_CURVE('',#4336,#4335,#352,.T.);
#3580=EDGE_CURVE('',#4336,#4330,#5198,.T.);
#3581=EDGE_CURVE('',#4337,#4314,#5199,.T.);
#3582=EDGE_CURVE('',#4338,#4337,#5200,.T.);
#3583=EDGE_CURVE('',#4338,#4315,#5201,.T.);
#3584=EDGE_CURVE('',#4338,#4339,#353,.T.);
#3585=EDGE_CURVE('',#4339,#4316,#5202,.T.);
#3586=EDGE_CURVE('',#4340,#4339,#5203,.T.);
#3587=EDGE_CURVE('',#4340,#4317,#5204,.T.);
#3588=EDGE_CURVE('',#4340,#4341,#354,.T.);
#3589=EDGE_CURVE('',#4341,#4318,#5205,.T.);
#3590=EDGE_CURVE('',#4341,#4342,#5206,.T.);
#3591=EDGE_CURVE('',#4342,#4319,#5207,.T.);
#3592=EDGE_CURVE('',#4342,#4343,#355,.T.);
#3593=EDGE_CURVE('',#4343,#4320,#5208,.T.);
#3594=EDGE_CURVE('',#4343,#4344,#5209,.T.);
#3595=EDGE_CURVE('',#4344,#4313,#5210,.T.);
#3596=EDGE_CURVE('',#4344,#4337,#356,.T.);
#3597=EDGE_CURVE('',#4345,#4345,#357,.T.);
#3598=EDGE_CURVE('',#4346,#4346,#358,.T.);
#3599=EDGE_CURVE('',#4347,#4348,#5211,.T.);
#3600=EDGE_CURVE('',#4348,#4349,#5212,.T.);
#3601=EDGE_CURVE('',#4349,#4350,#5213,.T.);
#3602=EDGE_CURVE('',#4350,#4351,#5214,.T.);
#3603=EDGE_CURVE('',#4351,#4352,#5215,.T.);
#3604=EDGE_CURVE('',#4352,#4353,#5216,.T.);
#3605=EDGE_CURVE('',#4353,#4354,#5217,.T.);
#3606=EDGE_CURVE('',#4354,#4355,#5218,.T.);
#3607=EDGE_CURVE('',#4355,#4356,#5219,.T.);
#3608=EDGE_CURVE('',#4356,#4357,#5220,.T.);
#3609=EDGE_CURVE('',#4357,#4358,#5221,.T.);
#3610=EDGE_CURVE('',#4358,#4347,#5222,.T.);
#3611=EDGE_CURVE('',#4359,#4347,#5223,.T.);
#3612=EDGE_CURVE('',#4359,#4360,#5224,.T.);
#3613=EDGE_CURVE('',#4360,#4348,#5225,.T.);
#3614=EDGE_CURVE('',#4360,#4361,#5226,.T.);
#3615=EDGE_CURVE('',#4361,#4349,#5227,.T.);
#3616=EDGE_CURVE('',#4361,#4362,#5228,.T.);
#3617=EDGE_CURVE('',#4362,#4350,#5229,.T.);
#3618=EDGE_CURVE('',#4362,#4363,#5230,.T.);
#3619=EDGE_CURVE('',#4363,#4351,#5231,.T.);
#3620=EDGE_CURVE('',#4363,#4364,#5232,.T.);
#3621=EDGE_CURVE('',#4364,#4352,#5233,.T.);
#3622=EDGE_CURVE('',#4364,#4365,#5234,.T.);
#3623=EDGE_CURVE('',#4365,#4353,#5235,.T.);
#3624=EDGE_CURVE('',#4365,#4366,#5236,.T.);
#3625=EDGE_CURVE('',#4366,#4354,#5237,.T.);
#3626=EDGE_CURVE('',#4366,#4367,#5238,.T.);
#3627=EDGE_CURVE('',#4367,#4355,#5239,.T.);
#3628=EDGE_CURVE('',#4367,#4368,#5240,.T.);
#3629=EDGE_CURVE('',#4368,#4356,#5241,.T.);
#3630=EDGE_CURVE('',#4368,#4369,#5242,.T.);
#3631=EDGE_CURVE('',#4369,#4357,#5243,.T.);
#3632=EDGE_CURVE('',#4369,#4370,#5244,.T.);
#3633=EDGE_CURVE('',#4370,#4358,#5245,.T.);
#3634=EDGE_CURVE('',#4370,#4359,#5246,.T.);
#3635=VERTEX_POINT('',#10758);
#3636=VERTEX_POINT('',#10759);
#3637=VERTEX_POINT('',#10761);
#3638=VERTEX_POINT('',#10763);
#3639=VERTEX_POINT('',#10765);
#3640=VERTEX_POINT('',#10767);
#3641=VERTEX_POINT('',#10769);
#3642=VERTEX_POINT('',#10771);
#3643=VERTEX_POINT('',#10775);
#3644=VERTEX_POINT('',#10776);
#3645=VERTEX_POINT('',#10778);
#3646=VERTEX_POINT('',#10780);
#3647=VERTEX_POINT('',#10782);
#3648=VERTEX_POINT('',#10784);
#3649=VERTEX_POINT('',#10786);
#3650=VERTEX_POINT('',#10788);
#3651=VERTEX_POINT('',#10793);
#3652=VERTEX_POINT('',#10795);
#3653=VERTEX_POINT('',#10800);
#3654=VERTEX_POINT('',#10802);
#3655=VERTEX_POINT('',#10806);
#3656=VERTEX_POINT('',#10810);
#3657=VERTEX_POINT('',#10816);
#3658=VERTEX_POINT('',#10820);
#3659=VERTEX_POINT('',#10831);
#3660=VERTEX_POINT('',#10833);
#3661=VERTEX_POINT('',#10837);
#3662=VERTEX_POINT('',#10838);
#3663=VERTEX_POINT('',#10840);
#3664=VERTEX_POINT('',#10842);
#3665=VERTEX_POINT('',#10844);
#3666=VERTEX_POINT('',#10846);
#3667=VERTEX_POINT('',#10848);
#3668=VERTEX_POINT('',#10850);
#3669=VERTEX_POINT('',#10852);
#3670=VERTEX_POINT('',#10854);
#3671=VERTEX_POINT('',#10856);
#3672=VERTEX_POINT('',#10858);
#3673=VERTEX_POINT('',#10862);
#3674=VERTEX_POINT('',#10864);
#3675=VERTEX_POINT('',#10868);
#3676=VERTEX_POINT('',#10872);
#3677=VERTEX_POINT('',#10876);
#3678=VERTEX_POINT('',#10880);
#3679=VERTEX_POINT('',#10884);
#3680=VERTEX_POINT('',#10888);
#3681=VERTEX_POINT('',#10892);
#3682=VERTEX_POINT('',#10896);
#3683=VERTEX_POINT('',#10900);
#3684=VERTEX_POINT('',#10904);
#3685=VERTEX_POINT('',#10912);
#3686=VERTEX_POINT('',#10913);
#3687=VERTEX_POINT('',#10915);
#3688=VERTEX_POINT('',#10917);
#3689=VERTEX_POINT('',#10919);
#3690=VERTEX_POINT('',#10921);
#3691=VERTEX_POINT('',#10923);
#3692=VERTEX_POINT('',#10925);
#3693=VERTEX_POINT('',#10928);
#3694=VERTEX_POINT('',#10929);
#3695=VERTEX_POINT('',#10931);
#3696=VERTEX_POINT('',#10933);
#3697=VERTEX_POINT('',#10935);
#3698=VERTEX_POINT('',#10937);
#3699=VERTEX_POINT('',#10939);
#3700=VERTEX_POINT('',#10941);
#3701=VERTEX_POINT('',#10945);
#3702=VERTEX_POINT('',#10947);
#3703=VERTEX_POINT('',#10951);
#3704=VERTEX_POINT('',#10955);
#3705=VERTEX_POINT('',#10959);
#3706=VERTEX_POINT('',#10963);
#3707=VERTEX_POINT('',#10967);
#3708=VERTEX_POINT('',#10971);
#3709=VERTEX_POINT('',#10978);
#3710=VERTEX_POINT('',#10980);
#3711=VERTEX_POINT('',#10984);
#3712=VERTEX_POINT('',#10988);
#3713=VERTEX_POINT('',#10992);
#3714=VERTEX_POINT('',#10996);
#3715=VERTEX_POINT('',#11000);
#3716=VERTEX_POINT('',#11004);
#3717=VERTEX_POINT('',#11010);
#3718=VERTEX_POINT('',#11012);
#3719=VERTEX_POINT('',#11016);
#3720=VERTEX_POINT('',#11017);
#3721=VERTEX_POINT('',#11019);
#3722=VERTEX_POINT('',#11021);
#3723=VERTEX_POINT('',#11023);
#3724=VERTEX_POINT('',#11025);
#3725=VERTEX_POINT('',#11027);
#3726=VERTEX_POINT('',#11029);
#3727=VERTEX_POINT('',#11031);
#3728=VERTEX_POINT('',#11033);
#3729=VERTEX_POINT('',#11035);
#3730=VERTEX_POINT('',#11037);
#3731=VERTEX_POINT('',#11041);
#3732=VERTEX_POINT('',#11043);
#3733=VERTEX_POINT('',#11047);
#3734=VERTEX_POINT('',#11051);
#3735=VERTEX_POINT('',#11055);
#3736=VERTEX_POINT('',#11059);
#3737=VERTEX_POINT('',#11063);
#3738=VERTEX_POINT('',#11067);
#3739=VERTEX_POINT('',#11071);
#3740=VERTEX_POINT('',#11075);
#3741=VERTEX_POINT('',#11079);
#3742=VERTEX_POINT('',#11083);
#3743=VERTEX_POINT('',#11091);
#3744=VERTEX_POINT('',#11092);
#3745=VERTEX_POINT('',#11094);
#3746=VERTEX_POINT('',#11096);
#3747=VERTEX_POINT('',#11098);
#3748=VERTEX_POINT('',#11100);
#3749=VERTEX_POINT('',#11102);
#3750=VERTEX_POINT('',#11104);
#3751=VERTEX_POINT('',#11108);
#3752=VERTEX_POINT('',#11109);
#3753=VERTEX_POINT('',#11111);
#3754=VERTEX_POINT('',#11113);
#3755=VERTEX_POINT('',#11115);
#3756=VERTEX_POINT('',#11117);
#3757=VERTEX_POINT('',#11119);
#3758=VERTEX_POINT('',#11121);
#3759=VERTEX_POINT('',#11126);
#3760=VERTEX_POINT('',#11128);
#3761=VERTEX_POINT('',#11133);
#3762=VERTEX_POINT('',#11135);
#3763=VERTEX_POINT('',#11139);
#3764=VERTEX_POINT('',#11143);
#3765=VERTEX_POINT('',#11149);
#3766=VERTEX_POINT('',#11153);
#3767=VERTEX_POINT('',#11164);
#3768=VERTEX_POINT('',#11166);
#3769=VERTEX_POINT('',#11170);
#3770=VERTEX_POINT('',#11171);
#3771=VERTEX_POINT('',#11173);
#3772=VERTEX_POINT('',#11175);
#3773=VERTEX_POINT('',#11177);
#3774=VERTEX_POINT('',#11179);
#3775=VERTEX_POINT('',#11181);
#3776=VERTEX_POINT('',#11183);
#3777=VERTEX_POINT('',#11185);
#3778=VERTEX_POINT('',#11187);
#3779=VERTEX_POINT('',#11189);
#3780=VERTEX_POINT('',#11191);
#3781=VERTEX_POINT('',#11195);
#3782=VERTEX_POINT('',#11197);
#3783=VERTEX_POINT('',#11201);
#3784=VERTEX_POINT('',#11205);
#3785=VERTEX_POINT('',#11209);
#3786=VERTEX_POINT('',#11213);
#3787=VERTEX_POINT('',#11217);
#3788=VERTEX_POINT('',#11221);
#3789=VERTEX_POINT('',#11225);
#3790=VERTEX_POINT('',#11229);
#3791=VERTEX_POINT('',#11233);
#3792=VERTEX_POINT('',#11237);
#3793=VERTEX_POINT('',#11245);
#3794=VERTEX_POINT('',#11246);
#3795=VERTEX_POINT('',#11248);
#3796=VERTEX_POINT('',#11250);
#3797=VERTEX_POINT('',#11252);
#3798=VERTEX_POINT('',#11254);
#3799=VERTEX_POINT('',#11256);
#3800=VERTEX_POINT('',#11258);
#3801=VERTEX_POINT('',#11262);
#3802=VERTEX_POINT('',#11263);
#3803=VERTEX_POINT('',#11265);
#3804=VERTEX_POINT('',#11267);
#3805=VERTEX_POINT('',#11269);
#3806=VERTEX_POINT('',#11271);
#3807=VERTEX_POINT('',#11273);
#3808=VERTEX_POINT('',#11275);
#3809=VERTEX_POINT('',#11280);
#3810=VERTEX_POINT('',#11282);
#3811=VERTEX_POINT('',#11287);
#3812=VERTEX_POINT('',#11289);
#3813=VERTEX_POINT('',#11293);
#3814=VERTEX_POINT('',#11297);
#3815=VERTEX_POINT('',#11303);
#3816=VERTEX_POINT('',#11307);
#3817=VERTEX_POINT('',#11318);
#3818=VERTEX_POINT('',#11320);
#3819=VERTEX_POINT('',#11324);
#3820=VERTEX_POINT('',#11325);
#3821=VERTEX_POINT('',#11327);
#3822=VERTEX_POINT('',#11329);
#3823=VERTEX_POINT('',#11331);
#3824=VERTEX_POINT('',#11333);
#3825=VERTEX_POINT('',#11335);
#3826=VERTEX_POINT('',#11337);
#3827=VERTEX_POINT('',#11339);
#3828=VERTEX_POINT('',#11341);
#3829=VERTEX_POINT('',#11343);
#3830=VERTEX_POINT('',#11345);
#3831=VERTEX_POINT('',#11349);
#3832=VERTEX_POINT('',#11351);
#3833=VERTEX_POINT('',#11355);
#3834=VERTEX_POINT('',#11359);
#3835=VERTEX_POINT('',#11363);
#3836=VERTEX_POINT('',#11367);
#3837=VERTEX_POINT('',#11371);
#3838=VERTEX_POINT('',#11375);
#3839=VERTEX_POINT('',#11379);
#3840=VERTEX_POINT('',#11383);
#3841=VERTEX_POINT('',#11387);
#3842=VERTEX_POINT('',#11391);
#3843=VERTEX_POINT('',#11399);
#3844=VERTEX_POINT('',#11400);
#3845=VERTEX_POINT('',#11402);
#3846=VERTEX_POINT('',#11404);
#3847=VERTEX_POINT('',#11406);
#3848=VERTEX_POINT('',#11408);
#3849=VERTEX_POINT('',#11410);
#3850=VERTEX_POINT('',#11412);
#3851=VERTEX_POINT('',#11415);
#3852=VERTEX_POINT('',#11416);
#3853=VERTEX_POINT('',#11418);
#3854=VERTEX_POINT('',#11420);
#3855=VERTEX_POINT('',#11422);
#3856=VERTEX_POINT('',#11424);
#3857=VERTEX_POINT('',#11426);
#3858=VERTEX_POINT('',#11428);
#3859=VERTEX_POINT('',#11430);
#3860=VERTEX_POINT('',#11432);
#3861=VERTEX_POINT('',#11434);
#3862=VERTEX_POINT('',#11436);
#3863=VERTEX_POINT('',#11438);
#3864=VERTEX_POINT('',#11440);
#3865=VERTEX_POINT('',#11442);
#3866=VERTEX_POINT('',#11444);
#3867=VERTEX_POINT('',#11448);
#3868=VERTEX_POINT('',#11450);
#3869=VERTEX_POINT('',#11454);
#3870=VERTEX_POINT('',#11458);
#3871=VERTEX_POINT('',#11462);
#3872=VERTEX_POINT('',#11466);
#3873=VERTEX_POINT('',#11470);
#3874=VERTEX_POINT('',#11474);
#3875=VERTEX_POINT('',#11478);
#3876=VERTEX_POINT('',#11482);
#3877=VERTEX_POINT('',#11486);
#3878=VERTEX_POINT('',#11490);
#3879=VERTEX_POINT('',#11494);
#3880=VERTEX_POINT('',#11498);
#3881=VERTEX_POINT('',#11502);
#3882=VERTEX_POINT('',#11506);
#3883=VERTEX_POINT('',#11513);
#3884=VERTEX_POINT('',#11515);
#3885=VERTEX_POINT('',#11519);
#3886=VERTEX_POINT('',#11523);
#3887=VERTEX_POINT('',#11527);
#3888=VERTEX_POINT('',#11531);
#3889=VERTEX_POINT('',#11535);
#3890=VERTEX_POINT('',#11539);
#3891=VERTEX_POINT('',#11545);
#3892=VERTEX_POINT('',#11547);
#3893=VERTEX_POINT('',#11551);
#3894=VERTEX_POINT('',#11552);
#3895=VERTEX_POINT('',#11554);
#3896=VERTEX_POINT('',#11556);
#3897=VERTEX_POINT('',#11558);
#3898=VERTEX_POINT('',#11560);
#3899=VERTEX_POINT('',#11562);
#3900=VERTEX_POINT('',#11564);
#3901=VERTEX_POINT('',#11566);
#3902=VERTEX_POINT('',#11568);
#3903=VERTEX_POINT('',#11570);
#3904=VERTEX_POINT('',#11572);
#3905=VERTEX_POINT('',#11576);
#3906=VERTEX_POINT('',#11578);
#3907=VERTEX_POINT('',#11582);
#3908=VERTEX_POINT('',#11586);
#3909=VERTEX_POINT('',#11590);
#3910=VERTEX_POINT('',#11594);
#3911=VERTEX_POINT('',#11598);
#3912=VERTEX_POINT('',#11602);
#3913=VERTEX_POINT('',#11606);
#3914=VERTEX_POINT('',#11610);
#3915=VERTEX_POINT('',#11614);
#3916=VERTEX_POINT('',#11618);
#3917=VERTEX_POINT('',#11626);
#3918=VERTEX_POINT('',#11627);
#3919=VERTEX_POINT('',#11629);
#3920=VERTEX_POINT('',#11631);
#3921=VERTEX_POINT('',#11633);
#3922=VERTEX_POINT('',#11635);
#3923=VERTEX_POINT('',#11637);
#3924=VERTEX_POINT('',#11639);
#3925=VERTEX_POINT('',#11642);
#3926=VERTEX_POINT('',#11643);
#3927=VERTEX_POINT('',#11645);
#3928=VERTEX_POINT('',#11647);
#3929=VERTEX_POINT('',#11649);
#3930=VERTEX_POINT('',#11651);
#3931=VERTEX_POINT('',#11653);
#3932=VERTEX_POINT('',#11655);
#3933=VERTEX_POINT('',#11657);
#3934=VERTEX_POINT('',#11659);
#3935=VERTEX_POINT('',#11661);
#3936=VERTEX_POINT('',#11663);
#3937=VERTEX_POINT('',#11667);
#3938=VERTEX_POINT('',#11669);
#3939=VERTEX_POINT('',#11673);
#3940=VERTEX_POINT('',#11677);
#3941=VERTEX_POINT('',#11681);
#3942=VERTEX_POINT('',#11685);
#3943=VERTEX_POINT('',#11689);
#3944=VERTEX_POINT('',#11693);
#3945=VERTEX_POINT('',#11697);
#3946=VERTEX_POINT('',#11701);
#3947=VERTEX_POINT('',#11705);
#3948=VERTEX_POINT('',#11709);
#3949=VERTEX_POINT('',#11716);
#3950=VERTEX_POINT('',#11718);
#3951=VERTEX_POINT('',#11722);
#3952=VERTEX_POINT('',#11726);
#3953=VERTEX_POINT('',#11730);
#3954=VERTEX_POINT('',#11734);
#3955=VERTEX_POINT('',#11738);
#3956=VERTEX_POINT('',#11742);
#3957=VERTEX_POINT('',#11748);
#3958=VERTEX_POINT('',#11750);
#3959=VERTEX_POINT('',#11754);
#3960=VERTEX_POINT('',#11755);
#3961=VERTEX_POINT('',#11757);
#3962=VERTEX_POINT('',#11759);
#3963=VERTEX_POINT('',#11761);
#3964=VERTEX_POINT('',#11763);
#3965=VERTEX_POINT('',#11765);
#3966=VERTEX_POINT('',#11767);
#3967=VERTEX_POINT('',#11769);
#3968=VERTEX_POINT('',#11771);
#3969=VERTEX_POINT('',#11773);
#3970=VERTEX_POINT('',#11775);
#3971=VERTEX_POINT('',#11779);
#3972=VERTEX_POINT('',#11781);
#3973=VERTEX_POINT('',#11785);
#3974=VERTEX_POINT('',#11789);
#3975=VERTEX_POINT('',#11793);
#3976=VERTEX_POINT('',#11797);
#3977=VERTEX_POINT('',#11801);
#3978=VERTEX_POINT('',#11805);
#3979=VERTEX_POINT('',#11809);
#3980=VERTEX_POINT('',#11813);
#3981=VERTEX_POINT('',#11817);
#3982=VERTEX_POINT('',#11821);
#3983=VERTEX_POINT('',#11829);
#3984=VERTEX_POINT('',#11830);
#3985=VERTEX_POINT('',#11832);
#3986=VERTEX_POINT('',#11834);
#3987=VERTEX_POINT('',#11836);
#3988=VERTEX_POINT('',#11838);
#3989=VERTEX_POINT('',#11840);
#3990=VERTEX_POINT('',#11842);
#3991=VERTEX_POINT('',#11845);
#3992=VERTEX_POINT('',#11846);
#3993=VERTEX_POINT('',#11848);
#3994=VERTEX_POINT('',#11850);
#3995=VERTEX_POINT('',#11852);
#3996=VERTEX_POINT('',#11854);
#3997=VERTEX_POINT('',#11856);
#3998=VERTEX_POINT('',#11858);
#3999=VERTEX_POINT('',#11860);
#4000=VERTEX_POINT('',#11862);
#4001=VERTEX_POINT('',#11864);
#4002=VERTEX_POINT('',#11866);
#4003=VERTEX_POINT('',#11868);
#4004=VERTEX_POINT('',#11870);
#4005=VERTEX_POINT('',#11872);
#4006=VERTEX_POINT('',#11874);
#4007=VERTEX_POINT('',#11878);
#4008=VERTEX_POINT('',#11880);
#4009=VERTEX_POINT('',#11884);
#4010=VERTEX_POINT('',#11888);
#4011=VERTEX_POINT('',#11892);
#4012=VERTEX_POINT('',#11896);
#4013=VERTEX_POINT('',#11900);
#4014=VERTEX_POINT('',#11904);
#4015=VERTEX_POINT('',#11908);
#4016=VERTEX_POINT('',#11912);
#4017=VERTEX_POINT('',#11916);
#4018=VERTEX_POINT('',#11920);
#4019=VERTEX_POINT('',#11924);
#4020=VERTEX_POINT('',#11928);
#4021=VERTEX_POINT('',#11932);
#4022=VERTEX_POINT('',#11936);
#4023=VERTEX_POINT('',#11943);
#4024=VERTEX_POINT('',#11945);
#4025=VERTEX_POINT('',#11949);
#4026=VERTEX_POINT('',#11953);
#4027=VERTEX_POINT('',#11957);
#4028=VERTEX_POINT('',#11961);
#4029=VERTEX_POINT('',#11965);
#4030=VERTEX_POINT('',#11969);
#4031=VERTEX_POINT('',#11975);
#4032=VERTEX_POINT('',#11977);
#4033=VERTEX_POINT('',#11981);
#4034=VERTEX_POINT('',#11982);
#4035=VERTEX_POINT('',#11984);
#4036=VERTEX_POINT('',#11986);
#4037=VERTEX_POINT('',#11988);
#4038=VERTEX_POINT('',#11990);
#4039=VERTEX_POINT('',#11992);
#4040=VERTEX_POINT('',#11994);
#4041=VERTEX_POINT('',#11996);
#4042=VERTEX_POINT('',#11998);
#4043=VERTEX_POINT('',#12000);
#4044=VERTEX_POINT('',#12002);
#4045=VERTEX_POINT('',#12006);
#4046=VERTEX_POINT('',#12008);
#4047=VERTEX_POINT('',#12012);
#4048=VERTEX_POINT('',#12016);
#4049=VERTEX_POINT('',#12020);
#4050=VERTEX_POINT('',#12024);
#4051=VERTEX_POINT('',#12028);
#4052=VERTEX_POINT('',#12032);
#4053=VERTEX_POINT('',#12036);
#4054=VERTEX_POINT('',#12040);
#4055=VERTEX_POINT('',#12044);
#4056=VERTEX_POINT('',#12048);
#4057=VERTEX_POINT('',#12056);
#4058=VERTEX_POINT('',#12057);
#4059=VERTEX_POINT('',#12059);
#4060=VERTEX_POINT('',#12061);
#4061=VERTEX_POINT('',#12063);
#4062=VERTEX_POINT('',#12065);
#4063=VERTEX_POINT('',#12067);
#4064=VERTEX_POINT('',#12069);
#4065=VERTEX_POINT('',#12073);
#4066=VERTEX_POINT('',#12074);
#4067=VERTEX_POINT('',#12076);
#4068=VERTEX_POINT('',#12078);
#4069=VERTEX_POINT('',#12080);
#4070=VERTEX_POINT('',#12082);
#4071=VERTEX_POINT('',#12084);
#4072=VERTEX_POINT('',#12086);
#4073=VERTEX_POINT('',#12091);
#4074=VERTEX_POINT('',#12093);
#4075=VERTEX_POINT('',#12098);
#4076=VERTEX_POINT('',#12100);
#4077=VERTEX_POINT('',#12104);
#4078=VERTEX_POINT('',#12108);
#4079=VERTEX_POINT('',#12114);
#4080=VERTEX_POINT('',#12118);
#4081=VERTEX_POINT('',#12129);
#4082=VERTEX_POINT('',#12131);
#4083=VERTEX_POINT('',#12135);
#4084=VERTEX_POINT('',#12136);
#4085=VERTEX_POINT('',#12138);
#4086=VERTEX_POINT('',#12140);
#4087=VERTEX_POINT('',#12142);
#4088=VERTEX_POINT('',#12144);
#4089=VERTEX_POINT('',#12146);
#4090=VERTEX_POINT('',#12148);
#4091=VERTEX_POINT('',#12150);
#4092=VERTEX_POINT('',#12152);
#4093=VERTEX_POINT('',#12154);
#4094=VERTEX_POINT('',#12156);
#4095=VERTEX_POINT('',#12160);
#4096=VERTEX_POINT('',#12162);
#4097=VERTEX_POINT('',#12166);
#4098=VERTEX_POINT('',#12170);
#4099=VERTEX_POINT('',#12174);
#4100=VERTEX_POINT('',#12178);
#4101=VERTEX_POINT('',#12182);
#4102=VERTEX_POINT('',#12186);
#4103=VERTEX_POINT('',#12190);
#4104=VERTEX_POINT('',#12194);
#4105=VERTEX_POINT('',#12198);
#4106=VERTEX_POINT('',#12202);
#4107=VERTEX_POINT('',#12210);
#4108=VERTEX_POINT('',#12211);
#4109=VERTEX_POINT('',#12213);
#4110=VERTEX_POINT('',#12215);
#4111=VERTEX_POINT('',#12217);
#4112=VERTEX_POINT('',#12219);
#4113=VERTEX_POINT('',#12221);
#4114=VERTEX_POINT('',#12223);
#4115=VERTEX_POINT('',#12226);
#4116=VERTEX_POINT('',#12227);
#4117=VERTEX_POINT('',#12229);
#4118=VERTEX_POINT('',#12231);
#4119=VERTEX_POINT('',#12233);
#4120=VERTEX_POINT('',#12235);
#4121=VERTEX_POINT('',#12237);
#4122=VERTEX_POINT('',#12239);
#4123=VERTEX_POINT('',#12241);
#4124=VERTEX_POINT('',#12243);
#4125=VERTEX_POINT('',#12245);
#4126=VERTEX_POINT('',#12247);
#4127=VERTEX_POINT('',#12249);
#4128=VERTEX_POINT('',#12251);
#4129=VERTEX_POINT('',#12253);
#4130=VERTEX_POINT('',#12255);
#4131=VERTEX_POINT('',#12259);
#4132=VERTEX_POINT('',#12261);
#4133=VERTEX_POINT('',#12265);
#4134=VERTEX_POINT('',#12269);
#4135=VERTEX_POINT('',#12273);
#4136=VERTEX_POINT('',#12277);
#4137=VERTEX_POINT('',#12281);
#4138=VERTEX_POINT('',#12285);
#4139=VERTEX_POINT('',#12289);
#4140=VERTEX_POINT('',#12293);
#4141=VERTEX_POINT('',#12297);
#4142=VERTEX_POINT('',#12301);
#4143=VERTEX_POINT('',#12305);
#4144=VERTEX_POINT('',#12309);
#4145=VERTEX_POINT('',#12313);
#4146=VERTEX_POINT('',#12317);
#4147=VERTEX_POINT('',#12324);
#4148=VERTEX_POINT('',#12326);
#4149=VERTEX_POINT('',#12330);
#4150=VERTEX_POINT('',#12334);
#4151=VERTEX_POINT('',#12338);
#4152=VERTEX_POINT('',#12342);
#4153=VERTEX_POINT('',#12346);
#4154=VERTEX_POINT('',#12350);
#4155=VERTEX_POINT('',#12356);
#4156=VERTEX_POINT('',#12358);
#4157=VERTEX_POINT('',#12362);
#4158=VERTEX_POINT('',#12363);
#4159=VERTEX_POINT('',#12365);
#4160=VERTEX_POINT('',#12367);
#4161=VERTEX_POINT('',#12369);
#4162=VERTEX_POINT('',#12371);
#4163=VERTEX_POINT('',#12373);
#4164=VERTEX_POINT('',#12375);
#4165=VERTEX_POINT('',#12377);
#4166=VERTEX_POINT('',#12379);
#4167=VERTEX_POINT('',#12381);
#4168=VERTEX_POINT('',#12383);
#4169=VERTEX_POINT('',#12387);
#4170=VERTEX_POINT('',#12389);
#4171=VERTEX_POINT('',#12393);
#4172=VERTEX_POINT('',#12397);
#4173=VERTEX_POINT('',#12401);
#4174=VERTEX_POINT('',#12405);
#4175=VERTEX_POINT('',#12409);
#4176=VERTEX_POINT('',#12413);
#4177=VERTEX_POINT('',#12417);
#4178=VERTEX_POINT('',#12421);
#4179=VERTEX_POINT('',#12425);
#4180=VERTEX_POINT('',#12429);
#4181=VERTEX_POINT('',#12437);
#4182=VERTEX_POINT('',#12438);
#4183=VERTEX_POINT('',#12440);
#4184=VERTEX_POINT('',#12442);
#4185=VERTEX_POINT('',#12444);
#4186=VERTEX_POINT('',#12446);
#4187=VERTEX_POINT('',#12448);
#4188=VERTEX_POINT('',#12450);
#4189=VERTEX_POINT('',#12453);
#4190=VERTEX_POINT('',#12454);
#4191=VERTEX_POINT('',#12456);
#4192=VERTEX_POINT('',#12458);
#4193=VERTEX_POINT('',#12460);
#4194=VERTEX_POINT('',#12462);
#4195=VERTEX_POINT('',#12464);
#4196=VERTEX_POINT('',#12466);
#4197=VERTEX_POINT('',#12468);
#4198=VERTEX_POINT('',#12470);
#4199=VERTEX_POINT('',#12472);
#4200=VERTEX_POINT('',#12474);
#4201=VERTEX_POINT('',#12476);
#4202=VERTEX_POINT('',#12478);
#4203=VERTEX_POINT('',#12480);
#4204=VERTEX_POINT('',#12482);
#4205=VERTEX_POINT('',#12484);
#4206=VERTEX_POINT('',#12486);
#4207=VERTEX_POINT('',#12488);
#4208=VERTEX_POINT('',#12490);
#4209=VERTEX_POINT('',#12494);
#4210=VERTEX_POINT('',#12496);
#4211=VERTEX_POINT('',#12500);
#4212=VERTEX_POINT('',#12504);
#4213=VERTEX_POINT('',#12508);
#4214=VERTEX_POINT('',#12512);
#4215=VERTEX_POINT('',#12516);
#4216=VERTEX_POINT('',#12520);
#4217=VERTEX_POINT('',#12524);
#4218=VERTEX_POINT('',#12528);
#4219=VERTEX_POINT('',#12532);
#4220=VERTEX_POINT('',#12536);
#4221=VERTEX_POINT('',#12540);
#4222=VERTEX_POINT('',#12544);
#4223=VERTEX_POINT('',#12548);
#4224=VERTEX_POINT('',#12552);
#4225=VERTEX_POINT('',#12556);
#4226=VERTEX_POINT('',#12560);
#4227=VERTEX_POINT('',#12564);
#4228=VERTEX_POINT('',#12568);
#4229=VERTEX_POINT('',#12575);
#4230=VERTEX_POINT('',#12577);
#4231=VERTEX_POINT('',#12581);
#4232=VERTEX_POINT('',#12585);
#4233=VERTEX_POINT('',#12589);
#4234=VERTEX_POINT('',#12593);
#4235=VERTEX_POINT('',#12597);
#4236=VERTEX_POINT('',#12601);
#4237=VERTEX_POINT('',#12605);
#4238=VERTEX_POINT('',#12607);
#4239=VERTEX_POINT('',#12613);
#4240=VERTEX_POINT('',#12614);
#4241=VERTEX_POINT('',#12616);
#4242=VERTEX_POINT('',#12618);
#4243=VERTEX_POINT('',#12620);
#4244=VERTEX_POINT('',#12622);
#4245=VERTEX_POINT('',#12624);
#4246=VERTEX_POINT('',#12626);
#4247=VERTEX_POINT('',#12628);
#4248=VERTEX_POINT('',#12630);
#4249=VERTEX_POINT('',#12632);
#4250=VERTEX_POINT('',#12634);
#4251=VERTEX_POINT('',#12638);
#4252=VERTEX_POINT('',#12640);
#4253=VERTEX_POINT('',#12644);
#4254=VERTEX_POINT('',#12648);
#4255=VERTEX_POINT('',#12652);
#4256=VERTEX_POINT('',#12656);
#4257=VERTEX_POINT('',#12660);
#4258=VERTEX_POINT('',#12664);
#4259=VERTEX_POINT('',#12668);
#4260=VERTEX_POINT('',#12672);
#4261=VERTEX_POINT('',#12676);
#4262=VERTEX_POINT('',#12680);
#4263=VERTEX_POINT('',#12688);
#4264=VERTEX_POINT('',#12689);
#4265=VERTEX_POINT('',#12691);
#4266=VERTEX_POINT('',#12693);
#4267=VERTEX_POINT('',#12695);
#4268=VERTEX_POINT('',#12697);
#4269=VERTEX_POINT('',#12699);
#4270=VERTEX_POINT('',#12701);
#4271=VERTEX_POINT('',#12705);
#4272=VERTEX_POINT('',#12706);
#4273=VERTEX_POINT('',#12708);
#4274=VERTEX_POINT('',#12710);
#4275=VERTEX_POINT('',#12712);
#4276=VERTEX_POINT('',#12714);
#4277=VERTEX_POINT('',#12716);
#4278=VERTEX_POINT('',#12718);
#4279=VERTEX_POINT('',#12723);
#4280=VERTEX_POINT('',#12725);
#4281=VERTEX_POINT('',#12730);
#4282=VERTEX_POINT('',#12732);
#4283=VERTEX_POINT('',#12736);
#4284=VERTEX_POINT('',#12740);
#4285=VERTEX_POINT('',#12746);
#4286=VERTEX_POINT('',#12750);
#4287=VERTEX_POINT('',#12761);
#4288=VERTEX_POINT('',#12763);
#4289=VERTEX_POINT('',#12767);
#4290=VERTEX_POINT('',#12768);
#4291=VERTEX_POINT('',#12770);
#4292=VERTEX_POINT('',#12772);
#4293=VERTEX_POINT('',#12774);
#4294=VERTEX_POINT('',#12776);
#4295=VERTEX_POINT('',#12778);
#4296=VERTEX_POINT('',#12780);
#4297=VERTEX_POINT('',#12782);
#4298=VERTEX_POINT('',#12784);
#4299=VERTEX_POINT('',#12786);
#4300=VERTEX_POINT('',#12788);
#4301=VERTEX_POINT('',#12792);
#4302=VERTEX_POINT('',#12794);
#4303=VERTEX_POINT('',#12798);
#4304=VERTEX_POINT('',#12802);
#4305=VERTEX_POINT('',#12806);
#4306=VERTEX_POINT('',#12810);
#4307=VERTEX_POINT('',#12814);
#4308=VERTEX_POINT('',#12818);
#4309=VERTEX_POINT('',#12822);
#4310=VERTEX_POINT('',#12826);
#4311=VERTEX_POINT('',#12830);
#4312=VERTEX_POINT('',#12834);
#4313=VERTEX_POINT('',#12842);
#4314=VERTEX_POINT('',#12843);
#4315=VERTEX_POINT('',#12845);
#4316=VERTEX_POINT('',#12847);
#4317=VERTEX_POINT('',#12849);
#4318=VERTEX_POINT('',#12851);
#4319=VERTEX_POINT('',#12853);
#4320=VERTEX_POINT('',#12855);
#4321=VERTEX_POINT('',#12858);
#4322=VERTEX_POINT('',#12859);
#4323=VERTEX_POINT('',#12861);
#4324=VERTEX_POINT('',#12863);
#4325=VERTEX_POINT('',#12865);
#4326=VERTEX_POINT('',#12867);
#4327=VERTEX_POINT('',#12869);
#4328=VERTEX_POINT('',#12871);
#4329=VERTEX_POINT('',#12875);
#4330=VERTEX_POINT('',#12877);
#4331=VERTEX_POINT('',#12881);
#4332=VERTEX_POINT('',#12885);
#4333=VERTEX_POINT('',#12889);
#4334=VERTEX_POINT('',#12893);
#4335=VERTEX_POINT('',#12897);
#4336=VERTEX_POINT('',#12901);
#4337=VERTEX_POINT('',#12908);
#4338=VERTEX_POINT('',#12910);
#4339=VERTEX_POINT('',#12914);
#4340=VERTEX_POINT('',#12918);
#4341=VERTEX_POINT('',#12922);
#4342=VERTEX_POINT('',#12926);
#4343=VERTEX_POINT('',#12930);
#4344=VERTEX_POINT('',#12934);
#4345=VERTEX_POINT('',#12940);
#4346=VERTEX_POINT('',#12942);
#4347=VERTEX_POINT('',#12946);
#4348=VERTEX_POINT('',#12947);
#4349=VERTEX_POINT('',#12949);
#4350=VERTEX_POINT('',#12951);
#4351=VERTEX_POINT('',#12953);
#4352=VERTEX_POINT('',#12955);
#4353=VERTEX_POINT('',#12957);
#4354=VERTEX_POINT('',#12959);
#4355=VERTEX_POINT('',#12961);
#4356=VERTEX_POINT('',#12963);
#4357=VERTEX_POINT('',#12965);
#4358=VERTEX_POINT('',#12967);
#4359=VERTEX_POINT('',#12971);
#4360=VERTEX_POINT('',#12973);
#4361=VERTEX_POINT('',#12977);
#4362=VERTEX_POINT('',#12981);
#4363=VERTEX_POINT('',#12985);
#4364=VERTEX_POINT('',#12989);
#4365=VERTEX_POINT('',#12993);
#4366=VERTEX_POINT('',#12997);
#4367=VERTEX_POINT('',#13001);
#4368=VERTEX_POINT('',#13005);
#4369=VERTEX_POINT('',#13009);
#4370=VERTEX_POINT('',#13013);
#4371=LINE('',#10757,#5247);
#4372=LINE('',#10760,#5248);
#4373=LINE('',#10762,#5249);
#4374=LINE('',#10764,#5250);
#4375=LINE('',#10766,#5251);
#4376=LINE('',#10768,#5252);
#4377=LINE('',#10770,#5253);
#4378=LINE('',#10772,#5254);
#4379=LINE('',#10774,#5255);
#4380=LINE('',#10777,#5256);
#4381=LINE('',#10779,#5257);
#4382=LINE('',#10781,#5258);
#4383=LINE('',#10783,#5259);
#4384=LINE('',#10785,#5260);
#4385=LINE('',#10787,#5261);
#4386=LINE('',#10789,#5262);
#4387=LINE('',#10791,#5263);
#4388=LINE('',#10794,#5264);
#4389=LINE('',#10798,#5265);
#4390=LINE('',#10801,#5266);
#4391=LINE('',#10805,#5267);
#4392=LINE('',#10809,#5268);
#4393=LINE('',#10811,#5269);
#4394=LINE('',#10815,#5270);
#4395=LINE('',#10819,#5271);
#4396=LINE('',#10821,#5272);
#4397=LINE('',#10826,#5273);
#4398=LINE('',#10828,#5274);
#4399=LINE('',#10836,#5275);
#4400=LINE('',#10839,#5276);
#4401=LINE('',#10841,#5277);
#4402=LINE('',#10843,#5278);
#4403=LINE('',#10845,#5279);
#4404=LINE('',#10847,#5280);
#4405=LINE('',#10849,#5281);
#4406=LINE('',#10851,#5282);
#4407=LINE('',#10853,#5283);
#4408=LINE('',#10855,#5284);
#4409=LINE('',#10857,#5285);
#4410=LINE('',#10859,#5286);
#4411=LINE('',#10861,#5287);
#4412=LINE('',#10863,#5288);
#4413=LINE('',#10865,#5289);
#4414=LINE('',#10867,#5290);
#4415=LINE('',#10869,#5291);
#4416=LINE('',#10871,#5292);
#4417=LINE('',#10873,#5293);
#4418=LINE('',#10875,#5294);
#4419=LINE('',#10877,#5295);
#4420=LINE('',#10879,#5296);
#4421=LINE('',#10881,#5297);
#4422=LINE('',#10883,#5298);
#4423=LINE('',#10885,#5299);
#4424=LINE('',#10887,#5300);
#4425=LINE('',#10889,#5301);
#4426=LINE('',#10891,#5302);
#4427=LINE('',#10893,#5303);
#4428=LINE('',#10895,#5304);
#4429=LINE('',#10897,#5305);
#4430=LINE('',#10899,#5306);
#4431=LINE('',#10901,#5307);
#4432=LINE('',#10903,#5308);
#4433=LINE('',#10905,#5309);
#4434=LINE('',#10907,#5310);
#4435=LINE('',#10914,#5311);
#4436=LINE('',#10918,#5312);
#4437=LINE('',#10922,#5313);
#4438=LINE('',#10926,#5314);
#4439=LINE('',#10927,#5315);
#4440=LINE('',#10932,#5316);
#4441=LINE('',#10936,#5317);
#4442=LINE('',#10940,#5318);
#4443=LINE('',#10944,#5319);
#4444=LINE('',#10946,#5320);
#4445=LINE('',#10948,#5321);
#4446=LINE('',#10950,#5322);
#4447=LINE('',#10954,#5323);
#4448=LINE('',#10956,#5324);
#4449=LINE('',#10958,#5325);
#4450=LINE('',#10962,#5326);
#4451=LINE('',#10964,#5327);
#4452=LINE('',#10966,#5328);
#4453=LINE('',#10970,#5329);
#4454=LINE('',#10972,#5330);
#4455=LINE('',#10977,#5331);
#4456=LINE('',#10979,#5332);
#4457=LINE('',#10981,#5333);
#4458=LINE('',#10985,#5334);
#4459=LINE('',#10987,#5335);
#4460=LINE('',#10989,#5336);
#4461=LINE('',#10993,#5337);
#4462=LINE('',#10995,#5338);
#4463=LINE('',#10997,#5339);
#4464=LINE('',#11001,#5340);
#4465=LINE('',#11003,#5341);
#4466=LINE('',#11005,#5342);
#4467=LINE('',#11015,#5343);
#4468=LINE('',#11018,#5344);
#4469=LINE('',#11020,#5345);
#4470=LINE('',#11022,#5346);
#4471=LINE('',#11024,#5347);
#4472=LINE('',#11026,#5348);
#4473=LINE('',#11028,#5349);
#4474=LINE('',#11030,#5350);
#4475=LINE('',#11032,#5351);
#4476=LINE('',#11034,#5352);
#4477=LINE('',#11036,#5353);
#4478=LINE('',#11038,#5354);
#4479=LINE('',#11040,#5355);
#4480=LINE('',#11042,#5356);
#4481=LINE('',#11044,#5357);
#4482=LINE('',#11046,#5358);
#4483=LINE('',#11048,#5359);
#4484=LINE('',#11050,#5360);
#4485=LINE('',#11052,#5361);
#4486=LINE('',#11054,#5362);
#4487=LINE('',#11056,#5363);
#4488=LINE('',#11058,#5364);
#4489=LINE('',#11060,#5365);
#4490=LINE('',#11062,#5366);
#4491=LINE('',#11064,#5367);
#4492=LINE('',#11066,#5368);
#4493=LINE('',#11068,#5369);
#4494=LINE('',#11070,#5370);
#4495=LINE('',#11072,#5371);
#4496=LINE('',#11074,#5372);
#4497=LINE('',#11076,#5373);
#4498=LINE('',#11078,#5374);
#4499=LINE('',#11080,#5375);
#4500=LINE('',#11082,#5376);
#4501=LINE('',#11084,#5377);
#4502=LINE('',#11086,#5378);
#4503=LINE('',#11090,#5379);
#4504=LINE('',#11093,#5380);
#4505=LINE('',#11095,#5381);
#4506=LINE('',#11097,#5382);
#4507=LINE('',#11099,#5383);
#4508=LINE('',#11101,#5384);
#4509=LINE('',#11103,#5385);
#4510=LINE('',#11105,#5386);
#4511=LINE('',#11107,#5387);
#4512=LINE('',#11110,#5388);
#4513=LINE('',#11112,#5389);
#4514=LINE('',#11114,#5390);
#4515=LINE('',#11116,#5391);
#4516=LINE('',#11118,#5392);
#4517=LINE('',#11120,#5393);
#4518=LINE('',#11122,#5394);
#4519=LINE('',#11124,#5395);
#4520=LINE('',#11127,#5396);
#4521=LINE('',#11131,#5397);
#4522=LINE('',#11134,#5398);
#4523=LINE('',#11138,#5399);
#4524=LINE('',#11142,#5400);
#4525=LINE('',#11144,#5401);
#4526=LINE('',#11148,#5402);
#4527=LINE('',#11152,#5403);
#4528=LINE('',#11154,#5404);
#4529=LINE('',#11159,#5405);
#4530=LINE('',#11161,#5406);
#4531=LINE('',#11169,#5407);
#4532=LINE('',#11172,#5408);
#4533=LINE('',#11174,#5409);
#4534=LINE('',#11176,#5410);
#4535=LINE('',#11178,#5411);
#4536=LINE('',#11180,#5412);
#4537=LINE('',#11182,#5413);
#4538=LINE('',#11184,#5414);
#4539=LINE('',#11186,#5415);
#4540=LINE('',#11188,#5416);
#4541=LINE('',#11190,#5417);
#4542=LINE('',#11192,#5418);
#4543=LINE('',#11194,#5419);
#4544=LINE('',#11196,#5420);
#4545=LINE('',#11198,#5421);
#4546=LINE('',#11200,#5422);
#4547=LINE('',#11202,#5423);
#4548=LINE('',#11204,#5424);
#4549=LINE('',#11206,#5425);
#4550=LINE('',#11208,#5426);
#4551=LINE('',#11210,#5427);
#4552=LINE('',#11212,#5428);
#4553=LINE('',#11214,#5429);
#4554=LINE('',#11216,#5430);
#4555=LINE('',#11218,#5431);
#4556=LINE('',#11220,#5432);
#4557=LINE('',#11222,#5433);
#4558=LINE('',#11224,#5434);
#4559=LINE('',#11226,#5435);
#4560=LINE('',#11228,#5436);
#4561=LINE('',#11230,#5437);
#4562=LINE('',#11232,#5438);
#4563=LINE('',#11234,#5439);
#4564=LINE('',#11236,#5440);
#4565=LINE('',#11238,#5441);
#4566=LINE('',#11240,#5442);
#4567=LINE('',#11244,#5443);
#4568=LINE('',#11247,#5444);
#4569=LINE('',#11249,#5445);
#4570=LINE('',#11251,#5446);
#4571=LINE('',#11253,#5447);
#4572=LINE('',#11255,#5448);
#4573=LINE('',#11257,#5449);
#4574=LINE('',#11259,#5450);
#4575=LINE('',#11261,#5451);
#4576=LINE('',#11264,#5452);
#4577=LINE('',#11266,#5453);
#4578=LINE('',#11268,#5454);
#4579=LINE('',#11270,#5455);
#4580=LINE('',#11272,#5456);
#4581=LINE('',#11274,#5457);
#4582=LINE('',#11276,#5458);
#4583=LINE('',#11278,#5459);
#4584=LINE('',#11281,#5460);
#4585=LINE('',#11285,#5461);
#4586=LINE('',#11288,#5462);
#4587=LINE('',#11292,#5463);
#4588=LINE('',#11296,#5464);
#4589=LINE('',#11298,#5465);
#4590=LINE('',#11302,#5466);
#4591=LINE('',#11306,#5467);
#4592=LINE('',#11308,#5468);
#4593=LINE('',#11313,#5469);
#4594=LINE('',#11315,#5470);
#4595=LINE('',#11323,#5471);
#4596=LINE('',#11326,#5472);
#4597=LINE('',#11328,#5473);
#4598=LINE('',#11330,#5474);
#4599=LINE('',#11332,#5475);
#4600=LINE('',#11334,#5476);
#4601=LINE('',#11336,#5477);
#4602=LINE('',#11338,#5478);
#4603=LINE('',#11340,#5479);
#4604=LINE('',#11342,#5480);
#4605=LINE('',#11344,#5481);
#4606=LINE('',#11346,#5482);
#4607=LINE('',#11348,#5483);
#4608=LINE('',#11350,#5484);
#4609=LINE('',#11352,#5485);
#4610=LINE('',#11354,#5486);
#4611=LINE('',#11356,#5487);
#4612=LINE('',#11358,#5488);
#4613=LINE('',#11360,#5489);
#4614=LINE('',#11362,#5490);
#4615=LINE('',#11364,#5491);
#4616=LINE('',#11366,#5492);
#4617=LINE('',#11368,#5493);
#4618=LINE('',#11370,#5494);
#4619=LINE('',#11372,#5495);
#4620=LINE('',#11374,#5496);
#4621=LINE('',#11376,#5497);
#4622=LINE('',#11378,#5498);
#4623=LINE('',#11380,#5499);
#4624=LINE('',#11382,#5500);
#4625=LINE('',#11384,#5501);
#4626=LINE('',#11386,#5502);
#4627=LINE('',#11388,#5503);
#4628=LINE('',#11390,#5504);
#4629=LINE('',#11392,#5505);
#4630=LINE('',#11394,#5506);
#4631=LINE('',#11401,#5507);
#4632=LINE('',#11405,#5508);
#4633=LINE('',#11409,#5509);
#4634=LINE('',#11413,#5510);
#4635=LINE('',#11417,#5511);
#4636=LINE('',#11421,#5512);
#4637=LINE('',#11425,#5513);
#4638=LINE('',#11429,#5514);
#4639=LINE('',#11433,#5515);
#4640=LINE('',#11437,#5516);
#4641=LINE('',#11441,#5517);
#4642=LINE('',#11445,#5518);
#4643=LINE('',#11447,#5519);
#4644=LINE('',#11451,#5520);
#4645=LINE('',#11453,#5521);
#4646=LINE('',#11455,#5522);
#4647=LINE('',#11457,#5523);
#4648=LINE('',#11461,#5524);
#4649=LINE('',#11463,#5525);
#4650=LINE('',#11465,#5526);
#4651=LINE('',#11469,#5527);
#4652=LINE('',#11471,#5528);
#4653=LINE('',#11473,#5529);
#4654=LINE('',#11477,#5530);
#4655=LINE('',#11479,#5531);
#4656=LINE('',#11481,#5532);
#4657=LINE('',#11485,#5533);
#4658=LINE('',#11487,#5534);
#4659=LINE('',#11489,#5535);
#4660=LINE('',#11493,#5536);
#4661=LINE('',#11495,#5537);
#4662=LINE('',#11497,#5538);
#4663=LINE('',#11501,#5539);
#4664=LINE('',#11503,#5540);
#4665=LINE('',#11505,#5541);
#4666=LINE('',#11509,#5542);
#4667=LINE('',#11512,#5543);
#4668=LINE('',#11514,#5544);
#4669=LINE('',#11516,#5545);
#4670=LINE('',#11520,#5546);
#4671=LINE('',#11522,#5547);
#4672=LINE('',#11524,#5548);
#4673=LINE('',#11528,#5549);
#4674=LINE('',#11530,#5550);
#4675=LINE('',#11532,#5551);
#4676=LINE('',#11536,#5552);
#4677=LINE('',#11538,#5553);
#4678=LINE('',#11540,#5554);
#4679=LINE('',#11550,#5555);
#4680=LINE('',#11553,#5556);
#4681=LINE('',#11555,#5557);
#4682=LINE('',#11557,#5558);
#4683=LINE('',#11559,#5559);
#4684=LINE('',#11561,#5560);
#4685=LINE('',#11563,#5561);
#4686=LINE('',#11565,#5562);
#4687=LINE('',#11567,#5563);
#4688=LINE('',#11569,#5564);
#4689=LINE('',#11571,#5565);
#4690=LINE('',#11573,#5566);
#4691=LINE('',#11575,#5567);
#4692=LINE('',#11577,#5568);
#4693=LINE('',#11579,#5569);
#4694=LINE('',#11581,#5570);
#4695=LINE('',#11583,#5571);
#4696=LINE('',#11585,#5572);
#4697=LINE('',#11587,#5573);
#4698=LINE('',#11589,#5574);
#4699=LINE('',#11591,#5575);
#4700=LINE('',#11593,#5576);
#4701=LINE('',#11595,#5577);
#4702=LINE('',#11597,#5578);
#4703=LINE('',#11599,#5579);
#4704=LINE('',#11601,#5580);
#4705=LINE('',#11603,#5581);
#4706=LINE('',#11605,#5582);
#4707=LINE('',#11607,#5583);
#4708=LINE('',#11609,#5584);
#4709=LINE('',#11611,#5585);
#4710=LINE('',#11613,#5586);
#4711=LINE('',#11615,#5587);
#4712=LINE('',#11617,#5588);
#4713=LINE('',#11619,#5589);
#4714=LINE('',#11621,#5590);
#4715=LINE('',#11628,#5591);
#4716=LINE('',#11632,#5592);
#4717=LINE('',#11636,#5593);
#4718=LINE('',#11640,#5594);
#4719=LINE('',#11641,#5595);
#4720=LINE('',#11646,#5596);
#4721=LINE('',#11650,#5597);
#4722=LINE('',#11654,#5598);
#4723=LINE('',#11658,#5599);
#4724=LINE('',#11662,#5600);
#4725=LINE('',#11666,#5601);
#4726=LINE('',#11668,#5602);
#4727=LINE('',#11670,#5603);
#4728=LINE('',#11672,#5604);
#4729=LINE('',#11676,#5605);
#4730=LINE('',#11678,#5606);
#4731=LINE('',#11680,#5607);
#4732=LINE('',#11684,#5608);
#4733=LINE('',#11686,#5609);
#4734=LINE('',#11688,#5610);
#4735=LINE('',#11692,#5611);
#4736=LINE('',#11694,#5612);
#4737=LINE('',#11696,#5613);
#4738=LINE('',#11700,#5614);
#4739=LINE('',#11702,#5615);
#4740=LINE('',#11704,#5616);
#4741=LINE('',#11708,#5617);
#4742=LINE('',#11710,#5618);
#4743=LINE('',#11715,#5619);
#4744=LINE('',#11717,#5620);
#4745=LINE('',#11719,#5621);
#4746=LINE('',#11723,#5622);
#4747=LINE('',#11725,#5623);
#4748=LINE('',#11727,#5624);
#4749=LINE('',#11731,#5625);
#4750=LINE('',#11733,#5626);
#4751=LINE('',#11735,#5627);
#4752=LINE('',#11739,#5628);
#4753=LINE('',#11741,#5629);
#4754=LINE('',#11743,#5630);
#4755=LINE('',#11753,#5631);
#4756=LINE('',#11756,#5632);
#4757=LINE('',#11758,#5633);
#4758=LINE('',#11760,#5634);
#4759=LINE('',#11762,#5635);
#4760=LINE('',#11764,#5636);
#4761=LINE('',#11766,#5637);
#4762=LINE('',#11768,#5638);
#4763=LINE('',#11770,#5639);
#4764=LINE('',#11772,#5640);
#4765=LINE('',#11774,#5641);
#4766=LINE('',#11776,#5642);
#4767=LINE('',#11778,#5643);
#4768=LINE('',#11780,#5644);
#4769=LINE('',#11782,#5645);
#4770=LINE('',#11784,#5646);
#4771=LINE('',#11786,#5647);
#4772=LINE('',#11788,#5648);
#4773=LINE('',#11790,#5649);
#4774=LINE('',#11792,#5650);
#4775=LINE('',#11794,#5651);
#4776=LINE('',#11796,#5652);
#4777=LINE('',#11798,#5653);
#4778=LINE('',#11800,#5654);
#4779=LINE('',#11802,#5655);
#4780=LINE('',#11804,#5656);
#4781=LINE('',#11806,#5657);
#4782=LINE('',#11808,#5658);
#4783=LINE('',#11810,#5659);
#4784=LINE('',#11812,#5660);
#4785=LINE('',#11814,#5661);
#4786=LINE('',#11816,#5662);
#4787=LINE('',#11818,#5663);
#4788=LINE('',#11820,#5664);
#4789=LINE('',#11822,#5665);
#4790=LINE('',#11824,#5666);
#4791=LINE('',#11831,#5667);
#4792=LINE('',#11835,#5668);
#4793=LINE('',#11839,#5669);
#4794=LINE('',#11843,#5670);
#4795=LINE('',#11844,#5671);
#4796=LINE('',#11849,#5672);
#4797=LINE('',#11853,#5673);
#4798=LINE('',#11857,#5674);
#4799=LINE('',#11861,#5675);
#4800=LINE('',#11865,#5676);
#4801=LINE('',#11869,#5677);
#4802=LINE('',#11873,#5678);
#4803=LINE('',#11877,#5679);
#4804=LINE('',#11879,#5680);
#4805=LINE('',#11881,#5681);
#4806=LINE('',#11883,#5682);
#4807=LINE('',#11887,#5683);
#4808=LINE('',#11889,#5684);
#4809=LINE('',#11891,#5685);
#4810=LINE('',#11895,#5686);
#4811=LINE('',#11897,#5687);
#4812=LINE('',#11899,#5688);
#4813=LINE('',#11903,#5689);
#4814=LINE('',#11905,#5690);
#4815=LINE('',#11907,#5691);
#4816=LINE('',#11911,#5692);
#4817=LINE('',#11913,#5693);
#4818=LINE('',#11915,#5694);
#4819=LINE('',#11919,#5695);
#4820=LINE('',#11921,#5696);
#4821=LINE('',#11923,#5697);
#4822=LINE('',#11927,#5698);
#4823=LINE('',#11929,#5699);
#4824=LINE('',#11931,#5700);
#4825=LINE('',#11935,#5701);
#4826=LINE('',#11937,#5702);
#4827=LINE('',#11942,#5703);
#4828=LINE('',#11944,#5704);
#4829=LINE('',#11946,#5705);
#4830=LINE('',#11950,#5706);
#4831=LINE('',#11952,#5707);
#4832=LINE('',#11954,#5708);
#4833=LINE('',#11958,#5709);
#4834=LINE('',#11960,#5710);
#4835=LINE('',#11962,#5711);
#4836=LINE('',#11966,#5712);
#4837=LINE('',#11968,#5713);
#4838=LINE('',#11970,#5714);
#4839=LINE('',#11980,#5715);
#4840=LINE('',#11983,#5716);
#4841=LINE('',#11985,#5717);
#4842=LINE('',#11987,#5718);
#4843=LINE('',#11989,#5719);
#4844=LINE('',#11991,#5720);
#4845=LINE('',#11993,#5721);
#4846=LINE('',#11995,#5722);
#4847=LINE('',#11997,#5723);
#4848=LINE('',#11999,#5724);
#4849=LINE('',#12001,#5725);
#4850=LINE('',#12003,#5726);
#4851=LINE('',#12005,#5727);
#4852=LINE('',#12007,#5728);
#4853=LINE('',#12009,#5729);
#4854=LINE('',#12011,#5730);
#4855=LINE('',#12013,#5731);
#4856=LINE('',#12015,#5732);
#4857=LINE('',#12017,#5733);
#4858=LINE('',#12019,#5734);
#4859=LINE('',#12021,#5735);
#4860=LINE('',#12023,#5736);
#4861=LINE('',#12025,#5737);
#4862=LINE('',#12027,#5738);
#4863=LINE('',#12029,#5739);
#4864=LINE('',#12031,#5740);
#4865=LINE('',#12033,#5741);
#4866=LINE('',#12035,#5742);
#4867=LINE('',#12037,#5743);
#4868=LINE('',#12039,#5744);
#4869=LINE('',#12041,#5745);
#4870=LINE('',#12043,#5746);
#4871=LINE('',#12045,#5747);
#4872=LINE('',#12047,#5748);
#4873=LINE('',#12049,#5749);
#4874=LINE('',#12051,#5750);
#4875=LINE('',#12055,#5751);
#4876=LINE('',#12058,#5752);
#4877=LINE('',#12060,#5753);
#4878=LINE('',#12062,#5754);
#4879=LINE('',#12064,#5755);
#4880=LINE('',#12066,#5756);
#4881=LINE('',#12068,#5757);
#4882=LINE('',#12070,#5758);
#4883=LINE('',#12072,#5759);
#4884=LINE('',#12075,#5760);
#4885=LINE('',#12077,#5761);
#4886=LINE('',#12079,#5762);
#4887=LINE('',#12081,#5763);
#4888=LINE('',#12083,#5764);
#4889=LINE('',#12085,#5765);
#4890=LINE('',#12087,#5766);
#4891=LINE('',#12089,#5767);
#4892=LINE('',#12092,#5768);
#4893=LINE('',#12096,#5769);
#4894=LINE('',#12099,#5770);
#4895=LINE('',#12103,#5771);
#4896=LINE('',#12107,#5772);
#4897=LINE('',#12109,#5773);
#4898=LINE('',#12113,#5774);
#4899=LINE('',#12117,#5775);
#4900=LINE('',#12119,#5776);
#4901=LINE('',#12124,#5777);
#4902=LINE('',#12126,#5778);
#4903=LINE('',#12134,#5779);
#4904=LINE('',#12137,#5780);
#4905=LINE('',#12139,#5781);
#4906=LINE('',#12141,#5782);
#4907=LINE('',#12143,#5783);
#4908=LINE('',#12145,#5784);
#4909=LINE('',#12147,#5785);
#4910=LINE('',#12149,#5786);
#4911=LINE('',#12151,#5787);
#4912=LINE('',#12153,#5788);
#4913=LINE('',#12155,#5789);
#4914=LINE('',#12157,#5790);
#4915=LINE('',#12159,#5791);
#4916=LINE('',#12161,#5792);
#4917=LINE('',#12163,#5793);
#4918=LINE('',#12165,#5794);
#4919=LINE('',#12167,#5795);
#4920=LINE('',#12169,#5796);
#4921=LINE('',#12171,#5797);
#4922=LINE('',#12173,#5798);
#4923=LINE('',#12175,#5799);
#4924=LINE('',#12177,#5800);
#4925=LINE('',#12179,#5801);
#4926=LINE('',#12181,#5802);
#4927=LINE('',#12183,#5803);
#4928=LINE('',#12185,#5804);
#4929=LINE('',#12187,#5805);
#4930=LINE('',#12189,#5806);
#4931=LINE('',#12191,#5807);
#4932=LINE('',#12193,#5808);
#4933=LINE('',#12195,#5809);
#4934=LINE('',#12197,#5810);
#4935=LINE('',#12199,#5811);
#4936=LINE('',#12201,#5812);
#4937=LINE('',#12203,#5813);
#4938=LINE('',#12205,#5814);
#4939=LINE('',#12212,#5815);
#4940=LINE('',#12216,#5816);
#4941=LINE('',#12220,#5817);
#4942=LINE('',#12224,#5818);
#4943=LINE('',#12225,#5819);
#4944=LINE('',#12230,#5820);
#4945=LINE('',#12234,#5821);
#4946=LINE('',#12238,#5822);
#4947=LINE('',#12242,#5823);
#4948=LINE('',#12246,#5824);
#4949=LINE('',#12250,#5825);
#4950=LINE('',#12254,#5826);
#4951=LINE('',#12258,#5827);
#4952=LINE('',#12260,#5828);
#4953=LINE('',#12262,#5829);
#4954=LINE('',#12264,#5830);
#4955=LINE('',#12268,#5831);
#4956=LINE('',#12270,#5832);
#4957=LINE('',#12272,#5833);
#4958=LINE('',#12276,#5834);
#4959=LINE('',#12278,#5835);
#4960=LINE('',#12280,#5836);
#4961=LINE('',#12284,#5837);
#4962=LINE('',#12286,#5838);
#4963=LINE('',#12288,#5839);
#4964=LINE('',#12292,#5840);
#4965=LINE('',#12294,#5841);
#4966=LINE('',#12296,#5842);
#4967=LINE('',#12300,#5843);
#4968=LINE('',#12302,#5844);
#4969=LINE('',#12304,#5845);
#4970=LINE('',#12308,#5846);
#4971=LINE('',#12310,#5847);
#4972=LINE('',#12312,#5848);
#4973=LINE('',#12316,#5849);
#4974=LINE('',#12318,#5850);
#4975=LINE('',#12323,#5851);
#4976=LINE('',#12325,#5852);
#4977=LINE('',#12327,#5853);
#4978=LINE('',#12331,#5854);
#4979=LINE('',#12333,#5855);
#4980=LINE('',#12335,#5856);
#4981=LINE('',#12339,#5857);
#4982=LINE('',#12341,#5858);
#4983=LINE('',#12343,#5859);
#4984=LINE('',#12347,#5860);
#4985=LINE('',#12349,#5861);
#4986=LINE('',#12351,#5862);
#4987=LINE('',#12361,#5863);
#4988=LINE('',#12364,#5864);
#4989=LINE('',#12366,#5865);
#4990=LINE('',#12368,#5866);
#4991=LINE('',#12370,#5867);
#4992=LINE('',#12372,#5868);
#4993=LINE('',#12374,#5869);
#4994=LINE('',#12376,#5870);
#4995=LINE('',#12378,#5871);
#4996=LINE('',#12380,#5872);
#4997=LINE('',#12382,#5873);
#4998=LINE('',#12384,#5874);
#4999=LINE('',#12386,#5875);
#5000=LINE('',#12388,#5876);
#5001=LINE('',#12390,#5877);
#5002=LINE('',#12392,#5878);
#5003=LINE('',#12394,#5879);
#5004=LINE('',#12396,#5880);
#5005=LINE('',#12398,#5881);
#5006=LINE('',#12400,#5882);
#5007=LINE('',#12402,#5883);
#5008=LINE('',#12404,#5884);
#5009=LINE('',#12406,#5885);
#5010=LINE('',#12408,#5886);
#5011=LINE('',#12410,#5887);
#5012=LINE('',#12412,#5888);
#5013=LINE('',#12414,#5889);
#5014=LINE('',#12416,#5890);
#5015=LINE('',#12418,#5891);
#5016=LINE('',#12420,#5892);
#5017=LINE('',#12422,#5893);
#5018=LINE('',#12424,#5894);
#5019=LINE('',#12426,#5895);
#5020=LINE('',#12428,#5896);
#5021=LINE('',#12430,#5897);
#5022=LINE('',#12432,#5898);
#5023=LINE('',#12439,#5899);
#5024=LINE('',#12443,#5900);
#5025=LINE('',#12447,#5901);
#5026=LINE('',#12451,#5902);
#5027=LINE('',#12455,#5903);
#5028=LINE('',#12459,#5904);
#5029=LINE('',#12463,#5905);
#5030=LINE('',#12467,#5906);
#5031=LINE('',#12471,#5907);
#5032=LINE('',#12475,#5908);
#5033=LINE('',#12479,#5909);
#5034=LINE('',#12483,#5910);
#5035=LINE('',#12487,#5911);
#5036=LINE('',#12491,#5912);
#5037=LINE('',#12493,#5913);
#5038=LINE('',#12497,#5914);
#5039=LINE('',#12499,#5915);
#5040=LINE('',#12501,#5916);
#5041=LINE('',#12503,#5917);
#5042=LINE('',#12507,#5918);
#5043=LINE('',#12509,#5919);
#5044=LINE('',#12511,#5920);
#5045=LINE('',#12515,#5921);
#5046=LINE('',#12517,#5922);
#5047=LINE('',#12519,#5923);
#5048=LINE('',#12523,#5924);
#5049=LINE('',#12525,#5925);
#5050=LINE('',#12527,#5926);
#5051=LINE('',#12531,#5927);
#5052=LINE('',#12533,#5928);
#5053=LINE('',#12535,#5929);
#5054=LINE('',#12539,#5930);
#5055=LINE('',#12541,#5931);
#5056=LINE('',#12543,#5932);
#5057=LINE('',#12547,#5933);
#5058=LINE('',#12549,#5934);
#5059=LINE('',#12551,#5935);
#5060=LINE('',#12555,#5936);
#5061=LINE('',#12557,#5937);
#5062=LINE('',#12559,#5938);
#5063=LINE('',#12563,#5939);
#5064=LINE('',#12565,#5940);
#5065=LINE('',#12567,#5941);
#5066=LINE('',#12571,#5942);
#5067=LINE('',#12574,#5943);
#5068=LINE('',#12576,#5944);
#5069=LINE('',#12578,#5945);
#5070=LINE('',#12582,#5946);
#5071=LINE('',#12584,#5947);
#5072=LINE('',#12586,#5948);
#5073=LINE('',#12590,#5949);
#5074=LINE('',#12592,#5950);
#5075=LINE('',#12594,#5951);
#5076=LINE('',#12598,#5952);
#5077=LINE('',#12600,#5953);
#5078=LINE('',#12602,#5954);
#5079=LINE('',#12612,#5955);
#5080=LINE('',#12615,#5956);
#5081=LINE('',#12617,#5957);
#5082=LINE('',#12619,#5958);
#5083=LINE('',#12621,#5959);
#5084=LINE('',#12623,#5960);
#5085=LINE('',#12625,#5961);
#5086=LINE('',#12627,#5962);
#5087=LINE('',#12629,#5963);
#5088=LINE('',#12631,#5964);
#5089=LINE('',#12633,#5965);
#5090=LINE('',#12635,#5966);
#5091=LINE('',#12637,#5967);
#5092=LINE('',#12639,#5968);
#5093=LINE('',#12641,#5969);
#5094=LINE('',#12643,#5970);
#5095=LINE('',#12645,#5971);
#5096=LINE('',#12647,#5972);
#5097=LINE('',#12649,#5973);
#5098=LINE('',#12651,#5974);
#5099=LINE('',#12653,#5975);
#5100=LINE('',#12655,#5976);
#5101=LINE('',#12657,#5977);
#5102=LINE('',#12659,#5978);
#5103=LINE('',#12661,#5979);
#5104=LINE('',#12663,#5980);
#5105=LINE('',#12665,#5981);
#5106=LINE('',#12667,#5982);
#5107=LINE('',#12669,#5983);
#5108=LINE('',#12671,#5984);
#5109=LINE('',#12673,#5985);
#5110=LINE('',#12675,#5986);
#5111=LINE('',#12677,#5987);
#5112=LINE('',#12679,#5988);
#5113=LINE('',#12681,#5989);
#5114=LINE('',#12683,#5990);
#5115=LINE('',#12687,#5991);
#5116=LINE('',#12690,#5992);
#5117=LINE('',#12692,#5993);
#5118=LINE('',#12694,#5994);
#5119=LINE('',#12696,#5995);
#5120=LINE('',#12698,#5996);
#5121=LINE('',#12700,#5997);
#5122=LINE('',#12702,#5998);
#5123=LINE('',#12704,#5999);
#5124=LINE('',#12707,#6000);
#5125=LINE('',#12709,#6001);
#5126=LINE('',#12711,#6002);
#5127=LINE('',#12713,#6003);
#5128=LINE('',#12715,#6004);
#5129=LINE('',#12717,#6005);
#5130=LINE('',#12719,#6006);
#5131=LINE('',#12721,#6007);
#5132=LINE('',#12724,#6008);
#5133=LINE('',#12728,#6009);
#5134=LINE('',#12731,#6010);
#5135=LINE('',#12735,#6011);
#5136=LINE('',#12739,#6012);
#5137=LINE('',#12741,#6013);
#5138=LINE('',#12745,#6014);
#5139=LINE('',#12749,#6015);
#5140=LINE('',#12751,#6016);
#5141=LINE('',#12756,#6017);
#5142=LINE('',#12758,#6018);
#5143=LINE('',#12766,#6019);
#5144=LINE('',#12769,#6020);
#5145=LINE('',#12771,#6021);
#5146=LINE('',#12773,#6022);
#5147=LINE('',#12775,#6023);
#5148=LINE('',#12777,#6024);
#5149=LINE('',#12779,#6025);
#5150=LINE('',#12781,#6026);
#5151=LINE('',#12783,#6027);
#5152=LINE('',#12785,#6028);
#5153=LINE('',#12787,#6029);
#5154=LINE('',#12789,#6030);
#5155=LINE('',#12791,#6031);
#5156=LINE('',#12793,#6032);
#5157=LINE('',#12795,#6033);
#5158=LINE('',#12797,#6034);
#5159=LINE('',#12799,#6035);
#5160=LINE('',#12801,#6036);
#5161=LINE('',#12803,#6037);
#5162=LINE('',#12805,#6038);
#5163=LINE('',#12807,#6039);
#5164=LINE('',#12809,#6040);
#5165=LINE('',#12811,#6041);
#5166=LINE('',#12813,#6042);
#5167=LINE('',#12815,#6043);
#5168=LINE('',#12817,#6044);
#5169=LINE('',#12819,#6045);
#5170=LINE('',#12821,#6046);
#5171=LINE('',#12823,#6047);
#5172=LINE('',#12825,#6048);
#5173=LINE('',#12827,#6049);
#5174=LINE('',#12829,#6050);
#5175=LINE('',#12831,#6051);
#5176=LINE('',#12833,#6052);
#5177=LINE('',#12835,#6053);
#5178=LINE('',#12837,#6054);
#5179=LINE('',#12844,#6055);
#5180=LINE('',#12848,#6056);
#5181=LINE('',#12852,#6057);
#5182=LINE('',#12856,#6058);
#5183=LINE('',#12860,#6059);
#5184=LINE('',#12864,#6060);
#5185=LINE('',#12868,#6061);
#5186=LINE('',#12872,#6062);
#5187=LINE('',#12874,#6063);
#5188=LINE('',#12878,#6064);
#5189=LINE('',#12880,#6065);
#5190=LINE('',#12882,#6066);
#5191=LINE('',#12884,#6067);
#5192=LINE('',#12888,#6068);
#5193=LINE('',#12890,#6069);
#5194=LINE('',#12892,#6070);
#5195=LINE('',#12896,#6071);
#5196=LINE('',#12898,#6072);
#5197=LINE('',#12900,#6073);
#5198=LINE('',#12904,#6074);
#5199=LINE('',#12907,#6075);
#5200=LINE('',#12909,#6076);
#5201=LINE('',#12911,#6077);
#5202=LINE('',#12915,#6078);
#5203=LINE('',#12917,#6079);
#5204=LINE('',#12919,#6080);
#5205=LINE('',#12923,#6081);
#5206=LINE('',#12925,#6082);
#5207=LINE('',#12927,#6083);
#5208=LINE('',#12931,#6084);
#5209=LINE('',#12933,#6085);
#5210=LINE('',#12935,#6086);
#5211=LINE('',#12945,#6087);
#5212=LINE('',#12948,#6088);
#5213=LINE('',#12950,#6089);
#5214=LINE('',#12952,#6090);
#5215=LINE('',#12954,#6091);
#5216=LINE('',#12956,#6092);
#5217=LINE('',#12958,#6093);
#5218=LINE('',#12960,#6094);
#5219=LINE('',#12962,#6095);
#5220=LINE('',#12964,#6096);
#5221=LINE('',#12966,#6097);
#5222=LINE('',#12968,#6098);
#5223=LINE('',#12970,#6099);
#5224=LINE('',#12972,#6100);
#5225=LINE('',#12974,#6101);
#5226=LINE('',#12976,#6102);
#5227=LINE('',#12978,#6103);
#5228=LINE('',#12980,#6104);
#5229=LINE('',#12982,#6105);
#5230=LINE('',#12984,#6106);
#5231=LINE('',#12986,#6107);
#5232=LINE('',#12988,#6108);
#5233=LINE('',#12990,#6109);
#5234=LINE('',#12992,#6110);
#5235=LINE('',#12994,#6111);
#5236=LINE('',#12996,#6112);
#5237=LINE('',#12998,#6113);
#5238=LINE('',#13000,#6114);
#5239=LINE('',#13002,#6115);
#5240=LINE('',#13004,#6116);
#5241=LINE('',#13006,#6117);
#5242=LINE('',#13008,#6118);
#5243=LINE('',#13010,#6119);
#5244=LINE('',#13012,#6120);
#5245=LINE('',#13014,#6121);
#5246=LINE('',#13016,#6122);
#5247=VECTOR('',#8581,1.);
#5248=VECTOR('',#8582,1.);
#5249=VECTOR('',#8583,1.);
#5250=VECTOR('',#8584,1.);
#5251=VECTOR('',#8585,1.);
#5252=VECTOR('',#8586,1.);
#5253=VECTOR('',#8587,1.);
#5254=VECTOR('',#8588,1.);
#5255=VECTOR('',#8591,1.);
#5256=VECTOR('',#8592,1.);
#5257=VECTOR('',#8593,1.);
#5258=VECTOR('',#8594,1.);
#5259=VECTOR('',#8595,1.);
#5260=VECTOR('',#8596,1.);
#5261=VECTOR('',#8597,1.);
#5262=VECTOR('',#8598,1.);
#5263=VECTOR('',#8601,1.);
#5264=VECTOR('',#8604,1.);
#5265=VECTOR('',#8609,1.);
#5266=VECTOR('',#8612,1.);
#5267=VECTOR('',#8617,1.);
#5268=VECTOR('',#8622,1.);
#5269=VECTOR('',#8623,1.);
#5270=VECTOR('',#8630,1.);
#5271=VECTOR('',#8635,1.);
#5272=VECTOR('',#8636,1.);
#5273=VECTOR('',#8645,1.);
#5274=VECTOR('',#8648,1.);
#5275=VECTOR('',#8659,1.);
#5276=VECTOR('',#8660,1.);
#5277=VECTOR('',#8661,1.);
#5278=VECTOR('',#8662,1.);
#5279=VECTOR('',#8663,1.);
#5280=VECTOR('',#8664,1.);
#5281=VECTOR('',#8665,1.);
#5282=VECTOR('',#8666,1.);
#5283=VECTOR('',#8667,1.);
#5284=VECTOR('',#8668,1.);
#5285=VECTOR('',#8669,1.);
#5286=VECTOR('',#8670,1.);
#5287=VECTOR('',#8673,1.);
#5288=VECTOR('',#8674,1.);
#5289=VECTOR('',#8675,1.);
#5290=VECTOR('',#8678,1.);
#5291=VECTOR('',#8679,1.);
#5292=VECTOR('',#8682,1.);
#5293=VECTOR('',#8683,1.);
#5294=VECTOR('',#8686,1.);
#5295=VECTOR('',#8687,1.);
#5296=VECTOR('',#8690,1.);
#5297=VECTOR('',#8691,1.);
#5298=VECTOR('',#8694,1.);
#5299=VECTOR('',#8695,1.);
#5300=VECTOR('',#8698,1.);
#5301=VECTOR('',#8699,1.);
#5302=VECTOR('',#8702,1.);
#5303=VECTOR('',#8703,1.);
#5304=VECTOR('',#8706,1.);
#5305=VECTOR('',#8707,1.);
#5306=VECTOR('',#8710,1.);
#5307=VECTOR('',#8711,1.);
#5308=VECTOR('',#8714,1.);
#5309=VECTOR('',#8715,1.);
#5310=VECTOR('',#8718,1.);
#5311=VECTOR('',#8727,1.);
#5312=VECTOR('',#8730,1.);
#5313=VECTOR('',#8733,1.);
#5314=VECTOR('',#8736,1.);
#5315=VECTOR('',#8737,1.);
#5316=VECTOR('',#8740,1.);
#5317=VECTOR('',#8743,1.);
#5318=VECTOR('',#8746,1.);
#5319=VECTOR('',#8751,1.);
#5320=VECTOR('',#8752,1.);
#5321=VECTOR('',#8753,1.);
#5322=VECTOR('',#8756,1.);
#5323=VECTOR('',#8761,1.);
#5324=VECTOR('',#8762,1.);
#5325=VECTOR('',#8765,1.);
#5326=VECTOR('',#8770,1.);
#5327=VECTOR('',#8771,1.);
#5328=VECTOR('',#8774,1.);
#5329=VECTOR('',#8779,1.);
#5330=VECTOR('',#8780,1.);
#5331=VECTOR('',#8789,1.);
#5332=VECTOR('',#8790,1.);
#5333=VECTOR('',#8791,1.);
#5334=VECTOR('',#8796,1.);
#5335=VECTOR('',#8799,1.);
#5336=VECTOR('',#8800,1.);
#5337=VECTOR('',#8805,1.);
#5338=VECTOR('',#8808,1.);
#5339=VECTOR('',#8809,1.);
#5340=VECTOR('',#8814,1.);
#5341=VECTOR('',#8817,1.);
#5342=VECTOR('',#8818,1.);
#5343=VECTOR('',#8833,1.);
#5344=VECTOR('',#8834,1.);
#5345=VECTOR('',#8835,1.);
#5346=VECTOR('',#8836,1.);
#5347=VECTOR('',#8837,1.);
#5348=VECTOR('',#8838,1.);
#5349=VECTOR('',#8839,1.);
#5350=VECTOR('',#8840,1.);
#5351=VECTOR('',#8841,1.);
#5352=VECTOR('',#8842,1.);
#5353=VECTOR('',#8843,1.);
#5354=VECTOR('',#8844,1.);
#5355=VECTOR('',#8847,1.);
#5356=VECTOR('',#8848,1.);
#5357=VECTOR('',#8849,1.);
#5358=VECTOR('',#8852,1.);
#5359=VECTOR('',#8853,1.);
#5360=VECTOR('',#8856,1.);
#5361=VECTOR('',#8857,1.);
#5362=VECTOR('',#8860,1.);
#5363=VECTOR('',#8861,1.);
#5364=VECTOR('',#8864,1.);
#5365=VECTOR('',#8865,1.);
#5366=VECTOR('',#8868,1.);
#5367=VECTOR('',#8869,1.);
#5368=VECTOR('',#8872,1.);
#5369=VECTOR('',#8873,1.);
#5370=VECTOR('',#8876,1.);
#5371=VECTOR('',#8877,1.);
#5372=VECTOR('',#8880,1.);
#5373=VECTOR('',#8881,1.);
#5374=VECTOR('',#8884,1.);
#5375=VECTOR('',#8885,1.);
#5376=VECTOR('',#8888,1.);
#5377=VECTOR('',#8889,1.);
#5378=VECTOR('',#8892,1.);
#5379=VECTOR('',#8899,1.);
#5380=VECTOR('',#8900,1.);
#5381=VECTOR('',#8901,1.);
#5382=VECTOR('',#8902,1.);
#5383=VECTOR('',#8903,1.);
#5384=VECTOR('',#8904,1.);
#5385=VECTOR('',#8905,1.);
#5386=VECTOR('',#8906,1.);
#5387=VECTOR('',#8909,1.);
#5388=VECTOR('',#8910,1.);
#5389=VECTOR('',#8911,1.);
#5390=VECTOR('',#8912,1.);
#5391=VECTOR('',#8913,1.);
#5392=VECTOR('',#8914,1.);
#5393=VECTOR('',#8915,1.);
#5394=VECTOR('',#8916,1.);
#5395=VECTOR('',#8919,1.);
#5396=VECTOR('',#8922,1.);
#5397=VECTOR('',#8927,1.);
#5398=VECTOR('',#8930,1.);
#5399=VECTOR('',#8935,1.);
#5400=VECTOR('',#8940,1.);
#5401=VECTOR('',#8941,1.);
#5402=VECTOR('',#8948,1.);
#5403=VECTOR('',#8953,1.);
#5404=VECTOR('',#8954,1.);
#5405=VECTOR('',#8963,1.);
#5406=VECTOR('',#8966,1.);
#5407=VECTOR('',#8977,1.);
#5408=VECTOR('',#8978,1.);
#5409=VECTOR('',#8979,1.);
#5410=VECTOR('',#8980,1.);
#5411=VECTOR('',#8981,1.);
#5412=VECTOR('',#8982,1.);
#5413=VECTOR('',#8983,1.);
#5414=VECTOR('',#8984,1.);
#5415=VECTOR('',#8985,1.);
#5416=VECTOR('',#8986,1.);
#5417=VECTOR('',#8987,1.);
#5418=VECTOR('',#8988,1.);
#5419=VECTOR('',#8991,1.);
#5420=VECTOR('',#8992,1.);
#5421=VECTOR('',#8993,1.);
#5422=VECTOR('',#8996,1.);
#5423=VECTOR('',#8997,1.);
#5424=VECTOR('',#9000,1.);
#5425=VECTOR('',#9001,1.);
#5426=VECTOR('',#9004,1.);
#5427=VECTOR('',#9005,1.);
#5428=VECTOR('',#9008,1.);
#5429=VECTOR('',#9009,1.);
#5430=VECTOR('',#9012,1.);
#5431=VECTOR('',#9013,1.);
#5432=VECTOR('',#9016,1.);
#5433=VECTOR('',#9017,1.);
#5434=VECTOR('',#9020,1.);
#5435=VECTOR('',#9021,1.);
#5436=VECTOR('',#9024,1.);
#5437=VECTOR('',#9025,1.);
#5438=VECTOR('',#9028,1.);
#5439=VECTOR('',#9029,1.);
#5440=VECTOR('',#9032,1.);
#5441=VECTOR('',#9033,1.);
#5442=VECTOR('',#9036,1.);
#5443=VECTOR('',#9043,1.);
#5444=VECTOR('',#9044,1.);
#5445=VECTOR('',#9045,1.);
#5446=VECTOR('',#9046,1.);
#5447=VECTOR('',#9047,1.);
#5448=VECTOR('',#9048,1.);
#5449=VECTOR('',#9049,1.);
#5450=VECTOR('',#9050,1.);
#5451=VECTOR('',#9053,1.);
#5452=VECTOR('',#9054,1.);
#5453=VECTOR('',#9055,1.);
#5454=VECTOR('',#9056,1.);
#5455=VECTOR('',#9057,1.);
#5456=VECTOR('',#9058,1.);
#5457=VECTOR('',#9059,1.);
#5458=VECTOR('',#9060,1.);
#5459=VECTOR('',#9063,1.);
#5460=VECTOR('',#9066,1.);
#5461=VECTOR('',#9071,1.);
#5462=VECTOR('',#9074,1.);
#5463=VECTOR('',#9079,1.);
#5464=VECTOR('',#9084,1.);
#5465=VECTOR('',#9085,1.);
#5466=VECTOR('',#9092,1.);
#5467=VECTOR('',#9097,1.);
#5468=VECTOR('',#9098,1.);
#5469=VECTOR('',#9107,1.);
#5470=VECTOR('',#9110,1.);
#5471=VECTOR('',#9121,1.);
#5472=VECTOR('',#9122,1.);
#5473=VECTOR('',#9123,1.);
#5474=VECTOR('',#9124,1.);
#5475=VECTOR('',#9125,1.);
#5476=VECTOR('',#9126,1.);
#5477=VECTOR('',#9127,1.);
#5478=VECTOR('',#9128,1.);
#5479=VECTOR('',#9129,1.);
#5480=VECTOR('',#9130,1.);
#5481=VECTOR('',#9131,1.);
#5482=VECTOR('',#9132,1.);
#5483=VECTOR('',#9135,1.);
#5484=VECTOR('',#9136,1.);
#5485=VECTOR('',#9137,1.);
#5486=VECTOR('',#9140,1.);
#5487=VECTOR('',#9141,1.);
#5488=VECTOR('',#9144,1.);
#5489=VECTOR('',#9145,1.);
#5490=VECTOR('',#9148,1.);
#5491=VECTOR('',#9149,1.);
#5492=VECTOR('',#9152,1.);
#5493=VECTOR('',#9153,1.);
#5494=VECTOR('',#9156,1.);
#5495=VECTOR('',#9157,1.);
#5496=VECTOR('',#9160,1.);
#5497=VECTOR('',#9161,1.);
#5498=VECTOR('',#9164,1.);
#5499=VECTOR('',#9165,1.);
#5500=VECTOR('',#9168,1.);
#5501=VECTOR('',#9169,1.);
#5502=VECTOR('',#9172,1.);
#5503=VECTOR('',#9173,1.);
#5504=VECTOR('',#9176,1.);
#5505=VECTOR('',#9177,1.);
#5506=VECTOR('',#9180,1.);
#5507=VECTOR('',#9189,1.);
#5508=VECTOR('',#9192,1.);
#5509=VECTOR('',#9195,1.);
#5510=VECTOR('',#9198,1.);
#5511=VECTOR('',#9201,1.);
#5512=VECTOR('',#9204,1.);
#5513=VECTOR('',#9207,1.);
#5514=VECTOR('',#9210,1.);
#5515=VECTOR('',#9213,1.);
#5516=VECTOR('',#9216,1.);
#5517=VECTOR('',#9219,1.);
#5518=VECTOR('',#9222,1.);
#5519=VECTOR('',#9225,1.);
#5520=VECTOR('',#9228,1.);
#5521=VECTOR('',#9231,1.);
#5522=VECTOR('',#9232,1.);
#5523=VECTOR('',#9235,1.);
#5524=VECTOR('',#9240,1.);
#5525=VECTOR('',#9241,1.);
#5526=VECTOR('',#9244,1.);
#5527=VECTOR('',#9249,1.);
#5528=VECTOR('',#9250,1.);
#5529=VECTOR('',#9253,1.);
#5530=VECTOR('',#9258,1.);
#5531=VECTOR('',#9259,1.);
#5532=VECTOR('',#9262,1.);
#5533=VECTOR('',#9267,1.);
#5534=VECTOR('',#9268,1.);
#5535=VECTOR('',#9271,1.);
#5536=VECTOR('',#9276,1.);
#5537=VECTOR('',#9277,1.);
#5538=VECTOR('',#9280,1.);
#5539=VECTOR('',#9285,1.);
#5540=VECTOR('',#9286,1.);
#5541=VECTOR('',#9289,1.);
#5542=VECTOR('',#9294,1.);
#5543=VECTOR('',#9299,1.);
#5544=VECTOR('',#9300,1.);
#5545=VECTOR('',#9301,1.);
#5546=VECTOR('',#9306,1.);
#5547=VECTOR('',#9309,1.);
#5548=VECTOR('',#9310,1.);
#5549=VECTOR('',#9315,1.);
#5550=VECTOR('',#9318,1.);
#5551=VECTOR('',#9319,1.);
#5552=VECTOR('',#9324,1.);
#5553=VECTOR('',#9327,1.);
#5554=VECTOR('',#9328,1.);
#5555=VECTOR('',#9343,1.);
#5556=VECTOR('',#9344,1.);
#5557=VECTOR('',#9345,1.);
#5558=VECTOR('',#9346,1.);
#5559=VECTOR('',#9347,1.);
#5560=VECTOR('',#9348,1.);
#5561=VECTOR('',#9349,1.);
#5562=VECTOR('',#9350,1.);
#5563=VECTOR('',#9351,1.);
#5564=VECTOR('',#9352,1.);
#5565=VECTOR('',#9353,1.);
#5566=VECTOR('',#9354,1.);
#5567=VECTOR('',#9357,1.);
#5568=VECTOR('',#9358,1.);
#5569=VECTOR('',#9359,1.);
#5570=VECTOR('',#9362,1.);
#5571=VECTOR('',#9363,1.);
#5572=VECTOR('',#9366,1.);
#5573=VECTOR('',#9367,1.);
#5574=VECTOR('',#9370,1.);
#5575=VECTOR('',#9371,1.);
#5576=VECTOR('',#9374,1.);
#5577=VECTOR('',#9375,1.);
#5578=VECTOR('',#9378,1.);
#5579=VECTOR('',#9379,1.);
#5580=VECTOR('',#9382,1.);
#5581=VECTOR('',#9383,1.);
#5582=VECTOR('',#9386,1.);
#5583=VECTOR('',#9387,1.);
#5584=VECTOR('',#9390,1.);
#5585=VECTOR('',#9391,1.);
#5586=VECTOR('',#9394,1.);
#5587=VECTOR('',#9395,1.);
#5588=VECTOR('',#9398,1.);
#5589=VECTOR('',#9399,1.);
#5590=VECTOR('',#9402,1.);
#5591=VECTOR('',#9411,1.);
#5592=VECTOR('',#9414,1.);
#5593=VECTOR('',#9417,1.);
#5594=VECTOR('',#9420,1.);
#5595=VECTOR('',#9421,1.);
#5596=VECTOR('',#9424,1.);
#5597=VECTOR('',#9427,1.);
#5598=VECTOR('',#9430,1.);
#5599=VECTOR('',#9433,1.);
#5600=VECTOR('',#9436,1.);
#5601=VECTOR('',#9441,1.);
#5602=VECTOR('',#9442,1.);
#5603=VECTOR('',#9443,1.);
#5604=VECTOR('',#9446,1.);
#5605=VECTOR('',#9451,1.);
#5606=VECTOR('',#9452,1.);
#5607=VECTOR('',#9455,1.);
#5608=VECTOR('',#9460,1.);
#5609=VECTOR('',#9461,1.);
#5610=VECTOR('',#9464,1.);
#5611=VECTOR('',#9469,1.);
#5612=VECTOR('',#9470,1.);
#5613=VECTOR('',#9473,1.);
#5614=VECTOR('',#9478,1.);
#5615=VECTOR('',#9479,1.);
#5616=VECTOR('',#9482,1.);
#5617=VECTOR('',#9487,1.);
#5618=VECTOR('',#9488,1.);
#5619=VECTOR('',#9497,1.);
#5620=VECTOR('',#9498,1.);
#5621=VECTOR('',#9499,1.);
#5622=VECTOR('',#9504,1.);
#5623=VECTOR('',#9507,1.);
#5624=VECTOR('',#9508,1.);
#5625=VECTOR('',#9513,1.);
#5626=VECTOR('',#9516,1.);
#5627=VECTOR('',#9517,1.);
#5628=VECTOR('',#9522,1.);
#5629=VECTOR('',#9525,1.);
#5630=VECTOR('',#9526,1.);
#5631=VECTOR('',#9541,1.);
#5632=VECTOR('',#9542,1.);
#5633=VECTOR('',#9543,1.);
#5634=VECTOR('',#9544,1.);
#5635=VECTOR('',#9545,1.);
#5636=VECTOR('',#9546,1.);
#5637=VECTOR('',#9547,1.);
#5638=VECTOR('',#9548,1.);
#5639=VECTOR('',#9549,1.);
#5640=VECTOR('',#9550,1.);
#5641=VECTOR('',#9551,1.);
#5642=VECTOR('',#9552,1.);
#5643=VECTOR('',#9555,1.);
#5644=VECTOR('',#9556,1.);
#5645=VECTOR('',#9557,1.);
#5646=VECTOR('',#9560,1.);
#5647=VECTOR('',#9561,1.);
#5648=VECTOR('',#9564,1.);
#5649=VECTOR('',#9565,1.);
#5650=VECTOR('',#9568,1.);
#5651=VECTOR('',#9569,1.);
#5652=VECTOR('',#9572,1.);
#5653=VECTOR('',#9573,1.);
#5654=VECTOR('',#9576,1.);
#5655=VECTOR('',#9577,1.);
#5656=VECTOR('',#9580,1.);
#5657=VECTOR('',#9581,1.);
#5658=VECTOR('',#9584,1.);
#5659=VECTOR('',#9585,1.);
#5660=VECTOR('',#9588,1.);
#5661=VECTOR('',#9589,1.);
#5662=VECTOR('',#9592,1.);
#5663=VECTOR('',#9593,1.);
#5664=VECTOR('',#9596,1.);
#5665=VECTOR('',#9597,1.);
#5666=VECTOR('',#9600,1.);
#5667=VECTOR('',#9609,1.);
#5668=VECTOR('',#9612,1.);
#5669=VECTOR('',#9615,1.);
#5670=VECTOR('',#9618,1.);
#5671=VECTOR('',#9619,1.);
#5672=VECTOR('',#9622,1.);
#5673=VECTOR('',#9625,1.);
#5674=VECTOR('',#9628,1.);
#5675=VECTOR('',#9631,1.);
#5676=VECTOR('',#9634,1.);
#5677=VECTOR('',#9637,1.);
#5678=VECTOR('',#9640,1.);
#5679=VECTOR('',#9645,1.);
#5680=VECTOR('',#9646,1.);
#5681=VECTOR('',#9647,1.);
#5682=VECTOR('',#9650,1.);
#5683=VECTOR('',#9655,1.);
#5684=VECTOR('',#9656,1.);
#5685=VECTOR('',#9659,1.);
#5686=VECTOR('',#9664,1.);
#5687=VECTOR('',#9665,1.);
#5688=VECTOR('',#9668,1.);
#5689=VECTOR('',#9673,1.);
#5690=VECTOR('',#9674,1.);
#5691=VECTOR('',#9677,1.);
#5692=VECTOR('',#9682,1.);
#5693=VECTOR('',#9683,1.);
#5694=VECTOR('',#9686,1.);
#5695=VECTOR('',#9691,1.);
#5696=VECTOR('',#9692,1.);
#5697=VECTOR('',#9695,1.);
#5698=VECTOR('',#9700,1.);
#5699=VECTOR('',#9701,1.);
#5700=VECTOR('',#9704,1.);
#5701=VECTOR('',#9709,1.);
#5702=VECTOR('',#9710,1.);
#5703=VECTOR('',#9719,1.);
#5704=VECTOR('',#9720,1.);
#5705=VECTOR('',#9721,1.);
#5706=VECTOR('',#9726,1.);
#5707=VECTOR('',#9729,1.);
#5708=VECTOR('',#9730,1.);
#5709=VECTOR('',#9735,1.);
#5710=VECTOR('',#9738,1.);
#5711=VECTOR('',#9739,1.);
#5712=VECTOR('',#9744,1.);
#5713=VECTOR('',#9747,1.);
#5714=VECTOR('',#9748,1.);
#5715=VECTOR('',#9763,1.);
#5716=VECTOR('',#9764,1.);
#5717=VECTOR('',#9765,1.);
#5718=VECTOR('',#9766,1.);
#5719=VECTOR('',#9767,1.);
#5720=VECTOR('',#9768,1.);
#5721=VECTOR('',#9769,1.);
#5722=VECTOR('',#9770,1.);
#5723=VECTOR('',#9771,1.);
#5724=VECTOR('',#9772,1.);
#5725=VECTOR('',#9773,1.);
#5726=VECTOR('',#9774,1.);
#5727=VECTOR('',#9777,1.);
#5728=VECTOR('',#9778,1.);
#5729=VECTOR('',#9779,1.);
#5730=VECTOR('',#9782,1.);
#5731=VECTOR('',#9783,1.);
#5732=VECTOR('',#9786,1.);
#5733=VECTOR('',#9787,1.);
#5734=VECTOR('',#9790,1.);
#5735=VECTOR('',#9791,1.);
#5736=VECTOR('',#9794,1.);
#5737=VECTOR('',#9795,1.);
#5738=VECTOR('',#9798,1.);
#5739=VECTOR('',#9799,1.);
#5740=VECTOR('',#9802,1.);
#5741=VECTOR('',#9803,1.);
#5742=VECTOR('',#9806,1.);
#5743=VECTOR('',#9807,1.);
#5744=VECTOR('',#9810,1.);
#5745=VECTOR('',#9811,1.);
#5746=VECTOR('',#9814,1.);
#5747=VECTOR('',#9815,1.);
#5748=VECTOR('',#9818,1.);
#5749=VECTOR('',#9819,1.);
#5750=VECTOR('',#9822,1.);
#5751=VECTOR('',#9829,1.);
#5752=VECTOR('',#9830,1.);
#5753=VECTOR('',#9831,1.);
#5754=VECTOR('',#9832,1.);
#5755=VECTOR('',#9833,1.);
#5756=VECTOR('',#9834,1.);
#5757=VECTOR('',#9835,1.);
#5758=VECTOR('',#9836,1.);
#5759=VECTOR('',#9839,1.);
#5760=VECTOR('',#9840,1.);
#5761=VECTOR('',#9841,1.);
#5762=VECTOR('',#9842,1.);
#5763=VECTOR('',#9843,1.);
#5764=VECTOR('',#9844,1.);
#5765=VECTOR('',#9845,1.);
#5766=VECTOR('',#9846,1.);
#5767=VECTOR('',#9849,1.);
#5768=VECTOR('',#9852,1.);
#5769=VECTOR('',#9857,1.);
#5770=VECTOR('',#9860,1.);
#5771=VECTOR('',#9865,1.);
#5772=VECTOR('',#9870,1.);
#5773=VECTOR('',#9871,1.);
#5774=VECTOR('',#9878,1.);
#5775=VECTOR('',#9883,1.);
#5776=VECTOR('',#9884,1.);
#5777=VECTOR('',#9893,1.);
#5778=VECTOR('',#9896,1.);
#5779=VECTOR('',#9907,1.);
#5780=VECTOR('',#9908,1.);
#5781=VECTOR('',#9909,1.);
#5782=VECTOR('',#9910,1.);
#5783=VECTOR('',#9911,1.);
#5784=VECTOR('',#9912,1.);
#5785=VECTOR('',#9913,1.);
#5786=VECTOR('',#9914,1.);
#5787=VECTOR('',#9915,1.);
#5788=VECTOR('',#9916,1.);
#5789=VECTOR('',#9917,1.);
#5790=VECTOR('',#9918,1.);
#5791=VECTOR('',#9921,1.);
#5792=VECTOR('',#9922,1.);
#5793=VECTOR('',#9923,1.);
#5794=VECTOR('',#9926,1.);
#5795=VECTOR('',#9927,1.);
#5796=VECTOR('',#9930,1.);
#5797=VECTOR('',#9931,1.);
#5798=VECTOR('',#9934,1.);
#5799=VECTOR('',#9935,1.);
#5800=VECTOR('',#9938,1.);
#5801=VECTOR('',#9939,1.);
#5802=VECTOR('',#9942,1.);
#5803=VECTOR('',#9943,1.);
#5804=VECTOR('',#9946,1.);
#5805=VECTOR('',#9947,1.);
#5806=VECTOR('',#9950,1.);
#5807=VECTOR('',#9951,1.);
#5808=VECTOR('',#9954,1.);
#5809=VECTOR('',#9955,1.);
#5810=VECTOR('',#9958,1.);
#5811=VECTOR('',#9959,1.);
#5812=VECTOR('',#9962,1.);
#5813=VECTOR('',#9963,1.);
#5814=VECTOR('',#9966,1.);
#5815=VECTOR('',#9975,1.);
#5816=VECTOR('',#9978,1.);
#5817=VECTOR('',#9981,1.);
#5818=VECTOR('',#9984,1.);
#5819=VECTOR('',#9985,1.);
#5820=VECTOR('',#9988,1.);
#5821=VECTOR('',#9991,1.);
#5822=VECTOR('',#9994,1.);
#5823=VECTOR('',#9997,1.);
#5824=VECTOR('',#10000,1.);
#5825=VECTOR('',#10003,1.);
#5826=VECTOR('',#10006,1.);
#5827=VECTOR('',#10011,1.);
#5828=VECTOR('',#10012,1.);
#5829=VECTOR('',#10013,1.);
#5830=VECTOR('',#10016,1.);
#5831=VECTOR('',#10021,1.);
#5832=VECTOR('',#10022,1.);
#5833=VECTOR('',#10025,1.);
#5834=VECTOR('',#10030,1.);
#5835=VECTOR('',#10031,1.);
#5836=VECTOR('',#10034,1.);
#5837=VECTOR('',#10039,1.);
#5838=VECTOR('',#10040,1.);
#5839=VECTOR('',#10043,1.);
#5840=VECTOR('',#10048,1.);
#5841=VECTOR('',#10049,1.);
#5842=VECTOR('',#10052,1.);
#5843=VECTOR('',#10057,1.);
#5844=VECTOR('',#10058,1.);
#5845=VECTOR('',#10061,1.);
#5846=VECTOR('',#10066,1.);
#5847=VECTOR('',#10067,1.);
#5848=VECTOR('',#10070,1.);
#5849=VECTOR('',#10075,1.);
#5850=VECTOR('',#10076,1.);
#5851=VECTOR('',#10085,1.);
#5852=VECTOR('',#10086,1.);
#5853=VECTOR('',#10087,1.);
#5854=VECTOR('',#10092,1.);
#5855=VECTOR('',#10095,1.);
#5856=VECTOR('',#10096,1.);
#5857=VECTOR('',#10101,1.);
#5858=VECTOR('',#10104,1.);
#5859=VECTOR('',#10105,1.);
#5860=VECTOR('',#10110,1.);
#5861=VECTOR('',#10113,1.);
#5862=VECTOR('',#10114,1.);
#5863=VECTOR('',#10129,1.);
#5864=VECTOR('',#10130,1.);
#5865=VECTOR('',#10131,1.);
#5866=VECTOR('',#10132,1.);
#5867=VECTOR('',#10133,1.);
#5868=VECTOR('',#10134,1.);
#5869=VECTOR('',#10135,1.);
#5870=VECTOR('',#10136,1.);
#5871=VECTOR('',#10137,1.);
#5872=VECTOR('',#10138,1.);
#5873=VECTOR('',#10139,1.);
#5874=VECTOR('',#10140,1.);
#5875=VECTOR('',#10143,1.);
#5876=VECTOR('',#10144,1.);
#5877=VECTOR('',#10145,1.);
#5878=VECTOR('',#10148,1.);
#5879=VECTOR('',#10149,1.);
#5880=VECTOR('',#10152,1.);
#5881=VECTOR('',#10153,1.);
#5882=VECTOR('',#10156,1.);
#5883=VECTOR('',#10157,1.);
#5884=VECTOR('',#10160,1.);
#5885=VECTOR('',#10161,1.);
#5886=VECTOR('',#10164,1.);
#5887=VECTOR('',#10165,1.);
#5888=VECTOR('',#10168,1.);
#5889=VECTOR('',#10169,1.);
#5890=VECTOR('',#10172,1.);
#5891=VECTOR('',#10173,1.);
#5892=VECTOR('',#10176,1.);
#5893=VECTOR('',#10177,1.);
#5894=VECTOR('',#10180,1.);
#5895=VECTOR('',#10181,1.);
#5896=VECTOR('',#10184,1.);
#5897=VECTOR('',#10185,1.);
#5898=VECTOR('',#10188,1.);
#5899=VECTOR('',#10197,1.);
#5900=VECTOR('',#10200,1.);
#5901=VECTOR('',#10203,1.);
#5902=VECTOR('',#10206,1.);
#5903=VECTOR('',#10209,1.);
#5904=VECTOR('',#10212,1.);
#5905=VECTOR('',#10215,1.);
#5906=VECTOR('',#10218,1.);
#5907=VECTOR('',#10221,1.);
#5908=VECTOR('',#10224,1.);
#5909=VECTOR('',#10227,1.);
#5910=VECTOR('',#10230,1.);
#5911=VECTOR('',#10233,1.);
#5912=VECTOR('',#10236,1.);
#5913=VECTOR('',#10239,1.);
#5914=VECTOR('',#10242,1.);
#5915=VECTOR('',#10245,1.);
#5916=VECTOR('',#10246,1.);
#5917=VECTOR('',#10249,1.);
#5918=VECTOR('',#10254,1.);
#5919=VECTOR('',#10255,1.);
#5920=VECTOR('',#10258,1.);
#5921=VECTOR('',#10263,1.);
#5922=VECTOR('',#10264,1.);
#5923=VECTOR('',#10267,1.);
#5924=VECTOR('',#10272,1.);
#5925=VECTOR('',#10273,1.);
#5926=VECTOR('',#10276,1.);
#5927=VECTOR('',#10281,1.);
#5928=VECTOR('',#10282,1.);
#5929=VECTOR('',#10285,1.);
#5930=VECTOR('',#10290,1.);
#5931=VECTOR('',#10291,1.);
#5932=VECTOR('',#10294,1.);
#5933=VECTOR('',#10299,1.);
#5934=VECTOR('',#10300,1.);
#5935=VECTOR('',#10303,1.);
#5936=VECTOR('',#10308,1.);
#5937=VECTOR('',#10309,1.);
#5938=VECTOR('',#10312,1.);
#5939=VECTOR('',#10317,1.);
#5940=VECTOR('',#10318,1.);
#5941=VECTOR('',#10321,1.);
#5942=VECTOR('',#10326,1.);
#5943=VECTOR('',#10331,1.);
#5944=VECTOR('',#10332,1.);
#5945=VECTOR('',#10333,1.);
#5946=VECTOR('',#10338,1.);
#5947=VECTOR('',#10341,1.);
#5948=VECTOR('',#10342,1.);
#5949=VECTOR('',#10347,1.);
#5950=VECTOR('',#10350,1.);
#5951=VECTOR('',#10351,1.);
#5952=VECTOR('',#10356,1.);
#5953=VECTOR('',#10359,1.);
#5954=VECTOR('',#10360,1.);
#5955=VECTOR('',#10375,1.);
#5956=VECTOR('',#10376,1.);
#5957=VECTOR('',#10377,1.);
#5958=VECTOR('',#10378,1.);
#5959=VECTOR('',#10379,1.);
#5960=VECTOR('',#10380,1.);
#5961=VECTOR('',#10381,1.);
#5962=VECTOR('',#10382,1.);
#5963=VECTOR('',#10383,1.);
#5964=VECTOR('',#10384,1.);
#5965=VECTOR('',#10385,1.);
#5966=VECTOR('',#10386,1.);
#5967=VECTOR('',#10389,1.);
#5968=VECTOR('',#10390,1.);
#5969=VECTOR('',#10391,1.);
#5970=VECTOR('',#10394,1.);
#5971=VECTOR('',#10395,1.);
#5972=VECTOR('',#10398,1.);
#5973=VECTOR('',#10399,1.);
#5974=VECTOR('',#10402,1.);
#5975=VECTOR('',#10403,1.);
#5976=VECTOR('',#10406,1.);
#5977=VECTOR('',#10407,1.);
#5978=VECTOR('',#10410,1.);
#5979=VECTOR('',#10411,1.);
#5980=VECTOR('',#10414,1.);
#5981=VECTOR('',#10415,1.);
#5982=VECTOR('',#10418,1.);
#5983=VECTOR('',#10419,1.);
#5984=VECTOR('',#10422,1.);
#5985=VECTOR('',#10423,1.);
#5986=VECTOR('',#10426,1.);
#5987=VECTOR('',#10427,1.);
#5988=VECTOR('',#10430,1.);
#5989=VECTOR('',#10431,1.);
#5990=VECTOR('',#10434,1.);
#5991=VECTOR('',#10441,1.);
#5992=VECTOR('',#10442,1.);
#5993=VECTOR('',#10443,1.);
#5994=VECTOR('',#10444,1.);
#5995=VECTOR('',#10445,1.);
#5996=VECTOR('',#10446,1.);
#5997=VECTOR('',#10447,1.);
#5998=VECTOR('',#10448,1.);
#5999=VECTOR('',#10451,1.);
#6000=VECTOR('',#10452,1.);
#6001=VECTOR('',#10453,1.);
#6002=VECTOR('',#10454,1.);
#6003=VECTOR('',#10455,1.);
#6004=VECTOR('',#10456,1.);
#6005=VECTOR('',#10457,1.);
#6006=VECTOR('',#10458,1.);
#6007=VECTOR('',#10461,1.);
#6008=VECTOR('',#10464,1.);
#6009=VECTOR('',#10469,1.);
#6010=VECTOR('',#10472,1.);
#6011=VECTOR('',#10477,1.);
#6012=VECTOR('',#10482,1.);
#6013=VECTOR('',#10483,1.);
#6014=VECTOR('',#10490,1.);
#6015=VECTOR('',#10495,1.);
#6016=VECTOR('',#10496,1.);
#6017=VECTOR('',#10505,1.);
#6018=VECTOR('',#10508,1.);
#6019=VECTOR('',#10519,1.);
#6020=VECTOR('',#10520,1.);
#6021=VECTOR('',#10521,1.);
#6022=VECTOR('',#10522,1.);
#6023=VECTOR('',#10523,1.);
#6024=VECTOR('',#10524,1.);
#6025=VECTOR('',#10525,1.);
#6026=VECTOR('',#10526,1.);
#6027=VECTOR('',#10527,1.);
#6028=VECTOR('',#10528,1.);
#6029=VECTOR('',#10529,1.);
#6030=VECTOR('',#10530,1.);
#6031=VECTOR('',#10533,1.);
#6032=VECTOR('',#10534,1.);
#6033=VECTOR('',#10535,1.);
#6034=VECTOR('',#10538,1.);
#6035=VECTOR('',#10539,1.);
#6036=VECTOR('',#10542,1.);
#6037=VECTOR('',#10543,1.);
#6038=VECTOR('',#10546,1.);
#6039=VECTOR('',#10547,1.);
#6040=VECTOR('',#10550,1.);
#6041=VECTOR('',#10551,1.);
#6042=VECTOR('',#10554,1.);
#6043=VECTOR('',#10555,1.);
#6044=VECTOR('',#10558,1.);
#6045=VECTOR('',#10559,1.);
#6046=VECTOR('',#10562,1.);
#6047=VECTOR('',#10563,1.);
#6048=VECTOR('',#10566,1.);
#6049=VECTOR('',#10567,1.);
#6050=VECTOR('',#10570,1.);
#6051=VECTOR('',#10571,1.);
#6052=VECTOR('',#10574,1.);
#6053=VECTOR('',#10575,1.);
#6054=VECTOR('',#10578,1.);
#6055=VECTOR('',#10587,1.);
#6056=VECTOR('',#10590,1.);
#6057=VECTOR('',#10593,1.);
#6058=VECTOR('',#10596,1.);
#6059=VECTOR('',#10599,1.);
#6060=VECTOR('',#10602,1.);
#6061=VECTOR('',#10605,1.);
#6062=VECTOR('',#10608,1.);
#6063=VECTOR('',#10611,1.);
#6064=VECTOR('',#10614,1.);
#6065=VECTOR('',#10617,1.);
#6066=VECTOR('',#10618,1.);
#6067=VECTOR('',#10621,1.);
#6068=VECTOR('',#10626,1.);
#6069=VECTOR('',#10627,1.);
#6070=VECTOR('',#10630,1.);
#6071=VECTOR('',#10635,1.);
#6072=VECTOR('',#10636,1.);
#6073=VECTOR('',#10639,1.);
#6074=VECTOR('',#10644,1.);
#6075=VECTOR('',#10649,1.);
#6076=VECTOR('',#10650,1.);
#6077=VECTOR('',#10651,1.);
#6078=VECTOR('',#10656,1.);
#6079=VECTOR('',#10659,1.);
#6080=VECTOR('',#10660,1.);
#6081=VECTOR('',#10665,1.);
#6082=VECTOR('',#10668,1.);
#6083=VECTOR('',#10669,1.);
#6084=VECTOR('',#10674,1.);
#6085=VECTOR('',#10677,1.);
#6086=VECTOR('',#10678,1.);
#6087=VECTOR('',#10693,1.);
#6088=VECTOR('',#10694,1.);
#6089=VECTOR('',#10695,1.);
#6090=VECTOR('',#10696,1.);
#6091=VECTOR('',#10697,1.);
#6092=VECTOR('',#10698,1.);
#6093=VECTOR('',#10699,1.);
#6094=VECTOR('',#10700,1.);
#6095=VECTOR('',#10701,1.);
#6096=VECTOR('',#10702,1.);
#6097=VECTOR('',#10703,1.);
#6098=VECTOR('',#10704,1.);
#6099=VECTOR('',#10707,1.);
#6100=VECTOR('',#10708,1.);
#6101=VECTOR('',#10709,1.);
#6102=VECTOR('',#10712,1.);
#6103=VECTOR('',#10713,1.);
#6104=VECTOR('',#10716,1.);
#6105=VECTOR('',#10717,1.);
#6106=VECTOR('',#10720,1.);
#6107=VECTOR('',#10721,1.);
#6108=VECTOR('',#10724,1.);
#6109=VECTOR('',#10725,1.);
#6110=VECTOR('',#10728,1.);
#6111=VECTOR('',#10729,1.);
#6112=VECTOR('',#10732,1.);
#6113=VECTOR('',#10733,1.);
#6114=VECTOR('',#10736,1.);
#6115=VECTOR('',#10737,1.);
#6116=VECTOR('',#10740,1.);
#6117=VECTOR('',#10741,1.);
#6118=VECTOR('',#10744,1.);
#6119=VECTOR('',#10745,1.);
#6120=VECTOR('',#10748,1.);
#6121=VECTOR('',#10749,1.);
#6122=VECTOR('',#10752,1.);
#6123=EDGE_LOOP('',(#359,#360,#361,#362,#363,#364,#365,#366));
#6124=EDGE_LOOP('',(#367,#368,#369,#370,#371,#372,#373,#374));
#6125=EDGE_LOOP('',(#375,#376,#377,#378,#379,#380));
#6126=EDGE_LOOP('',(#381,#382,#383,#384,#385,#386));
#6127=EDGE_LOOP('',(#387,#388,#389,#390));
#6128=EDGE_LOOP('',(#391,#392,#393,#394));
#6129=EDGE_LOOP('',(#395,#396,#397,#398));
#6130=EDGE_LOOP('',(#399,#400,#401,#402));
#6131=EDGE_LOOP('',(#403,#404,#405,#406));
#6132=EDGE_LOOP('',(#407,#408,#409,#410));
#6133=EDGE_LOOP('',(#411,#412,#413,#414,#415,#416,#417,#418));
#6134=EDGE_LOOP('',(#419,#420,#421,#422));
#6135=EDGE_LOOP('',(#423,#424,#425,#426));
#6136=EDGE_LOOP('',(#427));
#6137=EDGE_LOOP('',(#428));
#6138=EDGE_LOOP('',(#429,#430,#431,#432));
#6139=EDGE_LOOP('',(#433));
#6140=EDGE_LOOP('',(#434));
#6141=EDGE_LOOP('',(#435,#436,#437,#438,#439,#440,#441,#442,#443,#444,#445,
#446));
#6142=EDGE_LOOP('',(#447,#448,#449,#450));
#6143=EDGE_LOOP('',(#451,#452,#453,#454));
#6144=EDGE_LOOP('',(#455,#456,#457,#458));
#6145=EDGE_LOOP('',(#459,#460,#461,#462));
#6146=EDGE_LOOP('',(#463,#464,#465,#466));
#6147=EDGE_LOOP('',(#467,#468,#469,#470));
#6148=EDGE_LOOP('',(#471,#472,#473,#474));
#6149=EDGE_LOOP('',(#475,#476,#477,#478));
#6150=EDGE_LOOP('',(#479,#480,#481,#482));
#6151=EDGE_LOOP('',(#483,#484,#485,#486));
#6152=EDGE_LOOP('',(#487,#488,#489,#490));
#6153=EDGE_LOOP('',(#491,#492,#493,#494));
#6154=EDGE_LOOP('',(#495,#496,#497,#498,#499,#500,#501,#502,#503,#504,#505,
#506));
#6155=EDGE_LOOP('',(#507,#508,#509,#510,#511,#512,#513,#514));
#6156=EDGE_LOOP('',(#515,#516,#517,#518,#519,#520,#521,#522));
#6157=EDGE_LOOP('',(#523,#524,#525,#526));
#6158=EDGE_LOOP('',(#527,#528,#529,#530));
#6159=EDGE_LOOP('',(#531,#532,#533,#534));
#6160=EDGE_LOOP('',(#535,#536,#537,#538));
#6161=EDGE_LOOP('',(#539,#540,#541,#542));
#6162=EDGE_LOOP('',(#543,#544,#545,#546));
#6163=EDGE_LOOP('',(#547,#548,#549,#550));
#6164=EDGE_LOOP('',(#551,#552,#553,#554));
#6165=EDGE_LOOP('',(#555,#556,#557,#558,#559,#560,#561,#562));
#6166=EDGE_LOOP('',(#563,#564,#565,#566));
#6167=EDGE_LOOP('',(#567,#568,#569,#570));
#6168=EDGE_LOOP('',(#571,#572,#573,#574));
#6169=EDGE_LOOP('',(#575,#576,#577,#578));
#6170=EDGE_LOOP('',(#579,#580,#581,#582));
#6171=EDGE_LOOP('',(#583,#584,#585,#586));
#6172=EDGE_LOOP('',(#587,#588,#589,#590));
#6173=EDGE_LOOP('',(#591,#592,#593,#594));
#6174=EDGE_LOOP('',(#595));
#6175=EDGE_LOOP('',(#596));
#6176=EDGE_LOOP('',(#597,#598,#599,#600,#601,#602,#603,#604));
#6177=EDGE_LOOP('',(#605));
#6178=EDGE_LOOP('',(#606));
#6179=EDGE_LOOP('',(#607,#608,#609,#610,#611,#612,#613,#614,#615,#616,#617,
#618));
#6180=EDGE_LOOP('',(#619,#620,#621,#622));
#6181=EDGE_LOOP('',(#623,#624,#625,#626));
#6182=EDGE_LOOP('',(#627,#628,#629,#630));
#6183=EDGE_LOOP('',(#631,#632,#633,#634));
#6184=EDGE_LOOP('',(#635,#636,#637,#638));
#6185=EDGE_LOOP('',(#639,#640,#641,#642));
#6186=EDGE_LOOP('',(#643,#644,#645,#646));
#6187=EDGE_LOOP('',(#647,#648,#649,#650));
#6188=EDGE_LOOP('',(#651,#652,#653,#654));
#6189=EDGE_LOOP('',(#655,#656,#657,#658));
#6190=EDGE_LOOP('',(#659,#660,#661,#662));
#6191=EDGE_LOOP('',(#663,#664,#665,#666));
#6192=EDGE_LOOP('',(#667,#668,#669,#670,#671,#672,#673,#674,#675,#676,#677,
#678));
#6193=EDGE_LOOP('',(#679,#680,#681,#682,#683,#684,#685,#686));
#6194=EDGE_LOOP('',(#687,#688,#689,#690,#691,#692,#693,#694));
#6195=EDGE_LOOP('',(#695,#696,#697,#698,#699,#700));
#6196=EDGE_LOOP('',(#701,#702,#703,#704,#705,#706));
#6197=EDGE_LOOP('',(#707,#708,#709,#710));
#6198=EDGE_LOOP('',(#711,#712,#713,#714));
#6199=EDGE_LOOP('',(#715,#716,#717,#718));
#6200=EDGE_LOOP('',(#719,#720,#721,#722));
#6201=EDGE_LOOP('',(#723,#724,#725,#726));
#6202=EDGE_LOOP('',(#727,#728,#729,#730));
#6203=EDGE_LOOP('',(#731,#732,#733,#734,#735,#736,#737,#738));
#6204=EDGE_LOOP('',(#739,#740,#741,#742));
#6205=EDGE_LOOP('',(#743,#744,#745,#746));
#6206=EDGE_LOOP('',(#747));
#6207=EDGE_LOOP('',(#748));
#6208=EDGE_LOOP('',(#749,#750,#751,#752));
#6209=EDGE_LOOP('',(#753));
#6210=EDGE_LOOP('',(#754));
#6211=EDGE_LOOP('',(#755,#756,#757,#758,#759,#760,#761,#762,#763,#764,#765,
#766));
#6212=EDGE_LOOP('',(#767,#768,#769,#770));
#6213=EDGE_LOOP('',(#771,#772,#773,#774));
#6214=EDGE_LOOP('',(#775,#776,#777,#778));
#6215=EDGE_LOOP('',(#779,#780,#781,#782));
#6216=EDGE_LOOP('',(#783,#784,#785,#786));
#6217=EDGE_LOOP('',(#787,#788,#789,#790));
#6218=EDGE_LOOP('',(#791,#792,#793,#794));
#6219=EDGE_LOOP('',(#795,#796,#797,#798));
#6220=EDGE_LOOP('',(#799,#800,#801,#802));
#6221=EDGE_LOOP('',(#803,#804,#805,#806));
#6222=EDGE_LOOP('',(#807,#808,#809,#810));
#6223=EDGE_LOOP('',(#811,#812,#813,#814));
#6224=EDGE_LOOP('',(#815,#816,#817,#818,#819,#820,#821,#822,#823,#824,#825,
#826));
#6225=EDGE_LOOP('',(#827,#828,#829,#830,#831,#832,#833,#834));
#6226=EDGE_LOOP('',(#835,#836,#837,#838,#839,#840,#841,#842));
#6227=EDGE_LOOP('',(#843,#844,#845,#846,#847,#848));
#6228=EDGE_LOOP('',(#849,#850,#851,#852,#853,#854));
#6229=EDGE_LOOP('',(#855,#856,#857,#858));
#6230=EDGE_LOOP('',(#859,#860,#861,#862));
#6231=EDGE_LOOP('',(#863,#864,#865,#866));
#6232=EDGE_LOOP('',(#867,#868,#869,#870));
#6233=EDGE_LOOP('',(#871,#872,#873,#874));
#6234=EDGE_LOOP('',(#875,#876,#877,#878));
#6235=EDGE_LOOP('',(#879,#880,#881,#882,#883,#884,#885,#886));
#6236=EDGE_LOOP('',(#887,#888,#889,#890));
#6237=EDGE_LOOP('',(#891,#892,#893,#894));
#6238=EDGE_LOOP('',(#895));
#6239=EDGE_LOOP('',(#896));
#6240=EDGE_LOOP('',(#897));
#6241=EDGE_LOOP('',(#898,#899,#900,#901));
#6242=EDGE_LOOP('',(#902));
#6243=EDGE_LOOP('',(#903,#904,#905,#906,#907,#908,#909,#910,#911,#912,#913,
#914));
#6244=EDGE_LOOP('',(#915,#916,#917,#918));
#6245=EDGE_LOOP('',(#919,#920,#921,#922));
#6246=EDGE_LOOP('',(#923,#924,#925,#926));
#6247=EDGE_LOOP('',(#927,#928,#929,#930));
#6248=EDGE_LOOP('',(#931,#932,#933,#934));
#6249=EDGE_LOOP('',(#935,#936,#937,#938));
#6250=EDGE_LOOP('',(#939,#940,#941,#942));
#6251=EDGE_LOOP('',(#943,#944,#945,#946));
#6252=EDGE_LOOP('',(#947,#948,#949,#950));
#6253=EDGE_LOOP('',(#951,#952,#953,#954));
#6254=EDGE_LOOP('',(#955,#956,#957,#958));
#6255=EDGE_LOOP('',(#959,#960,#961,#962));
#6256=EDGE_LOOP('',(#963,#964,#965,#966,#967,#968,#969,#970,#971,#972,#973,
#974));
#6257=EDGE_LOOP('',(#975,#976,#977,#978,#979,#980,#981,#982));
#6258=EDGE_LOOP('',(#983,#984,#985,#986,#987,#988,#989,#990,#991,#992,#993,
#994,#995,#996,#997,#998));
#6259=EDGE_LOOP('',(#999,#1000,#1001,#1002));
#6260=EDGE_LOOP('',(#1003,#1004,#1005,#1006));
#6261=EDGE_LOOP('',(#1007,#1008,#1009,#1010));
#6262=EDGE_LOOP('',(#1011,#1012,#1013,#1014));
#6263=EDGE_LOOP('',(#1015,#1016,#1017,#1018));
#6264=EDGE_LOOP('',(#1019,#1020,#1021,#1022));
#6265=EDGE_LOOP('',(#1023,#1024,#1025,#1026));
#6266=EDGE_LOOP('',(#1027,#1028,#1029,#1030));
#6267=EDGE_LOOP('',(#1031,#1032,#1033,#1034));
#6268=EDGE_LOOP('',(#1035,#1036,#1037,#1038));
#6269=EDGE_LOOP('',(#1039,#1040,#1041,#1042));
#6270=EDGE_LOOP('',(#1043,#1044,#1045,#1046));
#6271=EDGE_LOOP('',(#1047,#1048,#1049,#1050));
#6272=EDGE_LOOP('',(#1051,#1052,#1053,#1054));
#6273=EDGE_LOOP('',(#1055,#1056,#1057,#1058));
#6274=EDGE_LOOP('',(#1059,#1060,#1061,#1062));
#6275=EDGE_LOOP('',(#1063,#1064,#1065,#1066,#1067,#1068,#1069,#1070,#1071,
#1072,#1073,#1074,#1075,#1076,#1077,#1078));
#6276=EDGE_LOOP('',(#1079,#1080,#1081,#1082));
#6277=EDGE_LOOP('',(#1083,#1084,#1085,#1086));
#6278=EDGE_LOOP('',(#1087,#1088,#1089,#1090));
#6279=EDGE_LOOP('',(#1091,#1092,#1093,#1094));
#6280=EDGE_LOOP('',(#1095,#1096,#1097,#1098));
#6281=EDGE_LOOP('',(#1099,#1100,#1101,#1102));
#6282=EDGE_LOOP('',(#1103,#1104,#1105,#1106));
#6283=EDGE_LOOP('',(#1107,#1108,#1109,#1110));
#6284=EDGE_LOOP('',(#1111));
#6285=EDGE_LOOP('',(#1112));
#6286=EDGE_LOOP('',(#1113,#1114,#1115,#1116,#1117,#1118,#1119,#1120));
#6287=EDGE_LOOP('',(#1121));
#6288=EDGE_LOOP('',(#1122));
#6289=EDGE_LOOP('',(#1123,#1124,#1125,#1126,#1127,#1128,#1129,#1130,#1131,
#1132,#1133,#1134));
#6290=EDGE_LOOP('',(#1135,#1136,#1137,#1138));
#6291=EDGE_LOOP('',(#1139,#1140,#1141,#1142));
#6292=EDGE_LOOP('',(#1143,#1144,#1145,#1146));
#6293=EDGE_LOOP('',(#1147,#1148,#1149,#1150));
#6294=EDGE_LOOP('',(#1151,#1152,#1153,#1154));
#6295=EDGE_LOOP('',(#1155,#1156,#1157,#1158));
#6296=EDGE_LOOP('',(#1159,#1160,#1161,#1162));
#6297=EDGE_LOOP('',(#1163,#1164,#1165,#1166));
#6298=EDGE_LOOP('',(#1167,#1168,#1169,#1170));
#6299=EDGE_LOOP('',(#1171,#1172,#1173,#1174));
#6300=EDGE_LOOP('',(#1175,#1176,#1177,#1178));
#6301=EDGE_LOOP('',(#1179,#1180,#1181,#1182));
#6302=EDGE_LOOP('',(#1183,#1184,#1185,#1186,#1187,#1188,#1189,#1190,#1191,
#1192,#1193,#1194));
#6303=EDGE_LOOP('',(#1195,#1196,#1197,#1198,#1199,#1200,#1201,#1202));
#6304=EDGE_LOOP('',(#1203,#1204,#1205,#1206,#1207,#1208,#1209,#1210,#1211,
#1212,#1213,#1214));
#6305=EDGE_LOOP('',(#1215,#1216,#1217,#1218));
#6306=EDGE_LOOP('',(#1219,#1220,#1221,#1222));
#6307=EDGE_LOOP('',(#1223,#1224,#1225,#1226));
#6308=EDGE_LOOP('',(#1227,#1228,#1229,#1230));
#6309=EDGE_LOOP('',(#1231,#1232,#1233,#1234));
#6310=EDGE_LOOP('',(#1235,#1236,#1237,#1238));
#6311=EDGE_LOOP('',(#1239,#1240,#1241,#1242));
#6312=EDGE_LOOP('',(#1243,#1244,#1245,#1246));
#6313=EDGE_LOOP('',(#1247,#1248,#1249,#1250));
#6314=EDGE_LOOP('',(#1251,#1252,#1253,#1254));
#6315=EDGE_LOOP('',(#1255,#1256,#1257,#1258));
#6316=EDGE_LOOP('',(#1259,#1260,#1261,#1262));
#6317=EDGE_LOOP('',(#1263,#1264,#1265,#1266,#1267,#1268,#1269,#1270,#1271,
#1272,#1273,#1274));
#6318=EDGE_LOOP('',(#1275,#1276,#1277,#1278));
#6319=EDGE_LOOP('',(#1279,#1280,#1281,#1282));
#6320=EDGE_LOOP('',(#1283,#1284,#1285,#1286));
#6321=EDGE_LOOP('',(#1287,#1288,#1289,#1290));
#6322=EDGE_LOOP('',(#1291,#1292,#1293,#1294));
#6323=EDGE_LOOP('',(#1295,#1296,#1297,#1298));
#6324=EDGE_LOOP('',(#1299,#1300,#1301,#1302));
#6325=EDGE_LOOP('',(#1303,#1304,#1305,#1306));
#6326=EDGE_LOOP('',(#1307));
#6327=EDGE_LOOP('',(#1308));
#6328=EDGE_LOOP('',(#1309,#1310,#1311,#1312,#1313,#1314,#1315,#1316));
#6329=EDGE_LOOP('',(#1317));
#6330=EDGE_LOOP('',(#1318));
#6331=EDGE_LOOP('',(#1319,#1320,#1321,#1322,#1323,#1324,#1325,#1326,#1327,
#1328,#1329,#1330));
#6332=EDGE_LOOP('',(#1331,#1332,#1333,#1334));
#6333=EDGE_LOOP('',(#1335,#1336,#1337,#1338));
#6334=EDGE_LOOP('',(#1339,#1340,#1341,#1342));
#6335=EDGE_LOOP('',(#1343,#1344,#1345,#1346));
#6336=EDGE_LOOP('',(#1347,#1348,#1349,#1350));
#6337=EDGE_LOOP('',(#1351,#1352,#1353,#1354));
#6338=EDGE_LOOP('',(#1355,#1356,#1357,#1358));
#6339=EDGE_LOOP('',(#1359,#1360,#1361,#1362));
#6340=EDGE_LOOP('',(#1363,#1364,#1365,#1366));
#6341=EDGE_LOOP('',(#1367,#1368,#1369,#1370));
#6342=EDGE_LOOP('',(#1371,#1372,#1373,#1374));
#6343=EDGE_LOOP('',(#1375,#1376,#1377,#1378));
#6344=EDGE_LOOP('',(#1379,#1380,#1381,#1382,#1383,#1384,#1385,#1386,#1387,
#1388,#1389,#1390));
#6345=EDGE_LOOP('',(#1391,#1392,#1393,#1394,#1395,#1396,#1397,#1398));
#6346=EDGE_LOOP('',(#1399,#1400,#1401,#1402,#1403,#1404,#1405,#1406,#1407,
#1408,#1409,#1410,#1411,#1412,#1413,#1414));
#6347=EDGE_LOOP('',(#1415,#1416,#1417,#1418));
#6348=EDGE_LOOP('',(#1419,#1420,#1421,#1422));
#6349=EDGE_LOOP('',(#1423,#1424,#1425,#1426));
#6350=EDGE_LOOP('',(#1427,#1428,#1429,#1430));
#6351=EDGE_LOOP('',(#1431,#1432,#1433,#1434));
#6352=EDGE_LOOP('',(#1435,#1436,#1437,#1438));
#6353=EDGE_LOOP('',(#1439,#1440,#1441,#1442));
#6354=EDGE_LOOP('',(#1443,#1444,#1445,#1446));
#6355=EDGE_LOOP('',(#1447,#1448,#1449,#1450));
#6356=EDGE_LOOP('',(#1451,#1452,#1453,#1454));
#6357=EDGE_LOOP('',(#1455,#1456,#1457,#1458));
#6358=EDGE_LOOP('',(#1459,#1460,#1461,#1462));
#6359=EDGE_LOOP('',(#1463,#1464,#1465,#1466));
#6360=EDGE_LOOP('',(#1467,#1468,#1469,#1470));
#6361=EDGE_LOOP('',(#1471,#1472,#1473,#1474));
#6362=EDGE_LOOP('',(#1475,#1476,#1477,#1478));
#6363=EDGE_LOOP('',(#1479,#1480,#1481,#1482,#1483,#1484,#1485,#1486,#1487,
#1488,#1489,#1490,#1491,#1492,#1493,#1494));
#6364=EDGE_LOOP('',(#1495,#1496,#1497,#1498));
#6365=EDGE_LOOP('',(#1499,#1500,#1501,#1502));
#6366=EDGE_LOOP('',(#1503,#1504,#1505,#1506));
#6367=EDGE_LOOP('',(#1507,#1508,#1509,#1510));
#6368=EDGE_LOOP('',(#1511,#1512,#1513,#1514));
#6369=EDGE_LOOP('',(#1515,#1516,#1517,#1518));
#6370=EDGE_LOOP('',(#1519,#1520,#1521,#1522));
#6371=EDGE_LOOP('',(#1523,#1524,#1525,#1526));
#6372=EDGE_LOOP('',(#1527));
#6373=EDGE_LOOP('',(#1528));
#6374=EDGE_LOOP('',(#1529,#1530,#1531,#1532,#1533,#1534,#1535,#1536));
#6375=EDGE_LOOP('',(#1537));
#6376=EDGE_LOOP('',(#1538));
#6377=EDGE_LOOP('',(#1539,#1540,#1541,#1542,#1543,#1544,#1545,#1546,#1547,
#1548,#1549,#1550));
#6378=EDGE_LOOP('',(#1551,#1552,#1553,#1554));
#6379=EDGE_LOOP('',(#1555,#1556,#1557,#1558));
#6380=EDGE_LOOP('',(#1559,#1560,#1561,#1562));
#6381=EDGE_LOOP('',(#1563,#1564,#1565,#1566));
#6382=EDGE_LOOP('',(#1567,#1568,#1569,#1570));
#6383=EDGE_LOOP('',(#1571,#1572,#1573,#1574));
#6384=EDGE_LOOP('',(#1575,#1576,#1577,#1578));
#6385=EDGE_LOOP('',(#1579,#1580,#1581,#1582));
#6386=EDGE_LOOP('',(#1583,#1584,#1585,#1586));
#6387=EDGE_LOOP('',(#1587,#1588,#1589,#1590));
#6388=EDGE_LOOP('',(#1591,#1592,#1593,#1594));
#6389=EDGE_LOOP('',(#1595,#1596,#1597,#1598));
#6390=EDGE_LOOP('',(#1599,#1600,#1601,#1602,#1603,#1604,#1605,#1606,#1607,
#1608,#1609,#1610));
#6391=EDGE_LOOP('',(#1611,#1612,#1613,#1614,#1615,#1616,#1617,#1618));
#6392=EDGE_LOOP('',(#1619,#1620,#1621,#1622,#1623,#1624,#1625,#1626));
#6393=EDGE_LOOP('',(#1627,#1628,#1629,#1630,#1631,#1632));
#6394=EDGE_LOOP('',(#1633,#1634,#1635,#1636,#1637,#1638));
#6395=EDGE_LOOP('',(#1639,#1640,#1641,#1642));
#6396=EDGE_LOOP('',(#1643,#1644,#1645,#1646));
#6397=EDGE_LOOP('',(#1647,#1648,#1649,#1650));
#6398=EDGE_LOOP('',(#1651,#1652,#1653,#1654));
#6399=EDGE_LOOP('',(#1655,#1656,#1657,#1658));
#6400=EDGE_LOOP('',(#1659,#1660,#1661,#1662));
#6401=EDGE_LOOP('',(#1663,#1664,#1665,#1666,#1667,#1668,#1669,#1670));
#6402=EDGE_LOOP('',(#1671,#1672,#1673,#1674));
#6403=EDGE_LOOP('',(#1675,#1676,#1677,#1678));
#6404=EDGE_LOOP('',(#1679));
#6405=EDGE_LOOP('',(#1680));
#6406=EDGE_LOOP('',(#1681,#1682,#1683,#1684));
#6407=EDGE_LOOP('',(#1685));
#6408=EDGE_LOOP('',(#1686));
#6409=EDGE_LOOP('',(#1687,#1688,#1689,#1690,#1691,#1692,#1693,#1694,#1695,
#1696,#1697,#1698));
#6410=EDGE_LOOP('',(#1699,#1700,#1701,#1702));
#6411=EDGE_LOOP('',(#1703,#1704,#1705,#1706));
#6412=EDGE_LOOP('',(#1707,#1708,#1709,#1710));
#6413=EDGE_LOOP('',(#1711,#1712,#1713,#1714));
#6414=EDGE_LOOP('',(#1715,#1716,#1717,#1718));
#6415=EDGE_LOOP('',(#1719,#1720,#1721,#1722));
#6416=EDGE_LOOP('',(#1723,#1724,#1725,#1726));
#6417=EDGE_LOOP('',(#1727,#1728,#1729,#1730));
#6418=EDGE_LOOP('',(#1731,#1732,#1733,#1734));
#6419=EDGE_LOOP('',(#1735,#1736,#1737,#1738));
#6420=EDGE_LOOP('',(#1739,#1740,#1741,#1742));
#6421=EDGE_LOOP('',(#1743,#1744,#1745,#1746));
#6422=EDGE_LOOP('',(#1747,#1748,#1749,#1750,#1751,#1752,#1753,#1754,#1755,
#1756,#1757,#1758));
#6423=EDGE_LOOP('',(#1759,#1760,#1761,#1762,#1763,#1764,#1765,#1766));
#6424=EDGE_LOOP('',(#1767,#1768,#1769,#1770,#1771,#1772,#1773,#1774,#1775,
#1776,#1777,#1778,#1779,#1780,#1781,#1782));
#6425=EDGE_LOOP('',(#1783,#1784,#1785,#1786));
#6426=EDGE_LOOP('',(#1787,#1788,#1789,#1790));
#6427=EDGE_LOOP('',(#1791,#1792,#1793,#1794));
#6428=EDGE_LOOP('',(#1795,#1796,#1797,#1798));
#6429=EDGE_LOOP('',(#1799,#1800,#1801,#1802));
#6430=EDGE_LOOP('',(#1803,#1804,#1805,#1806));
#6431=EDGE_LOOP('',(#1807,#1808,#1809,#1810));
#6432=EDGE_LOOP('',(#1811,#1812,#1813,#1814));
#6433=EDGE_LOOP('',(#1815,#1816,#1817,#1818));
#6434=EDGE_LOOP('',(#1819,#1820,#1821,#1822));
#6435=EDGE_LOOP('',(#1823,#1824,#1825,#1826));
#6436=EDGE_LOOP('',(#1827,#1828,#1829,#1830));
#6437=EDGE_LOOP('',(#1831,#1832,#1833,#1834));
#6438=EDGE_LOOP('',(#1835,#1836,#1837,#1838));
#6439=EDGE_LOOP('',(#1839,#1840,#1841,#1842));
#6440=EDGE_LOOP('',(#1843,#1844,#1845,#1846));
#6441=EDGE_LOOP('',(#1847,#1848,#1849,#1850,#1851,#1852,#1853,#1854,#1855,
#1856,#1857,#1858,#1859,#1860,#1861,#1862));
#6442=EDGE_LOOP('',(#1863,#1864,#1865,#1866));
#6443=EDGE_LOOP('',(#1867,#1868,#1869,#1870));
#6444=EDGE_LOOP('',(#1871,#1872,#1873,#1874));
#6445=EDGE_LOOP('',(#1875,#1876,#1877,#1878));
#6446=EDGE_LOOP('',(#1879,#1880,#1881,#1882));
#6447=EDGE_LOOP('',(#1883,#1884,#1885,#1886));
#6448=EDGE_LOOP('',(#1887,#1888,#1889,#1890));
#6449=EDGE_LOOP('',(#1891,#1892,#1893,#1894));
#6450=EDGE_LOOP('',(#1895));
#6451=EDGE_LOOP('',(#1896));
#6452=EDGE_LOOP('',(#1897,#1898,#1899,#1900,#1901,#1902,#1903,#1904));
#6453=EDGE_LOOP('',(#1905));
#6454=EDGE_LOOP('',(#1906));
#6455=EDGE_LOOP('',(#1907,#1908,#1909,#1910,#1911,#1912,#1913,#1914,#1915,
#1916,#1917,#1918));
#6456=EDGE_LOOP('',(#1919,#1920,#1921,#1922));
#6457=EDGE_LOOP('',(#1923,#1924,#1925,#1926));
#6458=EDGE_LOOP('',(#1927,#1928,#1929,#1930));
#6459=EDGE_LOOP('',(#1931,#1932,#1933,#1934));
#6460=EDGE_LOOP('',(#1935,#1936,#1937,#1938));
#6461=EDGE_LOOP('',(#1939,#1940,#1941,#1942));
#6462=EDGE_LOOP('',(#1943,#1944,#1945,#1946));
#6463=EDGE_LOOP('',(#1947,#1948,#1949,#1950));
#6464=EDGE_LOOP('',(#1951,#1952,#1953,#1954));
#6465=EDGE_LOOP('',(#1955,#1956,#1957,#1958));
#6466=EDGE_LOOP('',(#1959,#1960,#1961,#1962));
#6467=EDGE_LOOP('',(#1963,#1964,#1965,#1966));
#6468=EDGE_LOOP('',(#1967,#1968,#1969,#1970,#1971,#1972,#1973,#1974,#1975,
#1976,#1977,#1978));
#6469=EDGE_LOOP('',(#1979,#1980,#1981,#1982,#1983,#1984,#1985,#1986));
#6470=EDGE_LOOP('',(#1987,#1988,#1989,#1990,#1991,#1992,#1993,#1994,#1995,
#1996,#1997,#1998,#1999,#2000,#2001,#2002,#2003,#2004,#2005,#2006));
#6471=EDGE_LOOP('',(#2007,#2008,#2009,#2010));
#6472=EDGE_LOOP('',(#2011,#2012,#2013,#2014));
#6473=EDGE_LOOP('',(#2015,#2016,#2017,#2018));
#6474=EDGE_LOOP('',(#2019,#2020,#2021,#2022));
#6475=EDGE_LOOP('',(#2023,#2024,#2025,#2026));
#6476=EDGE_LOOP('',(#2027,#2028,#2029,#2030));
#6477=EDGE_LOOP('',(#2031,#2032,#2033,#2034));
#6478=EDGE_LOOP('',(#2035,#2036,#2037,#2038));
#6479=EDGE_LOOP('',(#2039,#2040,#2041,#2042));
#6480=EDGE_LOOP('',(#2043,#2044,#2045,#2046));
#6481=EDGE_LOOP('',(#2047,#2048,#2049,#2050));
#6482=EDGE_LOOP('',(#2051,#2052,#2053,#2054));
#6483=EDGE_LOOP('',(#2055,#2056,#2057,#2058));
#6484=EDGE_LOOP('',(#2059,#2060,#2061,#2062));
#6485=EDGE_LOOP('',(#2063,#2064,#2065,#2066));
#6486=EDGE_LOOP('',(#2067,#2068,#2069,#2070));
#6487=EDGE_LOOP('',(#2071,#2072,#2073,#2074));
#6488=EDGE_LOOP('',(#2075,#2076,#2077,#2078));
#6489=EDGE_LOOP('',(#2079,#2080,#2081,#2082));
#6490=EDGE_LOOP('',(#2083,#2084,#2085,#2086));
#6491=EDGE_LOOP('',(#2087,#2088,#2089,#2090,#2091,#2092,#2093,#2094,#2095,
#2096,#2097,#2098,#2099,#2100,#2101,#2102,#2103,#2104,#2105,#2106));
#6492=EDGE_LOOP('',(#2107,#2108,#2109,#2110));
#6493=EDGE_LOOP('',(#2111,#2112,#2113,#2114));
#6494=EDGE_LOOP('',(#2115,#2116,#2117,#2118));
#6495=EDGE_LOOP('',(#2119,#2120,#2121,#2122));
#6496=EDGE_LOOP('',(#2123,#2124,#2125,#2126));
#6497=EDGE_LOOP('',(#2127,#2128,#2129,#2130));
#6498=EDGE_LOOP('',(#2131,#2132,#2133,#2134));
#6499=EDGE_LOOP('',(#2135));
#6500=EDGE_LOOP('',(#2136));
#6501=EDGE_LOOP('',(#2137,#2138,#2139,#2140));
#6502=EDGE_LOOP('',(#2141));
#6503=EDGE_LOOP('',(#2142,#2143,#2144,#2145,#2146,#2147,#2148,#2149));
#6504=EDGE_LOOP('',(#2150));
#6505=EDGE_LOOP('',(#2151,#2152,#2153,#2154,#2155,#2156,#2157,#2158,#2159,
#2160,#2161,#2162));
#6506=EDGE_LOOP('',(#2163,#2164,#2165,#2166));
#6507=EDGE_LOOP('',(#2167,#2168,#2169,#2170));
#6508=EDGE_LOOP('',(#2171,#2172,#2173,#2174));
#6509=EDGE_LOOP('',(#2175,#2176,#2177,#2178));
#6510=EDGE_LOOP('',(#2179,#2180,#2181,#2182));
#6511=EDGE_LOOP('',(#2183,#2184,#2185,#2186));
#6512=EDGE_LOOP('',(#2187,#2188,#2189,#2190));
#6513=EDGE_LOOP('',(#2191,#2192,#2193,#2194));
#6514=EDGE_LOOP('',(#2195,#2196,#2197,#2198));
#6515=EDGE_LOOP('',(#2199,#2200,#2201,#2202));
#6516=EDGE_LOOP('',(#2203,#2204,#2205,#2206));
#6517=EDGE_LOOP('',(#2207,#2208,#2209,#2210));
#6518=EDGE_LOOP('',(#2211,#2212,#2213,#2214,#2215,#2216,#2217,#2218,#2219,
#2220,#2221,#2222));
#6519=EDGE_LOOP('',(#2223,#2224,#2225,#2226,#2227,#2228,#2229,#2230));
#6520=EDGE_LOOP('',(#2231,#2232,#2233,#2234,#2235,#2236,#2237,#2238));
#6521=EDGE_LOOP('',(#2239,#2240,#2241,#2242,#2243,#2244));
#6522=EDGE_LOOP('',(#2245,#2246,#2247,#2248,#2249,#2250));
#6523=EDGE_LOOP('',(#2251,#2252,#2253,#2254));
#6524=EDGE_LOOP('',(#2255,#2256,#2257,#2258));
#6525=EDGE_LOOP('',(#2259,#2260,#2261,#2262));
#6526=EDGE_LOOP('',(#2263,#2264,#2265,#2266));
#6527=EDGE_LOOP('',(#2267,#2268,#2269,#2270));
#6528=EDGE_LOOP('',(#2271,#2272,#2273,#2274));
#6529=EDGE_LOOP('',(#2275,#2276,#2277,#2278,#2279,#2280,#2281,#2282));
#6530=EDGE_LOOP('',(#2283,#2284,#2285,#2286));
#6531=EDGE_LOOP('',(#2287,#2288,#2289,#2290));
#6532=EDGE_LOOP('',(#2291));
#6533=EDGE_LOOP('',(#2292));
#6534=EDGE_LOOP('',(#2293,#2294,#2295,#2296));
#6535=EDGE_LOOP('',(#2297));
#6536=EDGE_LOOP('',(#2298));
#6537=EDGE_LOOP('',(#2299,#2300,#2301,#2302,#2303,#2304,#2305,#2306,#2307,
#2308,#2309,#2310));
#6538=EDGE_LOOP('',(#2311,#2312,#2313,#2314));
#6539=EDGE_LOOP('',(#2315,#2316,#2317,#2318));
#6540=EDGE_LOOP('',(#2319,#2320,#2321,#2322));
#6541=EDGE_LOOP('',(#2323,#2324,#2325,#2326));
#6542=EDGE_LOOP('',(#2327,#2328,#2329,#2330));
#6543=EDGE_LOOP('',(#2331,#2332,#2333,#2334));
#6544=EDGE_LOOP('',(#2335,#2336,#2337,#2338));
#6545=EDGE_LOOP('',(#2339,#2340,#2341,#2342));
#6546=EDGE_LOOP('',(#2343,#2344,#2345,#2346));
#6547=EDGE_LOOP('',(#2347,#2348,#2349,#2350));
#6548=EDGE_LOOP('',(#2351,#2352,#2353,#2354));
#6549=EDGE_LOOP('',(#2355,#2356,#2357,#2358));
#6550=EDGE_LOOP('',(#2359,#2360,#2361,#2362,#2363,#2364,#2365,#2366,#2367,
#2368,#2369,#2370));
#6551=EDGE_LOOP('',(#2371,#2372,#2373,#2374,#2375,#2376,#2377,#2378));
#6552=EDGE_LOOP('',(#2379,#2380,#2381,#2382,#2383,#2384,#2385,#2386));
#6553=EDGE_LOOP('',(#2387,#2388,#2389,#2390));
#6554=EDGE_LOOP('',(#2391,#2392,#2393,#2394));
#6555=EDGE_LOOP('',(#2395,#2396,#2397,#2398));
#6556=EDGE_LOOP('',(#2399,#2400,#2401,#2402));
#6557=EDGE_LOOP('',(#2403,#2404,#2405,#2406));
#6558=EDGE_LOOP('',(#2407,#2408,#2409,#2410));
#6559=EDGE_LOOP('',(#2411,#2412,#2413,#2414));
#6560=EDGE_LOOP('',(#2415,#2416,#2417,#2418));
#6561=EDGE_LOOP('',(#2419,#2420,#2421,#2422,#2423,#2424,#2425,#2426));
#6562=EDGE_LOOP('',(#2427,#2428,#2429,#2430));
#6563=EDGE_LOOP('',(#2431,#2432,#2433,#2434));
#6564=EDGE_LOOP('',(#2435,#2436,#2437,#2438));
#6565=EDGE_LOOP('',(#2439,#2440,#2441,#2442));
#6566=EDGE_LOOP('',(#2443,#2444,#2445,#2446));
#6567=EDGE_LOOP('',(#2447,#2448,#2449,#2450));
#6568=EDGE_LOOP('',(#2451,#2452,#2453,#2454));
#6569=EDGE_LOOP('',(#2455,#2456,#2457,#2458));
#6570=EDGE_LOOP('',(#2459));
#6571=EDGE_LOOP('',(#2460));
#6572=EDGE_LOOP('',(#2461,#2462,#2463,#2464,#2465,#2466,#2467,#2468));
#6573=EDGE_LOOP('',(#2469));
#6574=EDGE_LOOP('',(#2470));
#6575=EDGE_LOOP('',(#2471,#2472,#2473,#2474,#2475,#2476,#2477,#2478,#2479,
#2480,#2481,#2482));
#6576=EDGE_LOOP('',(#2483,#2484,#2485,#2486));
#6577=EDGE_LOOP('',(#2487,#2488,#2489,#2490));
#6578=EDGE_LOOP('',(#2491,#2492,#2493,#2494));
#6579=EDGE_LOOP('',(#2495,#2496,#2497,#2498));
#6580=EDGE_LOOP('',(#2499,#2500,#2501,#2502));
#6581=EDGE_LOOP('',(#2503,#2504,#2505,#2506));
#6582=EDGE_LOOP('',(#2507,#2508,#2509,#2510));
#6583=EDGE_LOOP('',(#2511,#2512,#2513,#2514));
#6584=EDGE_LOOP('',(#2515,#2516,#2517,#2518));
#6585=EDGE_LOOP('',(#2519,#2520,#2521,#2522));
#6586=EDGE_LOOP('',(#2523,#2524,#2525,#2526));
#6587=EDGE_LOOP('',(#2527,#2528,#2529,#2530));
#6588=EDGE_LOOP('',(#2531,#2532,#2533,#2534,#2535,#2536,#2537,#2538,#2539,
#2540,#2541,#2542));
#6589=FACE_BOUND('',#6123,.T.);
#6590=FACE_BOUND('',#6124,.T.);
#6591=FACE_BOUND('',#6125,.T.);
#6592=FACE_BOUND('',#6126,.T.);
#6593=FACE_BOUND('',#6127,.T.);
#6594=FACE_BOUND('',#6128,.T.);
#6595=FACE_BOUND('',#6129,.T.);
#6596=FACE_BOUND('',#6130,.T.);
#6597=FACE_BOUND('',#6131,.T.);
#6598=FACE_BOUND('',#6132,.T.);
#6599=FACE_BOUND('',#6133,.T.);
#6600=FACE_BOUND('',#6134,.T.);
#6601=FACE_BOUND('',#6135,.T.);
#6602=FACE_BOUND('',#6136,.T.);
#6603=FACE_BOUND('',#6137,.T.);
#6604=FACE_BOUND('',#6138,.T.);
#6605=FACE_BOUND('',#6139,.T.);
#6606=FACE_BOUND('',#6140,.T.);
#6607=FACE_BOUND('',#6141,.T.);
#6608=FACE_BOUND('',#6142,.T.);
#6609=FACE_BOUND('',#6143,.T.);
#6610=FACE_BOUND('',#6144,.T.);
#6611=FACE_BOUND('',#6145,.T.);
#6612=FACE_BOUND('',#6146,.T.);
#6613=FACE_BOUND('',#6147,.T.);
#6614=FACE_BOUND('',#6148,.T.);
#6615=FACE_BOUND('',#6149,.T.);
#6616=FACE_BOUND('',#6150,.T.);
#6617=FACE_BOUND('',#6151,.T.);
#6618=FACE_BOUND('',#6152,.T.);
#6619=FACE_BOUND('',#6153,.T.);
#6620=FACE_BOUND('',#6154,.T.);
#6621=FACE_BOUND('',#6155,.T.);
#6622=FACE_BOUND('',#6156,.T.);
#6623=FACE_BOUND('',#6157,.T.);
#6624=FACE_BOUND('',#6158,.T.);
#6625=FACE_BOUND('',#6159,.T.);
#6626=FACE_BOUND('',#6160,.T.);
#6627=FACE_BOUND('',#6161,.T.);
#6628=FACE_BOUND('',#6162,.T.);
#6629=FACE_BOUND('',#6163,.T.);
#6630=FACE_BOUND('',#6164,.T.);
#6631=FACE_BOUND('',#6165,.T.);
#6632=FACE_BOUND('',#6166,.T.);
#6633=FACE_BOUND('',#6167,.T.);
#6634=FACE_BOUND('',#6168,.T.);
#6635=FACE_BOUND('',#6169,.T.);
#6636=FACE_BOUND('',#6170,.T.);
#6637=FACE_BOUND('',#6171,.T.);
#6638=FACE_BOUND('',#6172,.T.);
#6639=FACE_BOUND('',#6173,.T.);
#6640=FACE_BOUND('',#6174,.T.);
#6641=FACE_BOUND('',#6175,.T.);
#6642=FACE_BOUND('',#6176,.T.);
#6643=FACE_BOUND('',#6177,.T.);
#6644=FACE_BOUND('',#6178,.T.);
#6645=FACE_BOUND('',#6179,.T.);
#6646=FACE_BOUND('',#6180,.T.);
#6647=FACE_BOUND('',#6181,.T.);
#6648=FACE_BOUND('',#6182,.T.);
#6649=FACE_BOUND('',#6183,.T.);
#6650=FACE_BOUND('',#6184,.T.);
#6651=FACE_BOUND('',#6185,.T.);
#6652=FACE_BOUND('',#6186,.T.);
#6653=FACE_BOUND('',#6187,.T.);
#6654=FACE_BOUND('',#6188,.T.);
#6655=FACE_BOUND('',#6189,.T.);
#6656=FACE_BOUND('',#6190,.T.);
#6657=FACE_BOUND('',#6191,.T.);
#6658=FACE_BOUND('',#6192,.T.);
#6659=FACE_BOUND('',#6193,.T.);
#6660=FACE_BOUND('',#6194,.T.);
#6661=FACE_BOUND('',#6195,.T.);
#6662=FACE_BOUND('',#6196,.T.);
#6663=FACE_BOUND('',#6197,.T.);
#6664=FACE_BOUND('',#6198,.T.);
#6665=FACE_BOUND('',#6199,.T.);
#6666=FACE_BOUND('',#6200,.T.);
#6667=FACE_BOUND('',#6201,.T.);
#6668=FACE_BOUND('',#6202,.T.);
#6669=FACE_BOUND('',#6203,.T.);
#6670=FACE_BOUND('',#6204,.T.);
#6671=FACE_BOUND('',#6205,.T.);
#6672=FACE_BOUND('',#6206,.T.);
#6673=FACE_BOUND('',#6207,.T.);
#6674=FACE_BOUND('',#6208,.T.);
#6675=FACE_BOUND('',#6209,.T.);
#6676=FACE_BOUND('',#6210,.T.);
#6677=FACE_BOUND('',#6211,.T.);
#6678=FACE_BOUND('',#6212,.T.);
#6679=FACE_BOUND('',#6213,.T.);
#6680=FACE_BOUND('',#6214,.T.);
#6681=FACE_BOUND('',#6215,.T.);
#6682=FACE_BOUND('',#6216,.T.);
#6683=FACE_BOUND('',#6217,.T.);
#6684=FACE_BOUND('',#6218,.T.);
#6685=FACE_BOUND('',#6219,.T.);
#6686=FACE_BOUND('',#6220,.T.);
#6687=FACE_BOUND('',#6221,.T.);
#6688=FACE_BOUND('',#6222,.T.);
#6689=FACE_BOUND('',#6223,.T.);
#6690=FACE_BOUND('',#6224,.T.);
#6691=FACE_BOUND('',#6225,.T.);
#6692=FACE_BOUND('',#6226,.T.);
#6693=FACE_BOUND('',#6227,.T.);
#6694=FACE_BOUND('',#6228,.T.);
#6695=FACE_BOUND('',#6229,.T.);
#6696=FACE_BOUND('',#6230,.T.);
#6697=FACE_BOUND('',#6231,.T.);
#6698=FACE_BOUND('',#6232,.T.);
#6699=FACE_BOUND('',#6233,.T.);
#6700=FACE_BOUND('',#6234,.T.);
#6701=FACE_BOUND('',#6235,.T.);
#6702=FACE_BOUND('',#6236,.T.);
#6703=FACE_BOUND('',#6237,.T.);
#6704=FACE_BOUND('',#6238,.T.);
#6705=FACE_BOUND('',#6239,.T.);
#6706=FACE_BOUND('',#6240,.T.);
#6707=FACE_BOUND('',#6241,.T.);
#6708=FACE_BOUND('',#6242,.T.);
#6709=FACE_BOUND('',#6243,.T.);
#6710=FACE_BOUND('',#6244,.T.);
#6711=FACE_BOUND('',#6245,.T.);
#6712=FACE_BOUND('',#6246,.T.);
#6713=FACE_BOUND('',#6247,.T.);
#6714=FACE_BOUND('',#6248,.T.);
#6715=FACE_BOUND('',#6249,.T.);
#6716=FACE_BOUND('',#6250,.T.);
#6717=FACE_BOUND('',#6251,.T.);
#6718=FACE_BOUND('',#6252,.T.);
#6719=FACE_BOUND('',#6253,.T.);
#6720=FACE_BOUND('',#6254,.T.);
#6721=FACE_BOUND('',#6255,.T.);
#6722=FACE_BOUND('',#6256,.T.);
#6723=FACE_BOUND('',#6257,.T.);
#6724=FACE_BOUND('',#6258,.T.);
#6725=FACE_BOUND('',#6259,.T.);
#6726=FACE_BOUND('',#6260,.T.);
#6727=FACE_BOUND('',#6261,.T.);
#6728=FACE_BOUND('',#6262,.T.);
#6729=FACE_BOUND('',#6263,.T.);
#6730=FACE_BOUND('',#6264,.T.);
#6731=FACE_BOUND('',#6265,.T.);
#6732=FACE_BOUND('',#6266,.T.);
#6733=FACE_BOUND('',#6267,.T.);
#6734=FACE_BOUND('',#6268,.T.);
#6735=FACE_BOUND('',#6269,.T.);
#6736=FACE_BOUND('',#6270,.T.);
#6737=FACE_BOUND('',#6271,.T.);
#6738=FACE_BOUND('',#6272,.T.);
#6739=FACE_BOUND('',#6273,.T.);
#6740=FACE_BOUND('',#6274,.T.);
#6741=FACE_BOUND('',#6275,.T.);
#6742=FACE_BOUND('',#6276,.T.);
#6743=FACE_BOUND('',#6277,.T.);
#6744=FACE_BOUND('',#6278,.T.);
#6745=FACE_BOUND('',#6279,.T.);
#6746=FACE_BOUND('',#6280,.T.);
#6747=FACE_BOUND('',#6281,.T.);
#6748=FACE_BOUND('',#6282,.T.);
#6749=FACE_BOUND('',#6283,.T.);
#6750=FACE_BOUND('',#6284,.T.);
#6751=FACE_BOUND('',#6285,.T.);
#6752=FACE_BOUND('',#6286,.T.);
#6753=FACE_BOUND('',#6287,.T.);
#6754=FACE_BOUND('',#6288,.T.);
#6755=FACE_BOUND('',#6289,.T.);
#6756=FACE_BOUND('',#6290,.T.);
#6757=FACE_BOUND('',#6291,.T.);
#6758=FACE_BOUND('',#6292,.T.);
#6759=FACE_BOUND('',#6293,.T.);
#6760=FACE_BOUND('',#6294,.T.);
#6761=FACE_BOUND('',#6295,.T.);
#6762=FACE_BOUND('',#6296,.T.);
#6763=FACE_BOUND('',#6297,.T.);
#6764=FACE_BOUND('',#6298,.T.);
#6765=FACE_BOUND('',#6299,.T.);
#6766=FACE_BOUND('',#6300,.T.);
#6767=FACE_BOUND('',#6301,.T.);
#6768=FACE_BOUND('',#6302,.T.);
#6769=FACE_BOUND('',#6303,.T.);
#6770=FACE_BOUND('',#6304,.T.);
#6771=FACE_BOUND('',#6305,.T.);
#6772=FACE_BOUND('',#6306,.T.);
#6773=FACE_BOUND('',#6307,.T.);
#6774=FACE_BOUND('',#6308,.T.);
#6775=FACE_BOUND('',#6309,.T.);
#6776=FACE_BOUND('',#6310,.T.);
#6777=FACE_BOUND('',#6311,.T.);
#6778=FACE_BOUND('',#6312,.T.);
#6779=FACE_BOUND('',#6313,.T.);
#6780=FACE_BOUND('',#6314,.T.);
#6781=FACE_BOUND('',#6315,.T.);
#6782=FACE_BOUND('',#6316,.T.);
#6783=FACE_BOUND('',#6317,.T.);
#6784=FACE_BOUND('',#6318,.T.);
#6785=FACE_BOUND('',#6319,.T.);
#6786=FACE_BOUND('',#6320,.T.);
#6787=FACE_BOUND('',#6321,.T.);
#6788=FACE_BOUND('',#6322,.T.);
#6789=FACE_BOUND('',#6323,.T.);
#6790=FACE_BOUND('',#6324,.T.);
#6791=FACE_BOUND('',#6325,.T.);
#6792=FACE_BOUND('',#6326,.T.);
#6793=FACE_BOUND('',#6327,.T.);
#6794=FACE_BOUND('',#6328,.T.);
#6795=FACE_BOUND('',#6329,.T.);
#6796=FACE_BOUND('',#6330,.T.);
#6797=FACE_BOUND('',#6331,.T.);
#6798=FACE_BOUND('',#6332,.T.);
#6799=FACE_BOUND('',#6333,.T.);
#6800=FACE_BOUND('',#6334,.T.);
#6801=FACE_BOUND('',#6335,.T.);
#6802=FACE_BOUND('',#6336,.T.);
#6803=FACE_BOUND('',#6337,.T.);
#6804=FACE_BOUND('',#6338,.T.);
#6805=FACE_BOUND('',#6339,.T.);
#6806=FACE_BOUND('',#6340,.T.);
#6807=FACE_BOUND('',#6341,.T.);
#6808=FACE_BOUND('',#6342,.T.);
#6809=FACE_BOUND('',#6343,.T.);
#6810=FACE_BOUND('',#6344,.T.);
#6811=FACE_BOUND('',#6345,.T.);
#6812=FACE_BOUND('',#6346,.T.);
#6813=FACE_BOUND('',#6347,.T.);
#6814=FACE_BOUND('',#6348,.T.);
#6815=FACE_BOUND('',#6349,.T.);
#6816=FACE_BOUND('',#6350,.T.);
#6817=FACE_BOUND('',#6351,.T.);
#6818=FACE_BOUND('',#6352,.T.);
#6819=FACE_BOUND('',#6353,.T.);
#6820=FACE_BOUND('',#6354,.T.);
#6821=FACE_BOUND('',#6355,.T.);
#6822=FACE_BOUND('',#6356,.T.);
#6823=FACE_BOUND('',#6357,.T.);
#6824=FACE_BOUND('',#6358,.T.);
#6825=FACE_BOUND('',#6359,.T.);
#6826=FACE_BOUND('',#6360,.T.);
#6827=FACE_BOUND('',#6361,.T.);
#6828=FACE_BOUND('',#6362,.T.);
#6829=FACE_BOUND('',#6363,.T.);
#6830=FACE_BOUND('',#6364,.T.);
#6831=FACE_BOUND('',#6365,.T.);
#6832=FACE_BOUND('',#6366,.T.);
#6833=FACE_BOUND('',#6367,.T.);
#6834=FACE_BOUND('',#6368,.T.);
#6835=FACE_BOUND('',#6369,.T.);
#6836=FACE_BOUND('',#6370,.T.);
#6837=FACE_BOUND('',#6371,.T.);
#6838=FACE_BOUND('',#6372,.T.);
#6839=FACE_BOUND('',#6373,.T.);
#6840=FACE_BOUND('',#6374,.T.);
#6841=FACE_BOUND('',#6375,.T.);
#6842=FACE_BOUND('',#6376,.T.);
#6843=FACE_BOUND('',#6377,.T.);
#6844=FACE_BOUND('',#6378,.T.);
#6845=FACE_BOUND('',#6379,.T.);
#6846=FACE_BOUND('',#6380,.T.);
#6847=FACE_BOUND('',#6381,.T.);
#6848=FACE_BOUND('',#6382,.T.);
#6849=FACE_BOUND('',#6383,.T.);
#6850=FACE_BOUND('',#6384,.T.);
#6851=FACE_BOUND('',#6385,.T.);
#6852=FACE_BOUND('',#6386,.T.);
#6853=FACE_BOUND('',#6387,.T.);
#6854=FACE_BOUND('',#6388,.T.);
#6855=FACE_BOUND('',#6389,.T.);
#6856=FACE_BOUND('',#6390,.T.);
#6857=FACE_BOUND('',#6391,.T.);
#6858=FACE_BOUND('',#6392,.T.);
#6859=FACE_BOUND('',#6393,.T.);
#6860=FACE_BOUND('',#6394,.T.);
#6861=FACE_BOUND('',#6395,.T.);
#6862=FACE_BOUND('',#6396,.T.);
#6863=FACE_BOUND('',#6397,.T.);
#6864=FACE_BOUND('',#6398,.T.);
#6865=FACE_BOUND('',#6399,.T.);
#6866=FACE_BOUND('',#6400,.T.);
#6867=FACE_BOUND('',#6401,.T.);
#6868=FACE_BOUND('',#6402,.T.);
#6869=FACE_BOUND('',#6403,.T.);
#6870=FACE_BOUND('',#6404,.T.);
#6871=FACE_BOUND('',#6405,.T.);
#6872=FACE_BOUND('',#6406,.T.);
#6873=FACE_BOUND('',#6407,.T.);
#6874=FACE_BOUND('',#6408,.T.);
#6875=FACE_BOUND('',#6409,.T.);
#6876=FACE_BOUND('',#6410,.T.);
#6877=FACE_BOUND('',#6411,.T.);
#6878=FACE_BOUND('',#6412,.T.);
#6879=FACE_BOUND('',#6413,.T.);
#6880=FACE_BOUND('',#6414,.T.);
#6881=FACE_BOUND('',#6415,.T.);
#6882=FACE_BOUND('',#6416,.T.);
#6883=FACE_BOUND('',#6417,.T.);
#6884=FACE_BOUND('',#6418,.T.);
#6885=FACE_BOUND('',#6419,.T.);
#6886=FACE_BOUND('',#6420,.T.);
#6887=FACE_BOUND('',#6421,.T.);
#6888=FACE_BOUND('',#6422,.T.);
#6889=FACE_BOUND('',#6423,.T.);
#6890=FACE_BOUND('',#6424,.T.);
#6891=FACE_BOUND('',#6425,.T.);
#6892=FACE_BOUND('',#6426,.T.);
#6893=FACE_BOUND('',#6427,.T.);
#6894=FACE_BOUND('',#6428,.T.);
#6895=FACE_BOUND('',#6429,.T.);
#6896=FACE_BOUND('',#6430,.T.);
#6897=FACE_BOUND('',#6431,.T.);
#6898=FACE_BOUND('',#6432,.T.);
#6899=FACE_BOUND('',#6433,.T.);
#6900=FACE_BOUND('',#6434,.T.);
#6901=FACE_BOUND('',#6435,.T.);
#6902=FACE_BOUND('',#6436,.T.);
#6903=FACE_BOUND('',#6437,.T.);
#6904=FACE_BOUND('',#6438,.T.);
#6905=FACE_BOUND('',#6439,.T.);
#6906=FACE_BOUND('',#6440,.T.);
#6907=FACE_BOUND('',#6441,.T.);
#6908=FACE_BOUND('',#6442,.T.);
#6909=FACE_BOUND('',#6443,.T.);
#6910=FACE_BOUND('',#6444,.T.);
#6911=FACE_BOUND('',#6445,.T.);
#6912=FACE_BOUND('',#6446,.T.);
#6913=FACE_BOUND('',#6447,.T.);
#6914=FACE_BOUND('',#6448,.T.);
#6915=FACE_BOUND('',#6449,.T.);
#6916=FACE_BOUND('',#6450,.T.);
#6917=FACE_BOUND('',#6451,.T.);
#6918=FACE_BOUND('',#6452,.T.);
#6919=FACE_BOUND('',#6453,.T.);
#6920=FACE_BOUND('',#6454,.T.);
#6921=FACE_BOUND('',#6455,.T.);
#6922=FACE_BOUND('',#6456,.T.);
#6923=FACE_BOUND('',#6457,.T.);
#6924=FACE_BOUND('',#6458,.T.);
#6925=FACE_BOUND('',#6459,.T.);
#6926=FACE_BOUND('',#6460,.T.);
#6927=FACE_BOUND('',#6461,.T.);
#6928=FACE_BOUND('',#6462,.T.);
#6929=FACE_BOUND('',#6463,.T.);
#6930=FACE_BOUND('',#6464,.T.);
#6931=FACE_BOUND('',#6465,.T.);
#6932=FACE_BOUND('',#6466,.T.);
#6933=FACE_BOUND('',#6467,.T.);
#6934=FACE_BOUND('',#6468,.T.);
#6935=FACE_BOUND('',#6469,.T.);
#6936=FACE_BOUND('',#6470,.T.);
#6937=FACE_BOUND('',#6471,.T.);
#6938=FACE_BOUND('',#6472,.T.);
#6939=FACE_BOUND('',#6473,.T.);
#6940=FACE_BOUND('',#6474,.T.);
#6941=FACE_BOUND('',#6475,.T.);
#6942=FACE_BOUND('',#6476,.T.);
#6943=FACE_BOUND('',#6477,.T.);
#6944=FACE_BOUND('',#6478,.T.);
#6945=FACE_BOUND('',#6479,.T.);
#6946=FACE_BOUND('',#6480,.T.);
#6947=FACE_BOUND('',#6481,.T.);
#6948=FACE_BOUND('',#6482,.T.);
#6949=FACE_BOUND('',#6483,.T.);
#6950=FACE_BOUND('',#6484,.T.);
#6951=FACE_BOUND('',#6485,.T.);
#6952=FACE_BOUND('',#6486,.T.);
#6953=FACE_BOUND('',#6487,.T.);
#6954=FACE_BOUND('',#6488,.T.);
#6955=FACE_BOUND('',#6489,.T.);
#6956=FACE_BOUND('',#6490,.T.);
#6957=FACE_BOUND('',#6491,.T.);
#6958=FACE_BOUND('',#6492,.T.);
#6959=FACE_BOUND('',#6493,.T.);
#6960=FACE_BOUND('',#6494,.T.);
#6961=FACE_BOUND('',#6495,.T.);
#6962=FACE_BOUND('',#6496,.T.);
#6963=FACE_BOUND('',#6497,.T.);
#6964=FACE_BOUND('',#6498,.T.);
#6965=FACE_BOUND('',#6499,.T.);
#6966=FACE_BOUND('',#6500,.T.);
#6967=FACE_BOUND('',#6501,.T.);
#6968=FACE_BOUND('',#6502,.T.);
#6969=FACE_BOUND('',#6503,.T.);
#6970=FACE_BOUND('',#6504,.T.);
#6971=FACE_BOUND('',#6505,.T.);
#6972=FACE_BOUND('',#6506,.T.);
#6973=FACE_BOUND('',#6507,.T.);
#6974=FACE_BOUND('',#6508,.T.);
#6975=FACE_BOUND('',#6509,.T.);
#6976=FACE_BOUND('',#6510,.T.);
#6977=FACE_BOUND('',#6511,.T.);
#6978=FACE_BOUND('',#6512,.T.);
#6979=FACE_BOUND('',#6513,.T.);
#6980=FACE_BOUND('',#6514,.T.);
#6981=FACE_BOUND('',#6515,.T.);
#6982=FACE_BOUND('',#6516,.T.);
#6983=FACE_BOUND('',#6517,.T.);
#6984=FACE_BOUND('',#6518,.T.);
#6985=FACE_BOUND('',#6519,.T.);
#6986=FACE_BOUND('',#6520,.T.);
#6987=FACE_BOUND('',#6521,.T.);
#6988=FACE_BOUND('',#6522,.T.);
#6989=FACE_BOUND('',#6523,.T.);
#6990=FACE_BOUND('',#6524,.T.);
#6991=FACE_BOUND('',#6525,.T.);
#6992=FACE_BOUND('',#6526,.T.);
#6993=FACE_BOUND('',#6527,.T.);
#6994=FACE_BOUND('',#6528,.T.);
#6995=FACE_BOUND('',#6529,.T.);
#6996=FACE_BOUND('',#6530,.T.);
#6997=FACE_BOUND('',#6531,.T.);
#6998=FACE_BOUND('',#6532,.T.);
#6999=FACE_BOUND('',#6533,.T.);
#7000=FACE_BOUND('',#6534,.T.);
#7001=FACE_BOUND('',#6535,.T.);
#7002=FACE_BOUND('',#6536,.T.);
#7003=FACE_BOUND('',#6537,.T.);
#7004=FACE_BOUND('',#6538,.T.);
#7005=FACE_BOUND('',#6539,.T.);
#7006=FACE_BOUND('',#6540,.T.);
#7007=FACE_BOUND('',#6541,.T.);
#7008=FACE_BOUND('',#6542,.T.);
#7009=FACE_BOUND('',#6543,.T.);
#7010=FACE_BOUND('',#6544,.T.);
#7011=FACE_BOUND('',#6545,.T.);
#7012=FACE_BOUND('',#6546,.T.);
#7013=FACE_BOUND('',#6547,.T.);
#7014=FACE_BOUND('',#6548,.T.);
#7015=FACE_BOUND('',#6549,.T.);
#7016=FACE_BOUND('',#6550,.T.);
#7017=FACE_BOUND('',#6551,.T.);
#7018=FACE_BOUND('',#6552,.T.);
#7019=FACE_BOUND('',#6553,.T.);
#7020=FACE_BOUND('',#6554,.T.);
#7021=FACE_BOUND('',#6555,.T.);
#7022=FACE_BOUND('',#6556,.T.);
#7023=FACE_BOUND('',#6557,.T.);
#7024=FACE_BOUND('',#6558,.T.);
#7025=FACE_BOUND('',#6559,.T.);
#7026=FACE_BOUND('',#6560,.T.);
#7027=FACE_BOUND('',#6561,.T.);
#7028=FACE_BOUND('',#6562,.T.);
#7029=FACE_BOUND('',#6563,.T.);
#7030=FACE_BOUND('',#6564,.T.);
#7031=FACE_BOUND('',#6565,.T.);
#7032=FACE_BOUND('',#6566,.T.);
#7033=FACE_BOUND('',#6567,.T.);
#7034=FACE_BOUND('',#6568,.T.);
#7035=FACE_BOUND('',#6569,.T.);
#7036=FACE_BOUND('',#6570,.T.);
#7037=FACE_BOUND('',#6571,.T.);
#7038=FACE_BOUND('',#6572,.T.);
#7039=FACE_BOUND('',#6573,.T.);
#7040=FACE_BOUND('',#6574,.T.);
#7041=FACE_BOUND('',#6575,.T.);
#7042=FACE_BOUND('',#6576,.T.);
#7043=FACE_BOUND('',#6577,.T.);
#7044=FACE_BOUND('',#6578,.T.);
#7045=FACE_BOUND('',#6579,.T.);
#7046=FACE_BOUND('',#6580,.T.);
#7047=FACE_BOUND('',#6581,.T.);
#7048=FACE_BOUND('',#6582,.T.);
#7049=FACE_BOUND('',#6583,.T.);
#7050=FACE_BOUND('',#6584,.T.);
#7051=FACE_BOUND('',#6585,.T.);
#7052=FACE_BOUND('',#6586,.T.);
#7053=FACE_BOUND('',#6587,.T.);
#7054=FACE_BOUND('',#6588,.T.);
#7055=PLANE('',#7927);
#7056=PLANE('',#7928);
#7057=PLANE('',#7929);
#7058=PLANE('',#7932);
#7059=PLANE('',#7937);
#7060=PLANE('',#7942);
#7061=PLANE('',#7945);
#7062=PLANE('',#7946);
#7063=PLANE('',#7947);
#7064=PLANE('',#7951);
#7065=PLANE('',#7952);
#7066=PLANE('',#7953);
#7067=PLANE('',#7954);
#7068=PLANE('',#7955);
#7069=PLANE('',#7956);
#7070=PLANE('',#7957);
#7071=PLANE('',#7958);
#7072=PLANE('',#7959);
#7073=PLANE('',#7960);
#7074=PLANE('',#7961);
#7075=PLANE('',#7962);
#7076=PLANE('',#7963);
#7077=PLANE('',#7964);
#7078=PLANE('',#7965);
#7079=PLANE('',#7967);
#7080=PLANE('',#7976);
#7081=PLANE('',#7979);
#7082=PLANE('',#7982);
#7083=PLANE('',#7985);
#7084=PLANE('',#7988);
#7085=PLANE('',#7989);
#7086=PLANE('',#7992);
#7087=PLANE('',#7995);
#7088=PLANE('',#7998);
#7089=PLANE('',#8004);
#7090=PLANE('',#8005);
#7091=PLANE('',#8006);
#7092=PLANE('',#8007);
#7093=PLANE('',#8008);
#7094=PLANE('',#8009);
#7095=PLANE('',#8010);
#7096=PLANE('',#8011);
#7097=PLANE('',#8012);
#7098=PLANE('',#8013);
#7099=PLANE('',#8014);
#7100=PLANE('',#8015);
#7101=PLANE('',#8016);
#7102=PLANE('',#8017);
#7103=PLANE('',#8018);
#7104=PLANE('',#8020);
#7105=PLANE('',#8021);
#7106=PLANE('',#8022);
#7107=PLANE('',#8025);
#7108=PLANE('',#8030);
#7109=PLANE('',#8035);
#7110=PLANE('',#8038);
#7111=PLANE('',#8039);
#7112=PLANE('',#8040);
#7113=PLANE('',#8044);
#7114=PLANE('',#8045);
#7115=PLANE('',#8046);
#7116=PLANE('',#8047);
#7117=PLANE('',#8048);
#7118=PLANE('',#8049);
#7119=PLANE('',#8050);
#7120=PLANE('',#8051);
#7121=PLANE('',#8052);
#7122=PLANE('',#8053);
#7123=PLANE('',#8054);
#7124=PLANE('',#8055);
#7125=PLANE('',#8056);
#7126=PLANE('',#8057);
#7127=PLANE('',#8058);
#7128=PLANE('',#8060);
#7129=PLANE('',#8061);
#7130=PLANE('',#8062);
#7131=PLANE('',#8065);
#7132=PLANE('',#8070);
#7133=PLANE('',#8075);
#7134=PLANE('',#8078);
#7135=PLANE('',#8079);
#7136=PLANE('',#8080);
#7137=PLANE('',#8084);
#7138=PLANE('',#8085);
#7139=PLANE('',#8086);
#7140=PLANE('',#8087);
#7141=PLANE('',#8088);
#7142=PLANE('',#8089);
#7143=PLANE('',#8090);
#7144=PLANE('',#8091);
#7145=PLANE('',#8092);
#7146=PLANE('',#8093);
#7147=PLANE('',#8094);
#7148=PLANE('',#8095);
#7149=PLANE('',#8096);
#7150=PLANE('',#8097);
#7151=PLANE('',#8098);
#7152=PLANE('',#8100);
#7153=PLANE('',#8115);
#7154=PLANE('',#8118);
#7155=PLANE('',#8121);
#7156=PLANE('',#8124);
#7157=PLANE('',#8127);
#7158=PLANE('',#8130);
#7159=PLANE('',#8133);
#7160=PLANE('',#8136);
#7161=PLANE('',#8137);
#7162=PLANE('',#8138);
#7163=PLANE('',#8141);
#7164=PLANE('',#8144);
#7165=PLANE('',#8147);
#7166=PLANE('',#8153);
#7167=PLANE('',#8154);
#7168=PLANE('',#8155);
#7169=PLANE('',#8156);
#7170=PLANE('',#8157);
#7171=PLANE('',#8158);
#7172=PLANE('',#8159);
#7173=PLANE('',#8160);
#7174=PLANE('',#8161);
#7175=PLANE('',#8162);
#7176=PLANE('',#8163);
#7177=PLANE('',#8164);
#7178=PLANE('',#8165);
#7179=PLANE('',#8166);
#7180=PLANE('',#8167);
#7181=PLANE('',#8169);
#7182=PLANE('',#8180);
#7183=PLANE('',#8183);
#7184=PLANE('',#8186);
#7185=PLANE('',#8189);
#7186=PLANE('',#8192);
#7187=PLANE('',#8195);
#7188=PLANE('',#8198);
#7189=PLANE('',#8199);
#7190=PLANE('',#8202);
#7191=PLANE('',#8205);
#7192=PLANE('',#8208);
#7193=PLANE('',#8214);
#7194=PLANE('',#8215);
#7195=PLANE('',#8216);
#7196=PLANE('',#8217);
#7197=PLANE('',#8218);
#7198=PLANE('',#8219);
#7199=PLANE('',#8220);
#7200=PLANE('',#8221);
#7201=PLANE('',#8222);
#7202=PLANE('',#8223);
#7203=PLANE('',#8224);
#7204=PLANE('',#8225);
#7205=PLANE('',#8226);
#7206=PLANE('',#8227);
#7207=PLANE('',#8228);
#7208=PLANE('',#8230);
#7209=PLANE('',#8243);
#7210=PLANE('',#8246);
#7211=PLANE('',#8249);
#7212=PLANE('',#8252);
#7213=PLANE('',#8255);
#7214=PLANE('',#8258);
#7215=PLANE('',#8261);
#7216=PLANE('',#8264);
#7217=PLANE('',#8267);
#7218=PLANE('',#8268);
#7219=PLANE('',#8271);
#7220=PLANE('',#8274);
#7221=PLANE('',#8277);
#7222=PLANE('',#8283);
#7223=PLANE('',#8284);
#7224=PLANE('',#8285);
#7225=PLANE('',#8286);
#7226=PLANE('',#8287);
#7227=PLANE('',#8288);
#7228=PLANE('',#8289);
#7229=PLANE('',#8290);
#7230=PLANE('',#8291);
#7231=PLANE('',#8292);
#7232=PLANE('',#8293);
#7233=PLANE('',#8294);
#7234=PLANE('',#8295);
#7235=PLANE('',#8296);
#7236=PLANE('',#8297);
#7237=PLANE('',#8299);
#7238=PLANE('',#8300);
#7239=PLANE('',#8301);
#7240=PLANE('',#8304);
#7241=PLANE('',#8309);
#7242=PLANE('',#8314);
#7243=PLANE('',#8317);
#7244=PLANE('',#8318);
#7245=PLANE('',#8319);
#7246=PLANE('',#8323);
#7247=PLANE('',#8324);
#7248=PLANE('',#8325);
#7249=PLANE('',#8326);
#7250=PLANE('',#8327);
#7251=PLANE('',#8328);
#7252=PLANE('',#8329);
#7253=PLANE('',#8330);
#7254=PLANE('',#8331);
#7255=PLANE('',#8332);
#7256=PLANE('',#8333);
#7257=PLANE('',#8334);
#7258=PLANE('',#8335);
#7259=PLANE('',#8336);
#7260=PLANE('',#8337);
#7261=PLANE('',#8339);
#7262=PLANE('',#8352);
#7263=PLANE('',#8355);
#7264=PLANE('',#8358);
#7265=PLANE('',#8361);
#7266=PLANE('',#8364);
#7267=PLANE('',#8367);
#7268=PLANE('',#8370);
#7269=PLANE('',#8373);
#7270=PLANE('',#8376);
#7271=PLANE('',#8377);
#7272=PLANE('',#8380);
#7273=PLANE('',#8383);
#7274=PLANE('',#8386);
#7275=PLANE('',#8392);
#7276=PLANE('',#8393);
#7277=PLANE('',#8394);
#7278=PLANE('',#8395);
#7279=PLANE('',#8396);
#7280=PLANE('',#8397);
#7281=PLANE('',#8398);
#7282=PLANE('',#8399);
#7283=PLANE('',#8400);
#7284=PLANE('',#8401);
#7285=PLANE('',#8402);
#7286=PLANE('',#8403);
#7287=PLANE('',#8404);
#7288=PLANE('',#8405);
#7289=PLANE('',#8406);
#7290=PLANE('',#8408);
#7291=PLANE('',#8425);
#7292=PLANE('',#8428);
#7293=PLANE('',#8431);
#7294=PLANE('',#8434);
#7295=PLANE('',#8437);
#7296=PLANE('',#8440);
#7297=PLANE('',#8443);
#7298=PLANE('',#8446);
#7299=PLANE('',#8449);
#7300=PLANE('',#8452);
#7301=PLANE('',#8453);
#7302=PLANE('',#8454);
#7303=PLANE('',#8457);
#7304=PLANE('',#8460);
#7305=PLANE('',#8463);
#7306=PLANE('',#8469);
#7307=PLANE('',#8470);
#7308=PLANE('',#8471);
#7309=PLANE('',#8472);
#7310=PLANE('',#8473);
#7311=PLANE('',#8474);
#7312=PLANE('',#8475);
#7313=PLANE('',#8476);
#7314=PLANE('',#8477);
#7315=PLANE('',#8478);
#7316=PLANE('',#8479);
#7317=PLANE('',#8480);
#7318=PLANE('',#8481);
#7319=PLANE('',#8482);
#7320=PLANE('',#8483);
#7321=PLANE('',#8485);
#7322=PLANE('',#8486);
#7323=PLANE('',#8487);
#7324=PLANE('',#8490);
#7325=PLANE('',#8495);
#7326=PLANE('',#8500);
#7327=PLANE('',#8503);
#7328=PLANE('',#8504);
#7329=PLANE('',#8505);
#7330=PLANE('',#8509);
#7331=PLANE('',#8510);
#7332=PLANE('',#8511);
#7333=PLANE('',#8512);
#7334=PLANE('',#8513);
#7335=PLANE('',#8514);
#7336=PLANE('',#8515);
#7337=PLANE('',#8516);
#7338=PLANE('',#8517);
#7339=PLANE('',#8518);
#7340=PLANE('',#8519);
#7341=PLANE('',#8520);
#7342=PLANE('',#8521);
#7343=PLANE('',#8522);
#7344=PLANE('',#8523);
#7345=PLANE('',#8525);
#7346=PLANE('',#8536);
#7347=PLANE('',#8539);
#7348=PLANE('',#8542);
#7349=PLANE('',#8545);
#7350=PLANE('',#8546);
#7351=PLANE('',#8547);
#7352=PLANE('',#8550);
#7353=PLANE('',#8553);
#7354=PLANE('',#8556);
#7355=PLANE('',#8562);
#7356=PLANE('',#8563);
#7357=PLANE('',#8564);
#7358=PLANE('',#8565);
#7359=PLANE('',#8566);
#7360=PLANE('',#8567);
#7361=PLANE('',#8568);
#7362=PLANE('',#8569);
#7363=PLANE('',#8570);
#7364=PLANE('',#8571);
#7365=PLANE('',#8572);
#7366=PLANE('',#8573);
#7367=PLANE('',#8574);
#7368=PLANE('',#8575);
#7369=PLANE('',#8576);
#7370=ADVANCED_FACE('',(#6589),#7055,.T.);
#7371=ADVANCED_FACE('',(#6590),#7056,.T.);
#7372=ADVANCED_FACE('',(#6591),#7057,.F.);
#7373=ADVANCED_FACE('',(#6592),#7058,.F.);
#7374=ADVANCED_FACE('',(#6593),#35,.T.);
#7375=ADVANCED_FACE('',(#6594),#7059,.T.);
#7376=ADVANCED_FACE('',(#6595),#36,.T.);
#7377=ADVANCED_FACE('',(#6596),#37,.T.);
#7378=ADVANCED_FACE('',(#6597),#7060,.T.);
#7379=ADVANCED_FACE('',(#6598),#38,.T.);
#7380=ADVANCED_FACE('',(#6599),#7061,.T.);
#7381=ADVANCED_FACE('',(#6600),#7062,.F.);
#7382=ADVANCED_FACE('',(#6601),#7063,.T.);
#7383=ADVANCED_FACE('',(#6602,#6603),#39,.T.);
#7384=ADVANCED_FACE('',(#6604,#6605),#7064,.F.);
#7385=ADVANCED_FACE('',(#6606,#6607),#7065,.F.);
#7386=ADVANCED_FACE('',(#6608),#7066,.T.);
#7387=ADVANCED_FACE('',(#6609),#7067,.T.);
#7388=ADVANCED_FACE('',(#6610),#7068,.T.);
#7389=ADVANCED_FACE('',(#6611),#7069,.T.);
#7390=ADVANCED_FACE('',(#6612),#7070,.T.);
#7391=ADVANCED_FACE('',(#6613),#7071,.T.);
#7392=ADVANCED_FACE('',(#6614),#7072,.T.);
#7393=ADVANCED_FACE('',(#6615),#7073,.T.);
#7394=ADVANCED_FACE('',(#6616),#7074,.T.);
#7395=ADVANCED_FACE('',(#6617),#7075,.T.);
#7396=ADVANCED_FACE('',(#6618),#7076,.T.);
#7397=ADVANCED_FACE('',(#6619),#7077,.T.);
#7398=ADVANCED_FACE('',(#6620),#7078,.F.);
#7399=ADVANCED_FACE('',(#6621,#6622),#7079,.F.);
#7400=ADVANCED_FACE('',(#6623),#7080,.T.);
#7401=ADVANCED_FACE('',(#6624),#40,.T.);
#7402=ADVANCED_FACE('',(#6625),#7081,.T.);
#7403=ADVANCED_FACE('',(#6626),#41,.T.);
#7404=ADVANCED_FACE('',(#6627),#7082,.F.);
#7405=ADVANCED_FACE('',(#6628),#42,.T.);
#7406=ADVANCED_FACE('',(#6629),#7083,.F.);
#7407=ADVANCED_FACE('',(#6630),#43,.T.);
#7408=ADVANCED_FACE('',(#6631),#7084,.T.);
#7409=ADVANCED_FACE('',(#6632),#7085,.F.);
#7410=ADVANCED_FACE('',(#6633),#44,.F.);
#7411=ADVANCED_FACE('',(#6634),#7086,.F.);
#7412=ADVANCED_FACE('',(#6635),#45,.F.);
#7413=ADVANCED_FACE('',(#6636),#7087,.T.);
#7414=ADVANCED_FACE('',(#6637),#46,.F.);
#7415=ADVANCED_FACE('',(#6638),#7088,.T.);
#7416=ADVANCED_FACE('',(#6639),#47,.F.);
#7417=ADVANCED_FACE('',(#6640,#6641),#48,.T.);
#7418=ADVANCED_FACE('',(#6642,#6643),#7089,.F.);
#7419=ADVANCED_FACE('',(#6644,#6645),#7090,.F.);
#7420=ADVANCED_FACE('',(#6646),#7091,.T.);
#7421=ADVANCED_FACE('',(#6647),#7092,.T.);
#7422=ADVANCED_FACE('',(#6648),#7093,.T.);
#7423=ADVANCED_FACE('',(#6649),#7094,.T.);
#7424=ADVANCED_FACE('',(#6650),#7095,.T.);
#7425=ADVANCED_FACE('',(#6651),#7096,.T.);
#7426=ADVANCED_FACE('',(#6652),#7097,.T.);
#7427=ADVANCED_FACE('',(#6653),#7098,.T.);
#7428=ADVANCED_FACE('',(#6654),#7099,.T.);
#7429=ADVANCED_FACE('',(#6655),#7100,.T.);
#7430=ADVANCED_FACE('',(#6656),#7101,.T.);
#7431=ADVANCED_FACE('',(#6657),#7102,.T.);
#7432=ADVANCED_FACE('',(#6658),#7103,.F.);
#7433=ADVANCED_FACE('',(#6659),#7104,.T.);
#7434=ADVANCED_FACE('',(#6660),#7105,.T.);
#7435=ADVANCED_FACE('',(#6661),#7106,.F.);
#7436=ADVANCED_FACE('',(#6662),#7107,.F.);
#7437=ADVANCED_FACE('',(#6663),#49,.T.);
#7438=ADVANCED_FACE('',(#6664),#7108,.T.);
#7439=ADVANCED_FACE('',(#6665),#50,.T.);
#7440=ADVANCED_FACE('',(#6666),#51,.T.);
#7441=ADVANCED_FACE('',(#6667),#7109,.T.);
#7442=ADVANCED_FACE('',(#6668),#52,.T.);
#7443=ADVANCED_FACE('',(#6669),#7110,.T.);
#7444=ADVANCED_FACE('',(#6670),#7111,.F.);
#7445=ADVANCED_FACE('',(#6671),#7112,.T.);
#7446=ADVANCED_FACE('',(#6672,#6673),#53,.T.);
#7447=ADVANCED_FACE('',(#6674,#6675),#7113,.F.);
#7448=ADVANCED_FACE('',(#6676,#6677),#7114,.F.);
#7449=ADVANCED_FACE('',(#6678),#7115,.T.);
#7450=ADVANCED_FACE('',(#6679),#7116,.T.);
#7451=ADVANCED_FACE('',(#6680),#7117,.T.);
#7452=ADVANCED_FACE('',(#6681),#7118,.T.);
#7453=ADVANCED_FACE('',(#6682),#7119,.T.);
#7454=ADVANCED_FACE('',(#6683),#7120,.T.);
#7455=ADVANCED_FACE('',(#6684),#7121,.T.);
#7456=ADVANCED_FACE('',(#6685),#7122,.T.);
#7457=ADVANCED_FACE('',(#6686),#7123,.T.);
#7458=ADVANCED_FACE('',(#6687),#7124,.T.);
#7459=ADVANCED_FACE('',(#6688),#7125,.T.);
#7460=ADVANCED_FACE('',(#6689),#7126,.T.);
#7461=ADVANCED_FACE('',(#6690),#7127,.F.);
#7462=ADVANCED_FACE('',(#6691),#7128,.T.);
#7463=ADVANCED_FACE('',(#6692),#7129,.T.);
#7464=ADVANCED_FACE('',(#6693),#7130,.F.);
#7465=ADVANCED_FACE('',(#6694),#7131,.F.);
#7466=ADVANCED_FACE('',(#6695),#54,.T.);
#7467=ADVANCED_FACE('',(#6696),#7132,.T.);
#7468=ADVANCED_FACE('',(#6697),#55,.T.);
#7469=ADVANCED_FACE('',(#6698),#56,.T.);
#7470=ADVANCED_FACE('',(#6699),#7133,.T.);
#7471=ADVANCED_FACE('',(#6700),#57,.T.);
#7472=ADVANCED_FACE('',(#6701),#7134,.T.);
#7473=ADVANCED_FACE('',(#6702),#7135,.T.);
#7474=ADVANCED_FACE('',(#6703),#7136,.F.);
#7475=ADVANCED_FACE('',(#6704,#6705),#58,.T.);
#7476=ADVANCED_FACE('',(#6706,#6707),#7137,.F.);
#7477=ADVANCED_FACE('',(#6708,#6709),#7138,.F.);
#7478=ADVANCED_FACE('',(#6710),#7139,.T.);
#7479=ADVANCED_FACE('',(#6711),#7140,.T.);
#7480=ADVANCED_FACE('',(#6712),#7141,.T.);
#7481=ADVANCED_FACE('',(#6713),#7142,.T.);
#7482=ADVANCED_FACE('',(#6714),#7143,.T.);
#7483=ADVANCED_FACE('',(#6715),#7144,.T.);
#7484=ADVANCED_FACE('',(#6716),#7145,.T.);
#7485=ADVANCED_FACE('',(#6717),#7146,.T.);
#7486=ADVANCED_FACE('',(#6718),#7147,.T.);
#7487=ADVANCED_FACE('',(#6719),#7148,.T.);
#7488=ADVANCED_FACE('',(#6720),#7149,.T.);
#7489=ADVANCED_FACE('',(#6721),#7150,.T.);
#7490=ADVANCED_FACE('',(#6722),#7151,.F.);
#7491=ADVANCED_FACE('',(#6723,#6724),#7152,.F.);
#7492=ADVANCED_FACE('',(#6725),#59,.T.);
#7493=ADVANCED_FACE('',(#6726),#7153,.F.);
#7494=ADVANCED_FACE('',(#6727),#60,.F.);
#7495=ADVANCED_FACE('',(#6728),#7154,.F.);
#7496=ADVANCED_FACE('',(#6729),#61,.T.);
#7497=ADVANCED_FACE('',(#6730),#7155,.F.);
#7498=ADVANCED_FACE('',(#6731),#62,.T.);
#7499=ADVANCED_FACE('',(#6732),#7156,.F.);
#7500=ADVANCED_FACE('',(#6733),#63,.T.);
#7501=ADVANCED_FACE('',(#6734),#7157,.T.);
#7502=ADVANCED_FACE('',(#6735),#64,.T.);
#7503=ADVANCED_FACE('',(#6736),#7158,.F.);
#7504=ADVANCED_FACE('',(#6737),#65,.F.);
#7505=ADVANCED_FACE('',(#6738),#7159,.F.);
#7506=ADVANCED_FACE('',(#6739),#66,.T.);
#7507=ADVANCED_FACE('',(#6740),#7160,.F.);
#7508=ADVANCED_FACE('',(#6741),#7161,.T.);
#7509=ADVANCED_FACE('',(#6742),#7162,.F.);
#7510=ADVANCED_FACE('',(#6743),#67,.F.);
#7511=ADVANCED_FACE('',(#6744),#7163,.F.);
#7512=ADVANCED_FACE('',(#6745),#68,.F.);
#7513=ADVANCED_FACE('',(#6746),#7164,.T.);
#7514=ADVANCED_FACE('',(#6747),#69,.F.);
#7515=ADVANCED_FACE('',(#6748),#7165,.T.);
#7516=ADVANCED_FACE('',(#6749),#70,.F.);
#7517=ADVANCED_FACE('',(#6750,#6751),#71,.T.);
#7518=ADVANCED_FACE('',(#6752,#6753),#7166,.F.);
#7519=ADVANCED_FACE('',(#6754,#6755),#7167,.F.);
#7520=ADVANCED_FACE('',(#6756),#7168,.T.);
#7521=ADVANCED_FACE('',(#6757),#7169,.T.);
#7522=ADVANCED_FACE('',(#6758),#7170,.T.);
#7523=ADVANCED_FACE('',(#6759),#7171,.T.);
#7524=ADVANCED_FACE('',(#6760),#7172,.T.);
#7525=ADVANCED_FACE('',(#6761),#7173,.T.);
#7526=ADVANCED_FACE('',(#6762),#7174,.T.);
#7527=ADVANCED_FACE('',(#6763),#7175,.T.);
#7528=ADVANCED_FACE('',(#6764),#7176,.T.);
#7529=ADVANCED_FACE('',(#6765),#7177,.T.);
#7530=ADVANCED_FACE('',(#6766),#7178,.T.);
#7531=ADVANCED_FACE('',(#6767),#7179,.T.);
#7532=ADVANCED_FACE('',(#6768),#7180,.F.);
#7533=ADVANCED_FACE('',(#6769,#6770),#7181,.F.);
#7534=ADVANCED_FACE('',(#6771),#7182,.T.);
#7535=ADVANCED_FACE('',(#6772),#72,.T.);
#7536=ADVANCED_FACE('',(#6773),#7183,.T.);
#7537=ADVANCED_FACE('',(#6774),#73,.T.);
#7538=ADVANCED_FACE('',(#6775),#7184,.T.);
#7539=ADVANCED_FACE('',(#6776),#74,.T.);
#7540=ADVANCED_FACE('',(#6777),#7185,.F.);
#7541=ADVANCED_FACE('',(#6778),#75,.F.);
#7542=ADVANCED_FACE('',(#6779),#7186,.F.);
#7543=ADVANCED_FACE('',(#6780),#76,.T.);
#7544=ADVANCED_FACE('',(#6781),#7187,.F.);
#7545=ADVANCED_FACE('',(#6782),#77,.T.);
#7546=ADVANCED_FACE('',(#6783),#7188,.T.);
#7547=ADVANCED_FACE('',(#6784),#7189,.F.);
#7548=ADVANCED_FACE('',(#6785),#78,.F.);
#7549=ADVANCED_FACE('',(#6786),#7190,.F.);
#7550=ADVANCED_FACE('',(#6787),#79,.F.);
#7551=ADVANCED_FACE('',(#6788),#7191,.T.);
#7552=ADVANCED_FACE('',(#6789),#80,.F.);
#7553=ADVANCED_FACE('',(#6790),#7192,.T.);
#7554=ADVANCED_FACE('',(#6791),#81,.F.);
#7555=ADVANCED_FACE('',(#6792,#6793),#82,.T.);
#7556=ADVANCED_FACE('',(#6794,#6795),#7193,.F.);
#7557=ADVANCED_FACE('',(#6796,#6797),#7194,.F.);
#7558=ADVANCED_FACE('',(#6798),#7195,.T.);
#7559=ADVANCED_FACE('',(#6799),#7196,.T.);
#7560=ADVANCED_FACE('',(#6800),#7197,.T.);
#7561=ADVANCED_FACE('',(#6801),#7198,.T.);
#7562=ADVANCED_FACE('',(#6802),#7199,.T.);
#7563=ADVANCED_FACE('',(#6803),#7200,.T.);
#7564=ADVANCED_FACE('',(#6804),#7201,.T.);
#7565=ADVANCED_FACE('',(#6805),#7202,.T.);
#7566=ADVANCED_FACE('',(#6806),#7203,.T.);
#7567=ADVANCED_FACE('',(#6807),#7204,.T.);
#7568=ADVANCED_FACE('',(#6808),#7205,.T.);
#7569=ADVANCED_FACE('',(#6809),#7206,.T.);
#7570=ADVANCED_FACE('',(#6810),#7207,.F.);
#7571=ADVANCED_FACE('',(#6811,#6812),#7208,.F.);
#7572=ADVANCED_FACE('',(#6813),#7209,.T.);
#7573=ADVANCED_FACE('',(#6814),#83,.T.);
#7574=ADVANCED_FACE('',(#6815),#7210,.T.);
#7575=ADVANCED_FACE('',(#6816),#84,.F.);
#7576=ADVANCED_FACE('',(#6817),#7211,.T.);
#7577=ADVANCED_FACE('',(#6818),#85,.T.);
#7578=ADVANCED_FACE('',(#6819),#7212,.T.);
#7579=ADVANCED_FACE('',(#6820),#86,.T.);
#7580=ADVANCED_FACE('',(#6821),#7213,.T.);
#7581=ADVANCED_FACE('',(#6822),#87,.F.);
#7582=ADVANCED_FACE('',(#6823),#7214,.T.);
#7583=ADVANCED_FACE('',(#6824),#88,.T.);
#7584=ADVANCED_FACE('',(#6825),#7215,.F.);
#7585=ADVANCED_FACE('',(#6826),#89,.T.);
#7586=ADVANCED_FACE('',(#6827),#7216,.T.);
#7587=ADVANCED_FACE('',(#6828),#90,.T.);
#7588=ADVANCED_FACE('',(#6829),#7217,.T.);
#7589=ADVANCED_FACE('',(#6830),#7218,.F.);
#7590=ADVANCED_FACE('',(#6831),#91,.F.);
#7591=ADVANCED_FACE('',(#6832),#7219,.F.);
#7592=ADVANCED_FACE('',(#6833),#92,.F.);
#7593=ADVANCED_FACE('',(#6834),#7220,.T.);
#7594=ADVANCED_FACE('',(#6835),#93,.F.);
#7595=ADVANCED_FACE('',(#6836),#7221,.T.);
#7596=ADVANCED_FACE('',(#6837),#94,.F.);
#7597=ADVANCED_FACE('',(#6838,#6839),#95,.T.);
#7598=ADVANCED_FACE('',(#6840,#6841),#7222,.F.);
#7599=ADVANCED_FACE('',(#6842,#6843),#7223,.F.);
#7600=ADVANCED_FACE('',(#6844),#7224,.T.);
#7601=ADVANCED_FACE('',(#6845),#7225,.T.);
#7602=ADVANCED_FACE('',(#6846),#7226,.T.);
#7603=ADVANCED_FACE('',(#6847),#7227,.T.);
#7604=ADVANCED_FACE('',(#6848),#7228,.T.);
#7605=ADVANCED_FACE('',(#6849),#7229,.T.);
#7606=ADVANCED_FACE('',(#6850),#7230,.T.);
#7607=ADVANCED_FACE('',(#6851),#7231,.T.);
#7608=ADVANCED_FACE('',(#6852),#7232,.T.);
#7609=ADVANCED_FACE('',(#6853),#7233,.T.);
#7610=ADVANCED_FACE('',(#6854),#7234,.T.);
#7611=ADVANCED_FACE('',(#6855),#7235,.T.);
#7612=ADVANCED_FACE('',(#6856),#7236,.F.);
#7613=ADVANCED_FACE('',(#6857),#7237,.T.);
#7614=ADVANCED_FACE('',(#6858),#7238,.T.);
#7615=ADVANCED_FACE('',(#6859),#7239,.F.);
#7616=ADVANCED_FACE('',(#6860),#7240,.F.);
#7617=ADVANCED_FACE('',(#6861),#96,.T.);
#7618=ADVANCED_FACE('',(#6862),#7241,.T.);
#7619=ADVANCED_FACE('',(#6863),#97,.T.);
#7620=ADVANCED_FACE('',(#6864),#98,.T.);
#7621=ADVANCED_FACE('',(#6865),#7242,.T.);
#7622=ADVANCED_FACE('',(#6866),#99,.T.);
#7623=ADVANCED_FACE('',(#6867),#7243,.T.);
#7624=ADVANCED_FACE('',(#6868),#7244,.F.);
#7625=ADVANCED_FACE('',(#6869),#7245,.T.);
#7626=ADVANCED_FACE('',(#6870,#6871),#100,.T.);
#7627=ADVANCED_FACE('',(#6872,#6873),#7246,.F.);
#7628=ADVANCED_FACE('',(#6874,#6875),#7247,.F.);
#7629=ADVANCED_FACE('',(#6876),#7248,.T.);
#7630=ADVANCED_FACE('',(#6877),#7249,.T.);
#7631=ADVANCED_FACE('',(#6878),#7250,.T.);
#7632=ADVANCED_FACE('',(#6879),#7251,.T.);
#7633=ADVANCED_FACE('',(#6880),#7252,.T.);
#7634=ADVANCED_FACE('',(#6881),#7253,.T.);
#7635=ADVANCED_FACE('',(#6882),#7254,.T.);
#7636=ADVANCED_FACE('',(#6883),#7255,.T.);
#7637=ADVANCED_FACE('',(#6884),#7256,.T.);
#7638=ADVANCED_FACE('',(#6885),#7257,.T.);
#7639=ADVANCED_FACE('',(#6886),#7258,.T.);
#7640=ADVANCED_FACE('',(#6887),#7259,.T.);
#7641=ADVANCED_FACE('',(#6888),#7260,.F.);
#7642=ADVANCED_FACE('',(#6889,#6890),#7261,.F.);
#7643=ADVANCED_FACE('',(#6891),#7262,.T.);
#7644=ADVANCED_FACE('',(#6892),#101,.T.);
#7645=ADVANCED_FACE('',(#6893),#7263,.T.);
#7646=ADVANCED_FACE('',(#6894),#102,.F.);
#7647=ADVANCED_FACE('',(#6895),#7264,.T.);
#7648=ADVANCED_FACE('',(#6896),#103,.T.);
#7649=ADVANCED_FACE('',(#6897),#7265,.T.);
#7650=ADVANCED_FACE('',(#6898),#104,.T.);
#7651=ADVANCED_FACE('',(#6899),#7266,.T.);
#7652=ADVANCED_FACE('',(#6900),#105,.F.);
#7653=ADVANCED_FACE('',(#6901),#7267,.T.);
#7654=ADVANCED_FACE('',(#6902),#106,.T.);
#7655=ADVANCED_FACE('',(#6903),#7268,.F.);
#7656=ADVANCED_FACE('',(#6904),#107,.T.);
#7657=ADVANCED_FACE('',(#6905),#7269,.T.);
#7658=ADVANCED_FACE('',(#6906),#108,.T.);
#7659=ADVANCED_FACE('',(#6907),#7270,.T.);
#7660=ADVANCED_FACE('',(#6908),#7271,.F.);
#7661=ADVANCED_FACE('',(#6909),#109,.F.);
#7662=ADVANCED_FACE('',(#6910),#7272,.F.);
#7663=ADVANCED_FACE('',(#6911),#110,.F.);
#7664=ADVANCED_FACE('',(#6912),#7273,.T.);
#7665=ADVANCED_FACE('',(#6913),#111,.F.);
#7666=ADVANCED_FACE('',(#6914),#7274,.T.);
#7667=ADVANCED_FACE('',(#6915),#112,.F.);
#7668=ADVANCED_FACE('',(#6916,#6917),#113,.T.);
#7669=ADVANCED_FACE('',(#6918,#6919),#7275,.F.);
#7670=ADVANCED_FACE('',(#6920,#6921),#7276,.F.);
#7671=ADVANCED_FACE('',(#6922),#7277,.T.);
#7672=ADVANCED_FACE('',(#6923),#7278,.T.);
#7673=ADVANCED_FACE('',(#6924),#7279,.T.);
#7674=ADVANCED_FACE('',(#6925),#7280,.T.);
#7675=ADVANCED_FACE('',(#6926),#7281,.T.);
#7676=ADVANCED_FACE('',(#6927),#7282,.T.);
#7677=ADVANCED_FACE('',(#6928),#7283,.T.);
#7678=ADVANCED_FACE('',(#6929),#7284,.T.);
#7679=ADVANCED_FACE('',(#6930),#7285,.T.);
#7680=ADVANCED_FACE('',(#6931),#7286,.T.);
#7681=ADVANCED_FACE('',(#6932),#7287,.T.);
#7682=ADVANCED_FACE('',(#6933),#7288,.T.);
#7683=ADVANCED_FACE('',(#6934),#7289,.F.);
#7684=ADVANCED_FACE('',(#6935,#6936),#7290,.F.);
#7685=ADVANCED_FACE('',(#6937),#114,.T.);
#7686=ADVANCED_FACE('',(#6938),#7291,.F.);
#7687=ADVANCED_FACE('',(#6939),#115,.T.);
#7688=ADVANCED_FACE('',(#6940),#7292,.F.);
#7689=ADVANCED_FACE('',(#6941),#116,.F.);
#7690=ADVANCED_FACE('',(#6942),#7293,.F.);
#7691=ADVANCED_FACE('',(#6943),#117,.F.);
#7692=ADVANCED_FACE('',(#6944),#7294,.F.);
#7693=ADVANCED_FACE('',(#6945),#118,.T.);
#7694=ADVANCED_FACE('',(#6946),#7295,.T.);
#7695=ADVANCED_FACE('',(#6947),#119,.T.);
#7696=ADVANCED_FACE('',(#6948),#7296,.T.);
#7697=ADVANCED_FACE('',(#6949),#120,.T.);
#7698=ADVANCED_FACE('',(#6950),#7297,.T.);
#7699=ADVANCED_FACE('',(#6951),#121,.F.);
#7700=ADVANCED_FACE('',(#6952),#7298,.T.);
#7701=ADVANCED_FACE('',(#6953),#122,.T.);
#7702=ADVANCED_FACE('',(#6954),#7299,.F.);
#7703=ADVANCED_FACE('',(#6955),#123,.T.);
#7704=ADVANCED_FACE('',(#6956),#7300,.F.);
#7705=ADVANCED_FACE('',(#6957),#7301,.T.);
#7706=ADVANCED_FACE('',(#6958),#7302,.F.);
#7707=ADVANCED_FACE('',(#6959),#124,.F.);
#7708=ADVANCED_FACE('',(#6960),#7303,.F.);
#7709=ADVANCED_FACE('',(#6961),#125,.F.);
#7710=ADVANCED_FACE('',(#6962),#7304,.T.);
#7711=ADVANCED_FACE('',(#6963),#126,.F.);
#7712=ADVANCED_FACE('',(#6964),#7305,.T.);
#7713=ADVANCED_FACE('',(#6965,#6966),#127,.T.);
#7714=ADVANCED_FACE('',(#6967),#128,.F.);
#7715=ADVANCED_FACE('',(#6968,#6969),#7306,.F.);
#7716=ADVANCED_FACE('',(#6970,#6971),#7307,.F.);
#7717=ADVANCED_FACE('',(#6972),#7308,.T.);
#7718=ADVANCED_FACE('',(#6973),#7309,.T.);
#7719=ADVANCED_FACE('',(#6974),#7310,.T.);
#7720=ADVANCED_FACE('',(#6975),#7311,.T.);
#7721=ADVANCED_FACE('',(#6976),#7312,.T.);
#7722=ADVANCED_FACE('',(#6977),#7313,.T.);
#7723=ADVANCED_FACE('',(#6978),#7314,.T.);
#7724=ADVANCED_FACE('',(#6979),#7315,.T.);
#7725=ADVANCED_FACE('',(#6980),#7316,.T.);
#7726=ADVANCED_FACE('',(#6981),#7317,.T.);
#7727=ADVANCED_FACE('',(#6982),#7318,.T.);
#7728=ADVANCED_FACE('',(#6983),#7319,.T.);
#7729=ADVANCED_FACE('',(#6984),#7320,.F.);
#7730=ADVANCED_FACE('',(#6985),#7321,.T.);
#7731=ADVANCED_FACE('',(#6986),#7322,.T.);
#7732=ADVANCED_FACE('',(#6987),#7323,.F.);
#7733=ADVANCED_FACE('',(#6988),#7324,.F.);
#7734=ADVANCED_FACE('',(#6989),#129,.T.);
#7735=ADVANCED_FACE('',(#6990),#7325,.T.);
#7736=ADVANCED_FACE('',(#6991),#130,.T.);
#7737=ADVANCED_FACE('',(#6992),#131,.T.);
#7738=ADVANCED_FACE('',(#6993),#7326,.T.);
#7739=ADVANCED_FACE('',(#6994),#132,.T.);
#7740=ADVANCED_FACE('',(#6995),#7327,.T.);
#7741=ADVANCED_FACE('',(#6996),#7328,.F.);
#7742=ADVANCED_FACE('',(#6997),#7329,.T.);
#7743=ADVANCED_FACE('',(#6998,#6999),#133,.T.);
#7744=ADVANCED_FACE('',(#7000,#7001),#7330,.F.);
#7745=ADVANCED_FACE('',(#7002,#7003),#7331,.F.);
#7746=ADVANCED_FACE('',(#7004),#7332,.T.);
#7747=ADVANCED_FACE('',(#7005),#7333,.T.);
#7748=ADVANCED_FACE('',(#7006),#7334,.T.);
#7749=ADVANCED_FACE('',(#7007),#7335,.T.);
#7750=ADVANCED_FACE('',(#7008),#7336,.T.);
#7751=ADVANCED_FACE('',(#7009),#7337,.T.);
#7752=ADVANCED_FACE('',(#7010),#7338,.T.);
#7753=ADVANCED_FACE('',(#7011),#7339,.T.);
#7754=ADVANCED_FACE('',(#7012),#7340,.T.);
#7755=ADVANCED_FACE('',(#7013),#7341,.T.);
#7756=ADVANCED_FACE('',(#7014),#7342,.T.);
#7757=ADVANCED_FACE('',(#7015),#7343,.T.);
#7758=ADVANCED_FACE('',(#7016),#7344,.F.);
#7759=ADVANCED_FACE('',(#7017,#7018),#7345,.F.);
#7760=ADVANCED_FACE('',(#7019),#134,.T.);
#7761=ADVANCED_FACE('',(#7020),#7346,.F.);
#7762=ADVANCED_FACE('',(#7021),#135,.T.);
#7763=ADVANCED_FACE('',(#7022),#7347,.F.);
#7764=ADVANCED_FACE('',(#7023),#136,.T.);
#7765=ADVANCED_FACE('',(#7024),#7348,.T.);
#7766=ADVANCED_FACE('',(#7025),#137,.T.);
#7767=ADVANCED_FACE('',(#7026),#7349,.F.);
#7768=ADVANCED_FACE('',(#7027),#7350,.T.);
#7769=ADVANCED_FACE('',(#7028),#7351,.F.);
#7770=ADVANCED_FACE('',(#7029),#138,.F.);
#7771=ADVANCED_FACE('',(#7030),#7352,.F.);
#7772=ADVANCED_FACE('',(#7031),#139,.F.);
#7773=ADVANCED_FACE('',(#7032),#7353,.T.);
#7774=ADVANCED_FACE('',(#7033),#140,.F.);
#7775=ADVANCED_FACE('',(#7034),#7354,.T.);
#7776=ADVANCED_FACE('',(#7035),#141,.F.);
#7777=ADVANCED_FACE('',(#7036,#7037),#142,.T.);
#7778=ADVANCED_FACE('',(#7038,#7039),#7355,.F.);
#7779=ADVANCED_FACE('',(#7040,#7041),#7356,.F.);
#7780=ADVANCED_FACE('',(#7042),#7357,.T.);
#7781=ADVANCED_FACE('',(#7043),#7358,.T.);
#7782=ADVANCED_FACE('',(#7044),#7359,.T.);
#7783=ADVANCED_FACE('',(#7045),#7360,.T.);
#7784=ADVANCED_FACE('',(#7046),#7361,.T.);
#7785=ADVANCED_FACE('',(#7047),#7362,.T.);
#7786=ADVANCED_FACE('',(#7048),#7363,.T.);
#7787=ADVANCED_FACE('',(#7049),#7364,.T.);
#7788=ADVANCED_FACE('',(#7050),#7365,.T.);
#7789=ADVANCED_FACE('',(#7051),#7366,.T.);
#7790=ADVANCED_FACE('',(#7052),#7367,.T.);
#7791=ADVANCED_FACE('',(#7053),#7368,.T.);
#7792=ADVANCED_FACE('',(#7054),#7369,.F.);
#7793=CLOSED_SHELL('',(#7370,#7371,#7372,#7373,#7374,#7375,#7376,#7377,
#7378,#7379,#7380,#7381,#7382,#7383,#7384,#7385,#7386,#7387,#7388,#7389,
#7390,#7391,#7392,#7393,#7394,#7395,#7396,#7397,#7398));
#7794=CLOSED_SHELL('',(#7399,#7400,#7401,#7402,#7403,#7404,#7405,#7406,
#7407,#7408,#7409,#7410,#7411,#7412,#7413,#7414,#7415,#7416,#7417,#7418,
#7419,#7420,#7421,#7422,#7423,#7424,#7425,#7426,#7427,#7428,#7429,#7430,
#7431,#7432));
#7795=CLOSED_SHELL('',(#7433,#7434,#7435,#7436,#7437,#7438,#7439,#7440,
#7441,#7442,#7443,#7444,#7445,#7446,#7447,#7448,#7449,#7450,#7451,#7452,
#7453,#7454,#7455,#7456,#7457,#7458,#7459,#7460,#7461));
#7796=CLOSED_SHELL('',(#7462,#7463,#7464,#7465,#7466,#7467,#7468,#7469,
#7470,#7471,#7472,#7473,#7474,#7475,#7476,#7477,#7478,#7479,#7480,#7481,
#7482,#7483,#7484,#7485,#7486,#7487,#7488,#7489,#7490));
#7797=CLOSED_SHELL('',(#7491,#7492,#7493,#7494,#7495,#7496,#7497,#7498,
#7499,#7500,#7501,#7502,#7503,#7504,#7505,#7506,#7507,#7508,#7509,#7510,
#7511,#7512,#7513,#7514,#7515,#7516,#7517,#7518,#7519,#7520,#7521,#7522,
#7523,#7524,#7525,#7526,#7527,#7528,#7529,#7530,#7531,#7532));
#7798=CLOSED_SHELL('',(#7533,#7534,#7535,#7536,#7537,#7538,#7539,#7540,
#7541,#7542,#7543,#7544,#7545,#7546,#7547,#7548,#7549,#7550,#7551,#7552,
#7553,#7554,#7555,#7556,#7557,#7558,#7559,#7560,#7561,#7562,#7563,#7564,
#7565,#7566,#7567,#7568,#7569,#7570));
#7799=CLOSED_SHELL('',(#7571,#7572,#7573,#7574,#7575,#7576,#7577,#7578,
#7579,#7580,#7581,#7582,#7583,#7584,#7585,#7586,#7587,#7588,#7589,#7590,
#7591,#7592,#7593,#7594,#7595,#7596,#7597,#7598,#7599,#7600,#7601,#7602,
#7603,#7604,#7605,#7606,#7607,#7608,#7609,#7610,#7611,#7612));
#7800=CLOSED_SHELL('',(#7613,#7614,#7615,#7616,#7617,#7618,#7619,#7620,
#7621,#7622,#7623,#7624,#7625,#7626,#7627,#7628,#7629,#7630,#7631,#7632,
#7633,#7634,#7635,#7636,#7637,#7638,#7639,#7640,#7641));
#7801=CLOSED_SHELL('',(#7642,#7643,#7644,#7645,#7646,#7647,#7648,#7649,
#7650,#7651,#7652,#7653,#7654,#7655,#7656,#7657,#7658,#7659,#7660,#7661,
#7662,#7663,#7664,#7665,#7666,#7667,#7668,#7669,#7670,#7671,#7672,#7673,
#7674,#7675,#7676,#7677,#7678,#7679,#7680,#7681,#7682,#7683));
#7802=CLOSED_SHELL('',(#7684,#7685,#7686,#7687,#7688,#7689,#7690,#7691,
#7692,#7693,#7694,#7695,#7696,#7697,#7698,#7699,#7700,#7701,#7702,#7703,
#7704,#7705,#7706,#7707,#7708,#7709,#7710,#7711,#7712,#7713,#7714,#7715,
#7716,#7717,#7718,#7719,#7720,#7721,#7722,#7723,#7724,#7725,#7726,#7727,
#7728,#7729));
#7803=CLOSED_SHELL('',(#7730,#7731,#7732,#7733,#7734,#7735,#7736,#7737,
#7738,#7739,#7740,#7741,#7742,#7743,#7744,#7745,#7746,#7747,#7748,#7749,
#7750,#7751,#7752,#7753,#7754,#7755,#7756,#7757,#7758));
#7804=CLOSED_SHELL('',(#7759,#7760,#7761,#7762,#7763,#7764,#7765,#7766,
#7767,#7768,#7769,#7770,#7771,#7772,#7773,#7774,#7775,#7776,#7777,#7778,
#7779,#7780,#7781,#7782,#7783,#7784,#7785,#7786,#7787,#7788,#7789,#7790,
#7791,#7792));
#7805=STYLED_ITEM('',(#7817),#7890);
#7806=STYLED_ITEM('',(#7818),#7891);
#7807=STYLED_ITEM('',(#7819),#7892);
#7808=STYLED_ITEM('',(#7820),#7893);
#7809=STYLED_ITEM('',(#7821),#7894);
#7810=STYLED_ITEM('',(#7822),#7895);
#7811=STYLED_ITEM('',(#7823),#7896);
#7812=STYLED_ITEM('',(#7824),#7897);
#7813=STYLED_ITEM('',(#7825),#7898);
#7814=STYLED_ITEM('',(#7826),#7899);
#7815=STYLED_ITEM('',(#7827),#7900);
#7816=STYLED_ITEM('',(#7828),#7901);
#7817=PRESENTATION_STYLE_ASSIGNMENT((#7829));
#7818=PRESENTATION_STYLE_ASSIGNMENT((#7830));
#7819=PRESENTATION_STYLE_ASSIGNMENT((#7831));
#7820=PRESENTATION_STYLE_ASSIGNMENT((#7832));
#7821=PRESENTATION_STYLE_ASSIGNMENT((#7833));
#7822=PRESENTATION_STYLE_ASSIGNMENT((#7834));
#7823=PRESENTATION_STYLE_ASSIGNMENT((#7835));
#7824=PRESENTATION_STYLE_ASSIGNMENT((#7836));
#7825=PRESENTATION_STYLE_ASSIGNMENT((#7837));
#7826=PRESENTATION_STYLE_ASSIGNMENT((#7838));
#7827=PRESENTATION_STYLE_ASSIGNMENT((#7839));
#7828=PRESENTATION_STYLE_ASSIGNMENT((#7840));
#7829=SURFACE_STYLE_USAGE(.BOTH.,#7841);
#7830=SURFACE_STYLE_USAGE(.BOTH.,#7842);
#7831=SURFACE_STYLE_USAGE(.BOTH.,#7843);
#7832=SURFACE_STYLE_USAGE(.BOTH.,#7844);
#7833=SURFACE_STYLE_USAGE(.BOTH.,#7845);
#7834=SURFACE_STYLE_USAGE(.BOTH.,#7846);
#7835=SURFACE_STYLE_USAGE(.BOTH.,#7847);
#7836=SURFACE_STYLE_USAGE(.BOTH.,#7848);
#7837=SURFACE_STYLE_USAGE(.BOTH.,#7849);
#7838=SURFACE_STYLE_USAGE(.BOTH.,#7850);
#7839=SURFACE_STYLE_USAGE(.BOTH.,#7851);
#7840=SURFACE_STYLE_USAGE(.BOTH.,#7852);
#7841=SURFACE_SIDE_STYLE('',(#7853));
#7842=SURFACE_SIDE_STYLE('',(#7854));
#7843=SURFACE_SIDE_STYLE('',(#7855));
#7844=SURFACE_SIDE_STYLE('',(#7856));
#7845=SURFACE_SIDE_STYLE('',(#7857));
#7846=SURFACE_SIDE_STYLE('',(#7858));
#7847=SURFACE_SIDE_STYLE('',(#7859));
#7848=SURFACE_SIDE_STYLE('',(#7860));
#7849=SURFACE_SIDE_STYLE('',(#7861));
#7850=SURFACE_SIDE_STYLE('',(#7862));
#7851=SURFACE_SIDE_STYLE('',(#7863));
#7852=SURFACE_SIDE_STYLE('',(#7864));
#7853=SURFACE_STYLE_FILL_AREA(#7865);
#7854=SURFACE_STYLE_FILL_AREA(#7866);
#7855=SURFACE_STYLE_FILL_AREA(#7867);
#7856=SURFACE_STYLE_FILL_AREA(#7868);
#7857=SURFACE_STYLE_FILL_AREA(#7869);
#7858=SURFACE_STYLE_FILL_AREA(#7870);
#7859=SURFACE_STYLE_FILL_AREA(#7871);
#7860=SURFACE_STYLE_FILL_AREA(#7872);
#7861=SURFACE_STYLE_FILL_AREA(#7873);
#7862=SURFACE_STYLE_FILL_AREA(#7874);
#7863=SURFACE_STYLE_FILL_AREA(#7875);
#7864=SURFACE_STYLE_FILL_AREA(#7876);
#7865=FILL_AREA_STYLE('',(#7877));
#7866=FILL_AREA_STYLE('',(#7878));
#7867=FILL_AREA_STYLE('',(#7879));
#7868=FILL_AREA_STYLE('',(#7880));
#7869=FILL_AREA_STYLE('',(#7881));
#7870=FILL_AREA_STYLE('',(#7882));
#7871=FILL_AREA_STYLE('',(#7883));
#7872=FILL_AREA_STYLE('',(#7884));
#7873=FILL_AREA_STYLE('',(#7885));
#7874=FILL_AREA_STYLE('',(#7886));
#7875=FILL_AREA_STYLE('',(#7887));
#7876=FILL_AREA_STYLE('',(#7888));
#7877=FILL_AREA_STYLE_COLOUR('',#7889);
#7878=FILL_AREA_STYLE_COLOUR('',#10);
#7879=FILL_AREA_STYLE_COLOUR('',#7889);
#7880=FILL_AREA_STYLE_COLOUR('',#7889);
#7881=FILL_AREA_STYLE_COLOUR('',#10);
#7882=FILL_AREA_STYLE_COLOUR('',#10);
#7883=FILL_AREA_STYLE_COLOUR('',#10);
#7884=FILL_AREA_STYLE_COLOUR('',#7889);
#7885=FILL_AREA_STYLE_COLOUR('',#10);
#7886=FILL_AREA_STYLE_COLOUR('',#10);
#7887=FILL_AREA_STYLE_COLOUR('',#7889);
#7888=FILL_AREA_STYLE_COLOUR('',#10);
#7889=DRAUGHTING_PRE_DEFINED_COLOUR('black');
#7890=MANIFOLD_SOLID_BREP('Part 11',#7793);
#7891=MANIFOLD_SOLID_BREP('Part 4',#7794);
#7892=MANIFOLD_SOLID_BREP('Part 8',#7795);
#7893=MANIFOLD_SOLID_BREP('Part 12',#7796);
#7894=MANIFOLD_SOLID_BREP('Part 7',#7797);
#7895=MANIFOLD_SOLID_BREP('Part 1',#7798);
#7896=MANIFOLD_SOLID_BREP('Part 5',#7799);
#7897=MANIFOLD_SOLID_BREP('Part 9',#7800);
#7898=MANIFOLD_SOLID_BREP('Part 2',#7801);
#7899=MANIFOLD_SOLID_BREP('Part 6',#7802);
#7900=MANIFOLD_SOLID_BREP('Part 10',#7803);
#7901=MANIFOLD_SOLID_BREP('Part 3',#7804);
#7902=SHAPE_DEFINITION_REPRESENTATION(#13090,#7914);
#7903=SHAPE_DEFINITION_REPRESENTATION(#13091,#7915);
#7904=SHAPE_DEFINITION_REPRESENTATION(#13092,#7916);
#7905=SHAPE_DEFINITION_REPRESENTATION(#13093,#7917);
#7906=SHAPE_DEFINITION_REPRESENTATION(#13094,#7918);
#7907=SHAPE_DEFINITION_REPRESENTATION(#13095,#7919);
#7908=SHAPE_DEFINITION_REPRESENTATION(#13096,#7920);
#7909=SHAPE_DEFINITION_REPRESENTATION(#13097,#7921);
#7910=SHAPE_DEFINITION_REPRESENTATION(#13098,#7922);
#7911=SHAPE_DEFINITION_REPRESENTATION(#13099,#7923);
#7912=SHAPE_DEFINITION_REPRESENTATION(#13100,#7924);
#7913=SHAPE_DEFINITION_REPRESENTATION(#13101,#7925);
#7914=SHAPE_REPRESENTATION('Part 11',(#7926),#13030);
#7915=SHAPE_REPRESENTATION('Part 4',(#7966),#13031);
#7916=SHAPE_REPRESENTATION('Part 8',(#8019),#13032);
#7917=SHAPE_REPRESENTATION('Part 12',(#8059),#13033);
#7918=SHAPE_REPRESENTATION('Part 7',(#8099),#13034);
#7919=SHAPE_REPRESENTATION('Part 1',(#8168),#13035);
#7920=SHAPE_REPRESENTATION('Part 5',(#8229),#13036);
#7921=SHAPE_REPRESENTATION('Part 9',(#8298),#13037);
#7922=SHAPE_REPRESENTATION('Part 2',(#8338),#13038);
#7923=SHAPE_REPRESENTATION('Part 6',(#8407),#13039);
#7924=SHAPE_REPRESENTATION('Part 10',(#8484),#13040);
#7925=SHAPE_REPRESENTATION('Part 3',(#8524),#13041);
#7926=AXIS2_PLACEMENT_3D('',#10755,#8577,#8578);
#7927=AXIS2_PLACEMENT_3D('',#10756,#8579,#8580);
#7928=AXIS2_PLACEMENT_3D('',#10773,#8589,#8590);
#7929=AXIS2_PLACEMENT_3D('',#10790,#8599,#8600);
#7930=AXIS2_PLACEMENT_3D('',#10792,#8602,#8603);
#7931=AXIS2_PLACEMENT_3D('',#10796,#8605,#8606);
#7932=AXIS2_PLACEMENT_3D('',#10797,#8607,#8608);
#7933=AXIS2_PLACEMENT_3D('',#10799,#8610,#8611);
#7934=AXIS2_PLACEMENT_3D('',#10803,#8613,#8614);
#7935=AXIS2_PLACEMENT_3D('',#10804,#8615,#8616);
#7936=AXIS2_PLACEMENT_3D('',#10807,#8618,#8619);
#7937=AXIS2_PLACEMENT_3D('',#10808,#8620,#8621);
#7938=AXIS2_PLACEMENT_3D('',#10812,#8624,#8625);
#7939=AXIS2_PLACEMENT_3D('',#10813,#8626,#8627);
#7940=AXIS2_PLACEMENT_3D('',#10814,#8628,#8629);
#7941=AXIS2_PLACEMENT_3D('',#10817,#8631,#8632);
#7942=AXIS2_PLACEMENT_3D('',#10818,#8633,#8634);
#7943=AXIS2_PLACEMENT_3D('',#10822,#8637,#8638);
#7944=AXIS2_PLACEMENT_3D('',#10823,#8639,#8640);
#7945=AXIS2_PLACEMENT_3D('',#10824,#8641,#8642);
#7946=AXIS2_PLACEMENT_3D('',#10825,#8643,#8644);
#7947=AXIS2_PLACEMENT_3D('',#10827,#8646,#8647);
#7948=AXIS2_PLACEMENT_3D('',#10829,#8649,#8650);
#7949=AXIS2_PLACEMENT_3D('',#10830,#8651,#8652);
#7950=AXIS2_PLACEMENT_3D('',#10832,#8653,#8654);
#7951=AXIS2_PLACEMENT_3D('',#10834,#8655,#8656);
#7952=AXIS2_PLACEMENT_3D('',#10835,#8657,#8658);
#7953=AXIS2_PLACEMENT_3D('',#10860,#8671,#8672);
#7954=AXIS2_PLACEMENT_3D('',#10866,#8676,#8677);
#7955=AXIS2_PLACEMENT_3D('',#10870,#8680,#8681);
#7956=AXIS2_PLACEMENT_3D('',#10874,#8684,#8685);
#7957=AXIS2_PLACEMENT_3D('',#10878,#8688,#8689);
#7958=AXIS2_PLACEMENT_3D('',#10882,#8692,#8693);
#7959=AXIS2_PLACEMENT_3D('',#10886,#8696,#8697);
#7960=AXIS2_PLACEMENT_3D('',#10890,#8700,#8701);
#7961=AXIS2_PLACEMENT_3D('',#10894,#8704,#8705);
#7962=AXIS2_PLACEMENT_3D('',#10898,#8708,#8709);
#7963=AXIS2_PLACEMENT_3D('',#10902,#8712,#8713);
#7964=AXIS2_PLACEMENT_3D('',#10906,#8716,#8717);
#7965=AXIS2_PLACEMENT_3D('',#10908,#8719,#8720);
#7966=AXIS2_PLACEMENT_3D('',#10909,#8721,#8722);
#7967=AXIS2_PLACEMENT_3D('',#10910,#8723,#8724);
#7968=AXIS2_PLACEMENT_3D('',#10911,#8725,#8726);
#7969=AXIS2_PLACEMENT_3D('',#10916,#8728,#8729);
#7970=AXIS2_PLACEMENT_3D('',#10920,#8731,#8732);
#7971=AXIS2_PLACEMENT_3D('',#10924,#8734,#8735);
#7972=AXIS2_PLACEMENT_3D('',#10930,#8738,#8739);
#7973=AXIS2_PLACEMENT_3D('',#10934,#8741,#8742);
#7974=AXIS2_PLACEMENT_3D('',#10938,#8744,#8745);
#7975=AXIS2_PLACEMENT_3D('',#10942,#8747,#8748);
#7976=AXIS2_PLACEMENT_3D('',#10943,#8749,#8750);
#7977=AXIS2_PLACEMENT_3D('',#10949,#8754,#8755);
#7978=AXIS2_PLACEMENT_3D('',#10952,#8757,#8758);
#7979=AXIS2_PLACEMENT_3D('',#10953,#8759,#8760);
#7980=AXIS2_PLACEMENT_3D('',#10957,#8763,#8764);
#7981=AXIS2_PLACEMENT_3D('',#10960,#8766,#8767);
#7982=AXIS2_PLACEMENT_3D('',#10961,#8768,#8769);
#7983=AXIS2_PLACEMENT_3D('',#10965,#8772,#8773);
#7984=AXIS2_PLACEMENT_3D('',#10968,#8775,#8776);
#7985=AXIS2_PLACEMENT_3D('',#10969,#8777,#8778);
#7986=AXIS2_PLACEMENT_3D('',#10973,#8781,#8782);
#7987=AXIS2_PLACEMENT_3D('',#10974,#8783,#8784);
#7988=AXIS2_PLACEMENT_3D('',#10975,#8785,#8786);
#7989=AXIS2_PLACEMENT_3D('',#10976,#8787,#8788);
#7990=AXIS2_PLACEMENT_3D('',#10982,#8792,#8793);
#7991=AXIS2_PLACEMENT_3D('',#10983,#8794,#8795);
#7992=AXIS2_PLACEMENT_3D('',#10986,#8797,#8798);
#7993=AXIS2_PLACEMENT_3D('',#10990,#8801,#8802);
#7994=AXIS2_PLACEMENT_3D('',#10991,#8803,#8804);
#7995=AXIS2_PLACEMENT_3D('',#10994,#8806,#8807);
#7996=AXIS2_PLACEMENT_3D('',#10998,#8810,#8811);
#7997=AXIS2_PLACEMENT_3D('',#10999,#8812,#8813);
#7998=AXIS2_PLACEMENT_3D('',#11002,#8815,#8816);
#7999=AXIS2_PLACEMENT_3D('',#11006,#8819,#8820);
#8000=AXIS2_PLACEMENT_3D('',#11007,#8821,#8822);
#8001=AXIS2_PLACEMENT_3D('',#11008,#8823,#8824);
#8002=AXIS2_PLACEMENT_3D('',#11009,#8825,#8826);
#8003=AXIS2_PLACEMENT_3D('',#11011,#8827,#8828);
#8004=AXIS2_PLACEMENT_3D('',#11013,#8829,#8830);
#8005=AXIS2_PLACEMENT_3D('',#11014,#8831,#8832);
#8006=AXIS2_PLACEMENT_3D('',#11039,#8845,#8846);
#8007=AXIS2_PLACEMENT_3D('',#11045,#8850,#8851);
#8008=AXIS2_PLACEMENT_3D('',#11049,#8854,#8855);
#8009=AXIS2_PLACEMENT_3D('',#11053,#8858,#8859);
#8010=AXIS2_PLACEMENT_3D('',#11057,#8862,#8863);
#8011=AXIS2_PLACEMENT_3D('',#11061,#8866,#8867);
#8012=AXIS2_PLACEMENT_3D('',#11065,#8870,#8871);
#8013=AXIS2_PLACEMENT_3D('',#11069,#8874,#8875);
#8014=AXIS2_PLACEMENT_3D('',#11073,#8878,#8879);
#8015=AXIS2_PLACEMENT_3D('',#11077,#8882,#8883);
#8016=AXIS2_PLACEMENT_3D('',#11081,#8886,#8887);
#8017=AXIS2_PLACEMENT_3D('',#11085,#8890,#8891);
#8018=AXIS2_PLACEMENT_3D('',#11087,#8893,#8894);
#8019=AXIS2_PLACEMENT_3D('',#11088,#8895,#8896);
#8020=AXIS2_PLACEMENT_3D('',#11089,#8897,#8898);
#8021=AXIS2_PLACEMENT_3D('',#11106,#8907,#8908);
#8022=AXIS2_PLACEMENT_3D('',#11123,#8917,#8918);
#8023=AXIS2_PLACEMENT_3D('',#11125,#8920,#8921);
#8024=AXIS2_PLACEMENT_3D('',#11129,#8923,#8924);
#8025=AXIS2_PLACEMENT_3D('',#11130,#8925,#8926);
#8026=AXIS2_PLACEMENT_3D('',#11132,#8928,#8929);
#8027=AXIS2_PLACEMENT_3D('',#11136,#8931,#8932);
#8028=AXIS2_PLACEMENT_3D('',#11137,#8933,#8934);
#8029=AXIS2_PLACEMENT_3D('',#11140,#8936,#8937);
#8030=AXIS2_PLACEMENT_3D('',#11141,#8938,#8939);
#8031=AXIS2_PLACEMENT_3D('',#11145,#8942,#8943);
#8032=AXIS2_PLACEMENT_3D('',#11146,#8944,#8945);
#8033=AXIS2_PLACEMENT_3D('',#11147,#8946,#8947);
#8034=AXIS2_PLACEMENT_3D('',#11150,#8949,#8950);
#8035=AXIS2_PLACEMENT_3D('',#11151,#8951,#8952);
#8036=AXIS2_PLACEMENT_3D('',#11155,#8955,#8956);
#8037=AXIS2_PLACEMENT_3D('',#11156,#8957,#8958);
#8038=AXIS2_PLACEMENT_3D('',#11157,#8959,#8960);
#8039=AXIS2_PLACEMENT_3D('',#11158,#8961,#8962);
#8040=AXIS2_PLACEMENT_3D('',#11160,#8964,#8965);
#8041=AXIS2_PLACEMENT_3D('',#11162,#8967,#8968);
#8042=AXIS2_PLACEMENT_3D('',#11163,#8969,#8970);
#8043=AXIS2_PLACEMENT_3D('',#11165,#8971,#8972);
#8044=AXIS2_PLACEMENT_3D('',#11167,#8973,#8974);
#8045=AXIS2_PLACEMENT_3D('',#11168,#8975,#8976);
#8046=AXIS2_PLACEMENT_3D('',#11193,#8989,#8990);
#8047=AXIS2_PLACEMENT_3D('',#11199,#8994,#8995);
#8048=AXIS2_PLACEMENT_3D('',#11203,#8998,#8999);
#8049=AXIS2_PLACEMENT_3D('',#11207,#9002,#9003);
#8050=AXIS2_PLACEMENT_3D('',#11211,#9006,#9007);
#8051=AXIS2_PLACEMENT_3D('',#11215,#9010,#9011);
#8052=AXIS2_PLACEMENT_3D('',#11219,#9014,#9015);
#8053=AXIS2_PLACEMENT_3D('',#11223,#9018,#9019);
#8054=AXIS2_PLACEMENT_3D('',#11227,#9022,#9023);
#8055=AXIS2_PLACEMENT_3D('',#11231,#9026,#9027);
#8056=AXIS2_PLACEMENT_3D('',#11235,#9030,#9031);
#8057=AXIS2_PLACEMENT_3D('',#11239,#9034,#9035);
#8058=AXIS2_PLACEMENT_3D('',#11241,#9037,#9038);
#8059=AXIS2_PLACEMENT_3D('',#11242,#9039,#9040);
#8060=AXIS2_PLACEMENT_3D('',#11243,#9041,#9042);
#8061=AXIS2_PLACEMENT_3D('',#11260,#9051,#9052);
#8062=AXIS2_PLACEMENT_3D('',#11277,#9061,#9062);
#8063=AXIS2_PLACEMENT_3D('',#11279,#9064,#9065);
#8064=AXIS2_PLACEMENT_3D('',#11283,#9067,#9068);
#8065=AXIS2_PLACEMENT_3D('',#11284,#9069,#9070);
#8066=AXIS2_PLACEMENT_3D('',#11286,#9072,#9073);
#8067=AXIS2_PLACEMENT_3D('',#11290,#9075,#9076);
#8068=AXIS2_PLACEMENT_3D('',#11291,#9077,#9078);
#8069=AXIS2_PLACEMENT_3D('',#11294,#9080,#9081);
#8070=AXIS2_PLACEMENT_3D('',#11295,#9082,#9083);
#8071=AXIS2_PLACEMENT_3D('',#11299,#9086,#9087);
#8072=AXIS2_PLACEMENT_3D('',#11300,#9088,#9089);
#8073=AXIS2_PLACEMENT_3D('',#11301,#9090,#9091);
#8074=AXIS2_PLACEMENT_3D('',#11304,#9093,#9094);
#8075=AXIS2_PLACEMENT_3D('',#11305,#9095,#9096);
#8076=AXIS2_PLACEMENT_3D('',#11309,#9099,#9100);
#8077=AXIS2_PLACEMENT_3D('',#11310,#9101,#9102);
#8078=AXIS2_PLACEMENT_3D('',#11311,#9103,#9104);
#8079=AXIS2_PLACEMENT_3D('',#11312,#9105,#9106);
#8080=AXIS2_PLACEMENT_3D('',#11314,#9108,#9109);
#8081=AXIS2_PLACEMENT_3D('',#11316,#9111,#9112);
#8082=AXIS2_PLACEMENT_3D('',#11317,#9113,#9114);
#8083=AXIS2_PLACEMENT_3D('',#11319,#9115,#9116);
#8084=AXIS2_PLACEMENT_3D('',#11321,#9117,#9118);
#8085=AXIS2_PLACEMENT_3D('',#11322,#9119,#9120);
#8086=AXIS2_PLACEMENT_3D('',#11347,#9133,#9134);
#8087=AXIS2_PLACEMENT_3D('',#11353,#9138,#9139);
#8088=AXIS2_PLACEMENT_3D('',#11357,#9142,#9143);
#8089=AXIS2_PLACEMENT_3D('',#11361,#9146,#9147);
#8090=AXIS2_PLACEMENT_3D('',#11365,#9150,#9151);
#8091=AXIS2_PLACEMENT_3D('',#11369,#9154,#9155);
#8092=AXIS2_PLACEMENT_3D('',#11373,#9158,#9159);
#8093=AXIS2_PLACEMENT_3D('',#11377,#9162,#9163);
#8094=AXIS2_PLACEMENT_3D('',#11381,#9166,#9167);
#8095=AXIS2_PLACEMENT_3D('',#11385,#9170,#9171);
#8096=AXIS2_PLACEMENT_3D('',#11389,#9174,#9175);
#8097=AXIS2_PLACEMENT_3D('',#11393,#9178,#9179);
#8098=AXIS2_PLACEMENT_3D('',#11395,#9181,#9182);
#8099=AXIS2_PLACEMENT_3D('',#11396,#9183,#9184);
#8100=AXIS2_PLACEMENT_3D('',#11397,#9185,#9186);
#8101=AXIS2_PLACEMENT_3D('',#11398,#9187,#9188);
#8102=AXIS2_PLACEMENT_3D('',#11403,#9190,#9191);
#8103=AXIS2_PLACEMENT_3D('',#11407,#9193,#9194);
#8104=AXIS2_PLACEMENT_3D('',#11411,#9196,#9197);
#8105=AXIS2_PLACEMENT_3D('',#11414,#9199,#9200);
#8106=AXIS2_PLACEMENT_3D('',#11419,#9202,#9203);
#8107=AXIS2_PLACEMENT_3D('',#11423,#9205,#9206);
#8108=AXIS2_PLACEMENT_3D('',#11427,#9208,#9209);
#8109=AXIS2_PLACEMENT_3D('',#11431,#9211,#9212);
#8110=AXIS2_PLACEMENT_3D('',#11435,#9214,#9215);
#8111=AXIS2_PLACEMENT_3D('',#11439,#9217,#9218);
#8112=AXIS2_PLACEMENT_3D('',#11443,#9220,#9221);
#8113=AXIS2_PLACEMENT_3D('',#11446,#9223,#9224);
#8114=AXIS2_PLACEMENT_3D('',#11449,#9226,#9227);
#8115=AXIS2_PLACEMENT_3D('',#11452,#9229,#9230);
#8116=AXIS2_PLACEMENT_3D('',#11456,#9233,#9234);
#8117=AXIS2_PLACEMENT_3D('',#11459,#9236,#9237);
#8118=AXIS2_PLACEMENT_3D('',#11460,#9238,#9239);
#8119=AXIS2_PLACEMENT_3D('',#11464,#9242,#9243);
#8120=AXIS2_PLACEMENT_3D('',#11467,#9245,#9246);
#8121=AXIS2_PLACEMENT_3D('',#11468,#9247,#9248);
#8122=AXIS2_PLACEMENT_3D('',#11472,#9251,#9252);
#8123=AXIS2_PLACEMENT_3D('',#11475,#9254,#9255);
#8124=AXIS2_PLACEMENT_3D('',#11476,#9256,#9257);
#8125=AXIS2_PLACEMENT_3D('',#11480,#9260,#9261);
#8126=AXIS2_PLACEMENT_3D('',#11483,#9263,#9264);
#8127=AXIS2_PLACEMENT_3D('',#11484,#9265,#9266);
#8128=AXIS2_PLACEMENT_3D('',#11488,#9269,#9270);
#8129=AXIS2_PLACEMENT_3D('',#11491,#9272,#9273);
#8130=AXIS2_PLACEMENT_3D('',#11492,#9274,#9275);
#8131=AXIS2_PLACEMENT_3D('',#11496,#9278,#9279);
#8132=AXIS2_PLACEMENT_3D('',#11499,#9281,#9282);
#8133=AXIS2_PLACEMENT_3D('',#11500,#9283,#9284);
#8134=AXIS2_PLACEMENT_3D('',#11504,#9287,#9288);
#8135=AXIS2_PLACEMENT_3D('',#11507,#9290,#9291);
#8136=AXIS2_PLACEMENT_3D('',#11508,#9292,#9293);
#8137=AXIS2_PLACEMENT_3D('',#11510,#9295,#9296);
#8138=AXIS2_PLACEMENT_3D('',#11511,#9297,#9298);
#8139=AXIS2_PLACEMENT_3D('',#11517,#9302,#9303);
#8140=AXIS2_PLACEMENT_3D('',#11518,#9304,#9305);
#8141=AXIS2_PLACEMENT_3D('',#11521,#9307,#9308);
#8142=AXIS2_PLACEMENT_3D('',#11525,#9311,#9312);
#8143=AXIS2_PLACEMENT_3D('',#11526,#9313,#9314);
#8144=AXIS2_PLACEMENT_3D('',#11529,#9316,#9317);
#8145=AXIS2_PLACEMENT_3D('',#11533,#9320,#9321);
#8146=AXIS2_PLACEMENT_3D('',#11534,#9322,#9323);
#8147=AXIS2_PLACEMENT_3D('',#11537,#9325,#9326);
#8148=AXIS2_PLACEMENT_3D('',#11541,#9329,#9330);
#8149=AXIS2_PLACEMENT_3D('',#11542,#9331,#9332);
#8150=AXIS2_PLACEMENT_3D('',#11543,#9333,#9334);
#8151=AXIS2_PLACEMENT_3D('',#11544,#9335,#9336);
#8152=AXIS2_PLACEMENT_3D('',#11546,#9337,#9338);
#8153=AXIS2_PLACEMENT_3D('',#11548,#9339,#9340);
#8154=AXIS2_PLACEMENT_3D('',#11549,#9341,#9342);
#8155=AXIS2_PLACEMENT_3D('',#11574,#9355,#9356);
#8156=AXIS2_PLACEMENT_3D('',#11580,#9360,#9361);
#8157=AXIS2_PLACEMENT_3D('',#11584,#9364,#9365);
#8158=AXIS2_PLACEMENT_3D('',#11588,#9368,#9369);
#8159=AXIS2_PLACEMENT_3D('',#11592,#9372,#9373);
#8160=AXIS2_PLACEMENT_3D('',#11596,#9376,#9377);
#8161=AXIS2_PLACEMENT_3D('',#11600,#9380,#9381);
#8162=AXIS2_PLACEMENT_3D('',#11604,#9384,#9385);
#8163=AXIS2_PLACEMENT_3D('',#11608,#9388,#9389);
#8164=AXIS2_PLACEMENT_3D('',#11612,#9392,#9393);
#8165=AXIS2_PLACEMENT_3D('',#11616,#9396,#9397);
#8166=AXIS2_PLACEMENT_3D('',#11620,#9400,#9401);
#8167=AXIS2_PLACEMENT_3D('',#11622,#9403,#9404);
#8168=AXIS2_PLACEMENT_3D('',#11623,#9405,#9406);
#8169=AXIS2_PLACEMENT_3D('',#11624,#9407,#9408);
#8170=AXIS2_PLACEMENT_3D('',#11625,#9409,#9410);
#8171=AXIS2_PLACEMENT_3D('',#11630,#9412,#9413);
#8172=AXIS2_PLACEMENT_3D('',#11634,#9415,#9416);
#8173=AXIS2_PLACEMENT_3D('',#11638,#9418,#9419);
#8174=AXIS2_PLACEMENT_3D('',#11644,#9422,#9423);
#8175=AXIS2_PLACEMENT_3D('',#11648,#9425,#9426);
#8176=AXIS2_PLACEMENT_3D('',#11652,#9428,#9429);
#8177=AXIS2_PLACEMENT_3D('',#11656,#9431,#9432);
#8178=AXIS2_PLACEMENT_3D('',#11660,#9434,#9435);
#8179=AXIS2_PLACEMENT_3D('',#11664,#9437,#9438);
#8180=AXIS2_PLACEMENT_3D('',#11665,#9439,#9440);
#8181=AXIS2_PLACEMENT_3D('',#11671,#9444,#9445);
#8182=AXIS2_PLACEMENT_3D('',#11674,#9447,#9448);
#8183=AXIS2_PLACEMENT_3D('',#11675,#9449,#9450);
#8184=AXIS2_PLACEMENT_3D('',#11679,#9453,#9454);
#8185=AXIS2_PLACEMENT_3D('',#11682,#9456,#9457);
#8186=AXIS2_PLACEMENT_3D('',#11683,#9458,#9459);
#8187=AXIS2_PLACEMENT_3D('',#11687,#9462,#9463);
#8188=AXIS2_PLACEMENT_3D('',#11690,#9465,#9466);
#8189=AXIS2_PLACEMENT_3D('',#11691,#9467,#9468);
#8190=AXIS2_PLACEMENT_3D('',#11695,#9471,#9472);
#8191=AXIS2_PLACEMENT_3D('',#11698,#9474,#9475);
#8192=AXIS2_PLACEMENT_3D('',#11699,#9476,#9477);
#8193=AXIS2_PLACEMENT_3D('',#11703,#9480,#9481);
#8194=AXIS2_PLACEMENT_3D('',#11706,#9483,#9484);
#8195=AXIS2_PLACEMENT_3D('',#11707,#9485,#9486);
#8196=AXIS2_PLACEMENT_3D('',#11711,#9489,#9490);
#8197=AXIS2_PLACEMENT_3D('',#11712,#9491,#9492);
#8198=AXIS2_PLACEMENT_3D('',#11713,#9493,#9494);
#8199=AXIS2_PLACEMENT_3D('',#11714,#9495,#9496);
#8200=AXIS2_PLACEMENT_3D('',#11720,#9500,#9501);
#8201=AXIS2_PLACEMENT_3D('',#11721,#9502,#9503);
#8202=AXIS2_PLACEMENT_3D('',#11724,#9505,#9506);
#8203=AXIS2_PLACEMENT_3D('',#11728,#9509,#9510);
#8204=AXIS2_PLACEMENT_3D('',#11729,#9511,#9512);
#8205=AXIS2_PLACEMENT_3D('',#11732,#9514,#9515);
#8206=AXIS2_PLACEMENT_3D('',#11736,#9518,#9519);
#8207=AXIS2_PLACEMENT_3D('',#11737,#9520,#9521);
#8208=AXIS2_PLACEMENT_3D('',#11740,#9523,#9524);
#8209=AXIS2_PLACEMENT_3D('',#11744,#9527,#9528);
#8210=AXIS2_PLACEMENT_3D('',#11745,#9529,#9530);
#8211=AXIS2_PLACEMENT_3D('',#11746,#9531,#9532);
#8212=AXIS2_PLACEMENT_3D('',#11747,#9533,#9534);
#8213=AXIS2_PLACEMENT_3D('',#11749,#9535,#9536);
#8214=AXIS2_PLACEMENT_3D('',#11751,#9537,#9538);
#8215=AXIS2_PLACEMENT_3D('',#11752,#9539,#9540);
#8216=AXIS2_PLACEMENT_3D('',#11777,#9553,#9554);
#8217=AXIS2_PLACEMENT_3D('',#11783,#9558,#9559);
#8218=AXIS2_PLACEMENT_3D('',#11787,#9562,#9563);
#8219=AXIS2_PLACEMENT_3D('',#11791,#9566,#9567);
#8220=AXIS2_PLACEMENT_3D('',#11795,#9570,#9571);
#8221=AXIS2_PLACEMENT_3D('',#11799,#9574,#9575);
#8222=AXIS2_PLACEMENT_3D('',#11803,#9578,#9579);
#8223=AXIS2_PLACEMENT_3D('',#11807,#9582,#9583);
#8224=AXIS2_PLACEMENT_3D('',#11811,#9586,#9587);
#8225=AXIS2_PLACEMENT_3D('',#11815,#9590,#9591);
#8226=AXIS2_PLACEMENT_3D('',#11819,#9594,#9595);
#8227=AXIS2_PLACEMENT_3D('',#11823,#9598,#9599);
#8228=AXIS2_PLACEMENT_3D('',#11825,#9601,#9602);
#8229=AXIS2_PLACEMENT_3D('',#11826,#9603,#9604);
#8230=AXIS2_PLACEMENT_3D('',#11827,#9605,#9606);
#8231=AXIS2_PLACEMENT_3D('',#11828,#9607,#9608);
#8232=AXIS2_PLACEMENT_3D('',#11833,#9610,#9611);
#8233=AXIS2_PLACEMENT_3D('',#11837,#9613,#9614);
#8234=AXIS2_PLACEMENT_3D('',#11841,#9616,#9617);
#8235=AXIS2_PLACEMENT_3D('',#11847,#9620,#9621);
#8236=AXIS2_PLACEMENT_3D('',#11851,#9623,#9624);
#8237=AXIS2_PLACEMENT_3D('',#11855,#9626,#9627);
#8238=AXIS2_PLACEMENT_3D('',#11859,#9629,#9630);
#8239=AXIS2_PLACEMENT_3D('',#11863,#9632,#9633);
#8240=AXIS2_PLACEMENT_3D('',#11867,#9635,#9636);
#8241=AXIS2_PLACEMENT_3D('',#11871,#9638,#9639);
#8242=AXIS2_PLACEMENT_3D('',#11875,#9641,#9642);
#8243=AXIS2_PLACEMENT_3D('',#11876,#9643,#9644);
#8244=AXIS2_PLACEMENT_3D('',#11882,#9648,#9649);
#8245=AXIS2_PLACEMENT_3D('',#11885,#9651,#9652);
#8246=AXIS2_PLACEMENT_3D('',#11886,#9653,#9654);
#8247=AXIS2_PLACEMENT_3D('',#11890,#9657,#9658);
#8248=AXIS2_PLACEMENT_3D('',#11893,#9660,#9661);
#8249=AXIS2_PLACEMENT_3D('',#11894,#9662,#9663);
#8250=AXIS2_PLACEMENT_3D('',#11898,#9666,#9667);
#8251=AXIS2_PLACEMENT_3D('',#11901,#9669,#9670);
#8252=AXIS2_PLACEMENT_3D('',#11902,#9671,#9672);
#8253=AXIS2_PLACEMENT_3D('',#11906,#9675,#9676);
#8254=AXIS2_PLACEMENT_3D('',#11909,#9678,#9679);
#8255=AXIS2_PLACEMENT_3D('',#11910,#9680,#9681);
#8256=AXIS2_PLACEMENT_3D('',#11914,#9684,#9685);
#8257=AXIS2_PLACEMENT_3D('',#11917,#9687,#9688);
#8258=AXIS2_PLACEMENT_3D('',#11918,#9689,#9690);
#8259=AXIS2_PLACEMENT_3D('',#11922,#9693,#9694);
#8260=AXIS2_PLACEMENT_3D('',#11925,#9696,#9697);
#8261=AXIS2_PLACEMENT_3D('',#11926,#9698,#9699);
#8262=AXIS2_PLACEMENT_3D('',#11930,#9702,#9703);
#8263=AXIS2_PLACEMENT_3D('',#11933,#9705,#9706);
#8264=AXIS2_PLACEMENT_3D('',#11934,#9707,#9708);
#8265=AXIS2_PLACEMENT_3D('',#11938,#9711,#9712);
#8266=AXIS2_PLACEMENT_3D('',#11939,#9713,#9714);
#8267=AXIS2_PLACEMENT_3D('',#11940,#9715,#9716);
#8268=AXIS2_PLACEMENT_3D('',#11941,#9717,#9718);
#8269=AXIS2_PLACEMENT_3D('',#11947,#9722,#9723);
#8270=AXIS2_PLACEMENT_3D('',#11948,#9724,#9725);
#8271=AXIS2_PLACEMENT_3D('',#11951,#9727,#9728);
#8272=AXIS2_PLACEMENT_3D('',#11955,#9731,#9732);
#8273=AXIS2_PLACEMENT_3D('',#11956,#9733,#9734);
#8274=AXIS2_PLACEMENT_3D('',#11959,#9736,#9737);
#8275=AXIS2_PLACEMENT_3D('',#11963,#9740,#9741);
#8276=AXIS2_PLACEMENT_3D('',#11964,#9742,#9743);
#8277=AXIS2_PLACEMENT_3D('',#11967,#9745,#9746);
#8278=AXIS2_PLACEMENT_3D('',#11971,#9749,#9750);
#8279=AXIS2_PLACEMENT_3D('',#11972,#9751,#9752);
#8280=AXIS2_PLACEMENT_3D('',#11973,#9753,#9754);
#8281=AXIS2_PLACEMENT_3D('',#11974,#9755,#9756);
#8282=AXIS2_PLACEMENT_3D('',#11976,#9757,#9758);
#8283=AXIS2_PLACEMENT_3D('',#11978,#9759,#9760);
#8284=AXIS2_PLACEMENT_3D('',#11979,#9761,#9762);
#8285=AXIS2_PLACEMENT_3D('',#12004,#9775,#9776);
#8286=AXIS2_PLACEMENT_3D('',#12010,#9780,#9781);
#8287=AXIS2_PLACEMENT_3D('',#12014,#9784,#9785);
#8288=AXIS2_PLACEMENT_3D('',#12018,#9788,#9789);
#8289=AXIS2_PLACEMENT_3D('',#12022,#9792,#9793);
#8290=AXIS2_PLACEMENT_3D('',#12026,#9796,#9797);
#8291=AXIS2_PLACEMENT_3D('',#12030,#9800,#9801);
#8292=AXIS2_PLACEMENT_3D('',#12034,#9804,#9805);
#8293=AXIS2_PLACEMENT_3D('',#12038,#9808,#9809);
#8294=AXIS2_PLACEMENT_3D('',#12042,#9812,#9813);
#8295=AXIS2_PLACEMENT_3D('',#12046,#9816,#9817);
#8296=AXIS2_PLACEMENT_3D('',#12050,#9820,#9821);
#8297=AXIS2_PLACEMENT_3D('',#12052,#9823,#9824);
#8298=AXIS2_PLACEMENT_3D('',#12053,#9825,#9826);
#8299=AXIS2_PLACEMENT_3D('',#12054,#9827,#9828);
#8300=AXIS2_PLACEMENT_3D('',#12071,#9837,#9838);
#8301=AXIS2_PLACEMENT_3D('',#12088,#9847,#9848);
#8302=AXIS2_PLACEMENT_3D('',#12090,#9850,#9851);
#8303=AXIS2_PLACEMENT_3D('',#12094,#9853,#9854);
#8304=AXIS2_PLACEMENT_3D('',#12095,#9855,#9856);
#8305=AXIS2_PLACEMENT_3D('',#12097,#9858,#9859);
#8306=AXIS2_PLACEMENT_3D('',#12101,#9861,#9862);
#8307=AXIS2_PLACEMENT_3D('',#12102,#9863,#9864);
#8308=AXIS2_PLACEMENT_3D('',#12105,#9866,#9867);
#8309=AXIS2_PLACEMENT_3D('',#12106,#9868,#9869);
#8310=AXIS2_PLACEMENT_3D('',#12110,#9872,#9873);
#8311=AXIS2_PLACEMENT_3D('',#12111,#9874,#9875);
#8312=AXIS2_PLACEMENT_3D('',#12112,#9876,#9877);
#8313=AXIS2_PLACEMENT_3D('',#12115,#9879,#9880);
#8314=AXIS2_PLACEMENT_3D('',#12116,#9881,#9882);
#8315=AXIS2_PLACEMENT_3D('',#12120,#9885,#9886);
#8316=AXIS2_PLACEMENT_3D('',#12121,#9887,#9888);
#8317=AXIS2_PLACEMENT_3D('',#12122,#9889,#9890);
#8318=AXIS2_PLACEMENT_3D('',#12123,#9891,#9892);
#8319=AXIS2_PLACEMENT_3D('',#12125,#9894,#9895);
#8320=AXIS2_PLACEMENT_3D('',#12127,#9897,#9898);
#8321=AXIS2_PLACEMENT_3D('',#12128,#9899,#9900);
#8322=AXIS2_PLACEMENT_3D('',#12130,#9901,#9902);
#8323=AXIS2_PLACEMENT_3D('',#12132,#9903,#9904);
#8324=AXIS2_PLACEMENT_3D('',#12133,#9905,#9906);
#8325=AXIS2_PLACEMENT_3D('',#12158,#9919,#9920);
#8326=AXIS2_PLACEMENT_3D('',#12164,#9924,#9925);
#8327=AXIS2_PLACEMENT_3D('',#12168,#9928,#9929);
#8328=AXIS2_PLACEMENT_3D('',#12172,#9932,#9933);
#8329=AXIS2_PLACEMENT_3D('',#12176,#9936,#9937);
#8330=AXIS2_PLACEMENT_3D('',#12180,#9940,#9941);
#8331=AXIS2_PLACEMENT_3D('',#12184,#9944,#9945);
#8332=AXIS2_PLACEMENT_3D('',#12188,#9948,#9949);
#8333=AXIS2_PLACEMENT_3D('',#12192,#9952,#9953);
#8334=AXIS2_PLACEMENT_3D('',#12196,#9956,#9957);
#8335=AXIS2_PLACEMENT_3D('',#12200,#9960,#9961);
#8336=AXIS2_PLACEMENT_3D('',#12204,#9964,#9965);
#8337=AXIS2_PLACEMENT_3D('',#12206,#9967,#9968);
#8338=AXIS2_PLACEMENT_3D('',#12207,#9969,#9970);
#8339=AXIS2_PLACEMENT_3D('',#12208,#9971,#9972);
#8340=AXIS2_PLACEMENT_3D('',#12209,#9973,#9974);
#8341=AXIS2_PLACEMENT_3D('',#12214,#9976,#9977);
#8342=AXIS2_PLACEMENT_3D('',#12218,#9979,#9980);
#8343=AXIS2_PLACEMENT_3D('',#12222,#9982,#9983);
#8344=AXIS2_PLACEMENT_3D('',#12228,#9986,#9987);
#8345=AXIS2_PLACEMENT_3D('',#12232,#9989,#9990);
#8346=AXIS2_PLACEMENT_3D('',#12236,#9992,#9993);
#8347=AXIS2_PLACEMENT_3D('',#12240,#9995,#9996);
#8348=AXIS2_PLACEMENT_3D('',#12244,#9998,#9999);
#8349=AXIS2_PLACEMENT_3D('',#12248,#10001,#10002);
#8350=AXIS2_PLACEMENT_3D('',#12252,#10004,#10005);
#8351=AXIS2_PLACEMENT_3D('',#12256,#10007,#10008);
#8352=AXIS2_PLACEMENT_3D('',#12257,#10009,#10010);
#8353=AXIS2_PLACEMENT_3D('',#12263,#10014,#10015);
#8354=AXIS2_PLACEMENT_3D('',#12266,#10017,#10018);
#8355=AXIS2_PLACEMENT_3D('',#12267,#10019,#10020);
#8356=AXIS2_PLACEMENT_3D('',#12271,#10023,#10024);
#8357=AXIS2_PLACEMENT_3D('',#12274,#10026,#10027);
#8358=AXIS2_PLACEMENT_3D('',#12275,#10028,#10029);
#8359=AXIS2_PLACEMENT_3D('',#12279,#10032,#10033);
#8360=AXIS2_PLACEMENT_3D('',#12282,#10035,#10036);
#8361=AXIS2_PLACEMENT_3D('',#12283,#10037,#10038);
#8362=AXIS2_PLACEMENT_3D('',#12287,#10041,#10042);
#8363=AXIS2_PLACEMENT_3D('',#12290,#10044,#10045);
#8364=AXIS2_PLACEMENT_3D('',#12291,#10046,#10047);
#8365=AXIS2_PLACEMENT_3D('',#12295,#10050,#10051);
#8366=AXIS2_PLACEMENT_3D('',#12298,#10053,#10054);
#8367=AXIS2_PLACEMENT_3D('',#12299,#10055,#10056);
#8368=AXIS2_PLACEMENT_3D('',#12303,#10059,#10060);
#8369=AXIS2_PLACEMENT_3D('',#12306,#10062,#10063);
#8370=AXIS2_PLACEMENT_3D('',#12307,#10064,#10065);
#8371=AXIS2_PLACEMENT_3D('',#12311,#10068,#10069);
#8372=AXIS2_PLACEMENT_3D('',#12314,#10071,#10072);
#8373=AXIS2_PLACEMENT_3D('',#12315,#10073,#10074);
#8374=AXIS2_PLACEMENT_3D('',#12319,#10077,#10078);
#8375=AXIS2_PLACEMENT_3D('',#12320,#10079,#10080);
#8376=AXIS2_PLACEMENT_3D('',#12321,#10081,#10082);
#8377=AXIS2_PLACEMENT_3D('',#12322,#10083,#10084);
#8378=AXIS2_PLACEMENT_3D('',#12328,#10088,#10089);
#8379=AXIS2_PLACEMENT_3D('',#12329,#10090,#10091);
#8380=AXIS2_PLACEMENT_3D('',#12332,#10093,#10094);
#8381=AXIS2_PLACEMENT_3D('',#12336,#10097,#10098);
#8382=AXIS2_PLACEMENT_3D('',#12337,#10099,#10100);
#8383=AXIS2_PLACEMENT_3D('',#12340,#10102,#10103);
#8384=AXIS2_PLACEMENT_3D('',#12344,#10106,#10107);
#8385=AXIS2_PLACEMENT_3D('',#12345,#10108,#10109);
#8386=AXIS2_PLACEMENT_3D('',#12348,#10111,#10112);
#8387=AXIS2_PLACEMENT_3D('',#12352,#10115,#10116);
#8388=AXIS2_PLACEMENT_3D('',#12353,#10117,#10118);
#8389=AXIS2_PLACEMENT_3D('',#12354,#10119,#10120);
#8390=AXIS2_PLACEMENT_3D('',#12355,#10121,#10122);
#8391=AXIS2_PLACEMENT_3D('',#12357,#10123,#10124);
#8392=AXIS2_PLACEMENT_3D('',#12359,#10125,#10126);
#8393=AXIS2_PLACEMENT_3D('',#12360,#10127,#10128);
#8394=AXIS2_PLACEMENT_3D('',#12385,#10141,#10142);
#8395=AXIS2_PLACEMENT_3D('',#12391,#10146,#10147);
#8396=AXIS2_PLACEMENT_3D('',#12395,#10150,#10151);
#8397=AXIS2_PLACEMENT_3D('',#12399,#10154,#10155);
#8398=AXIS2_PLACEMENT_3D('',#12403,#10158,#10159);
#8399=AXIS2_PLACEMENT_3D('',#12407,#10162,#10163);
#8400=AXIS2_PLACEMENT_3D('',#12411,#10166,#10167);
#8401=AXIS2_PLACEMENT_3D('',#12415,#10170,#10171);
#8402=AXIS2_PLACEMENT_3D('',#12419,#10174,#10175);
#8403=AXIS2_PLACEMENT_3D('',#12423,#10178,#10179);
#8404=AXIS2_PLACEMENT_3D('',#12427,#10182,#10183);
#8405=AXIS2_PLACEMENT_3D('',#12431,#10186,#10187);
#8406=AXIS2_PLACEMENT_3D('',#12433,#10189,#10190);
#8407=AXIS2_PLACEMENT_3D('',#12434,#10191,#10192);
#8408=AXIS2_PLACEMENT_3D('',#12435,#10193,#10194);
#8409=AXIS2_PLACEMENT_3D('',#12436,#10195,#10196);
#8410=AXIS2_PLACEMENT_3D('',#12441,#10198,#10199);
#8411=AXIS2_PLACEMENT_3D('',#12445,#10201,#10202);
#8412=AXIS2_PLACEMENT_3D('',#12449,#10204,#10205);
#8413=AXIS2_PLACEMENT_3D('',#12452,#10207,#10208);
#8414=AXIS2_PLACEMENT_3D('',#12457,#10210,#10211);
#8415=AXIS2_PLACEMENT_3D('',#12461,#10213,#10214);
#8416=AXIS2_PLACEMENT_3D('',#12465,#10216,#10217);
#8417=AXIS2_PLACEMENT_3D('',#12469,#10219,#10220);
#8418=AXIS2_PLACEMENT_3D('',#12473,#10222,#10223);
#8419=AXIS2_PLACEMENT_3D('',#12477,#10225,#10226);
#8420=AXIS2_PLACEMENT_3D('',#12481,#10228,#10229);
#8421=AXIS2_PLACEMENT_3D('',#12485,#10231,#10232);
#8422=AXIS2_PLACEMENT_3D('',#12489,#10234,#10235);
#8423=AXIS2_PLACEMENT_3D('',#12492,#10237,#10238);
#8424=AXIS2_PLACEMENT_3D('',#12495,#10240,#10241);
#8425=AXIS2_PLACEMENT_3D('',#12498,#10243,#10244);
#8426=AXIS2_PLACEMENT_3D('',#12502,#10247,#10248);
#8427=AXIS2_PLACEMENT_3D('',#12505,#10250,#10251);
#8428=AXIS2_PLACEMENT_3D('',#12506,#10252,#10253);
#8429=AXIS2_PLACEMENT_3D('',#12510,#10256,#10257);
#8430=AXIS2_PLACEMENT_3D('',#12513,#10259,#10260);
#8431=AXIS2_PLACEMENT_3D('',#12514,#10261,#10262);
#8432=AXIS2_PLACEMENT_3D('',#12518,#10265,#10266);
#8433=AXIS2_PLACEMENT_3D('',#12521,#10268,#10269);
#8434=AXIS2_PLACEMENT_3D('',#12522,#10270,#10271);
#8435=AXIS2_PLACEMENT_3D('',#12526,#10274,#10275);
#8436=AXIS2_PLACEMENT_3D('',#12529,#10277,#10278);
#8437=AXIS2_PLACEMENT_3D('',#12530,#10279,#10280);
#8438=AXIS2_PLACEMENT_3D('',#12534,#10283,#10284);
#8439=AXIS2_PLACEMENT_3D('',#12537,#10286,#10287);
#8440=AXIS2_PLACEMENT_3D('',#12538,#10288,#10289);
#8441=AXIS2_PLACEMENT_3D('',#12542,#10292,#10293);
#8442=AXIS2_PLACEMENT_3D('',#12545,#10295,#10296);
#8443=AXIS2_PLACEMENT_3D('',#12546,#10297,#10298);
#8444=AXIS2_PLACEMENT_3D('',#12550,#10301,#10302);
#8445=AXIS2_PLACEMENT_3D('',#12553,#10304,#10305);
#8446=AXIS2_PLACEMENT_3D('',#12554,#10306,#10307);
#8447=AXIS2_PLACEMENT_3D('',#12558,#10310,#10311);
#8448=AXIS2_PLACEMENT_3D('',#12561,#10313,#10314);
#8449=AXIS2_PLACEMENT_3D('',#12562,#10315,#10316);
#8450=AXIS2_PLACEMENT_3D('',#12566,#10319,#10320);
#8451=AXIS2_PLACEMENT_3D('',#12569,#10322,#10323);
#8452=AXIS2_PLACEMENT_3D('',#12570,#10324,#10325);
#8453=AXIS2_PLACEMENT_3D('',#12572,#10327,#10328);
#8454=AXIS2_PLACEMENT_3D('',#12573,#10329,#10330);
#8455=AXIS2_PLACEMENT_3D('',#12579,#10334,#10335);
#8456=AXIS2_PLACEMENT_3D('',#12580,#10336,#10337);
#8457=AXIS2_PLACEMENT_3D('',#12583,#10339,#10340);
#8458=AXIS2_PLACEMENT_3D('',#12587,#10343,#10344);
#8459=AXIS2_PLACEMENT_3D('',#12588,#10345,#10346);
#8460=AXIS2_PLACEMENT_3D('',#12591,#10348,#10349);
#8461=AXIS2_PLACEMENT_3D('',#12595,#10352,#10353);
#8462=AXIS2_PLACEMENT_3D('',#12596,#10354,#10355);
#8463=AXIS2_PLACEMENT_3D('',#12599,#10357,#10358);
#8464=AXIS2_PLACEMENT_3D('',#12603,#10361,#10362);
#8465=AXIS2_PLACEMENT_3D('',#12604,#10363,#10364);
#8466=AXIS2_PLACEMENT_3D('',#12606,#10365,#10366);
#8467=AXIS2_PLACEMENT_3D('',#12608,#10367,#10368);
#8468=AXIS2_PLACEMENT_3D('',#12609,#10369,#10370);
#8469=AXIS2_PLACEMENT_3D('',#12610,#10371,#10372);
#8470=AXIS2_PLACEMENT_3D('',#12611,#10373,#10374);
#8471=AXIS2_PLACEMENT_3D('',#12636,#10387,#10388);
#8472=AXIS2_PLACEMENT_3D('',#12642,#10392,#10393);
#8473=AXIS2_PLACEMENT_3D('',#12646,#10396,#10397);
#8474=AXIS2_PLACEMENT_3D('',#12650,#10400,#10401);
#8475=AXIS2_PLACEMENT_3D('',#12654,#10404,#10405);
#8476=AXIS2_PLACEMENT_3D('',#12658,#10408,#10409);
#8477=AXIS2_PLACEMENT_3D('',#12662,#10412,#10413);
#8478=AXIS2_PLACEMENT_3D('',#12666,#10416,#10417);
#8479=AXIS2_PLACEMENT_3D('',#12670,#10420,#10421);
#8480=AXIS2_PLACEMENT_3D('',#12674,#10424,#10425);
#8481=AXIS2_PLACEMENT_3D('',#12678,#10428,#10429);
#8482=AXIS2_PLACEMENT_3D('',#12682,#10432,#10433);
#8483=AXIS2_PLACEMENT_3D('',#12684,#10435,#10436);
#8484=AXIS2_PLACEMENT_3D('',#12685,#10437,#10438);
#8485=AXIS2_PLACEMENT_3D('',#12686,#10439,#10440);
#8486=AXIS2_PLACEMENT_3D('',#12703,#10449,#10450);
#8487=AXIS2_PLACEMENT_3D('',#12720,#10459,#10460);
#8488=AXIS2_PLACEMENT_3D('',#12722,#10462,#10463);
#8489=AXIS2_PLACEMENT_3D('',#12726,#10465,#10466);
#8490=AXIS2_PLACEMENT_3D('',#12727,#10467,#10468);
#8491=AXIS2_PLACEMENT_3D('',#12729,#10470,#10471);
#8492=AXIS2_PLACEMENT_3D('',#12733,#10473,#10474);
#8493=AXIS2_PLACEMENT_3D('',#12734,#10475,#10476);
#8494=AXIS2_PLACEMENT_3D('',#12737,#10478,#10479);
#8495=AXIS2_PLACEMENT_3D('',#12738,#10480,#10481);
#8496=AXIS2_PLACEMENT_3D('',#12742,#10484,#10485);
#8497=AXIS2_PLACEMENT_3D('',#12743,#10486,#10487);
#8498=AXIS2_PLACEMENT_3D('',#12744,#10488,#10489);
#8499=AXIS2_PLACEMENT_3D('',#12747,#10491,#10492);
#8500=AXIS2_PLACEMENT_3D('',#12748,#10493,#10494);
#8501=AXIS2_PLACEMENT_3D('',#12752,#10497,#10498);
#8502=AXIS2_PLACEMENT_3D('',#12753,#10499,#10500);
#8503=AXIS2_PLACEMENT_3D('',#12754,#10501,#10502);
#8504=AXIS2_PLACEMENT_3D('',#12755,#10503,#10504);
#8505=AXIS2_PLACEMENT_3D('',#12757,#10506,#10507);
#8506=AXIS2_PLACEMENT_3D('',#12759,#10509,#10510);
#8507=AXIS2_PLACEMENT_3D('',#12760,#10511,#10512);
#8508=AXIS2_PLACEMENT_3D('',#12762,#10513,#10514);
#8509=AXIS2_PLACEMENT_3D('',#12764,#10515,#10516);
#8510=AXIS2_PLACEMENT_3D('',#12765,#10517,#10518);
#8511=AXIS2_PLACEMENT_3D('',#12790,#10531,#10532);
#8512=AXIS2_PLACEMENT_3D('',#12796,#10536,#10537);
#8513=AXIS2_PLACEMENT_3D('',#12800,#10540,#10541);
#8514=AXIS2_PLACEMENT_3D('',#12804,#10544,#10545);
#8515=AXIS2_PLACEMENT_3D('',#12808,#10548,#10549);
#8516=AXIS2_PLACEMENT_3D('',#12812,#10552,#10553);
#8517=AXIS2_PLACEMENT_3D('',#12816,#10556,#10557);
#8518=AXIS2_PLACEMENT_3D('',#12820,#10560,#10561);
#8519=AXIS2_PLACEMENT_3D('',#12824,#10564,#10565);
#8520=AXIS2_PLACEMENT_3D('',#12828,#10568,#10569);
#8521=AXIS2_PLACEMENT_3D('',#12832,#10572,#10573);
#8522=AXIS2_PLACEMENT_3D('',#12836,#10576,#10577);
#8523=AXIS2_PLACEMENT_3D('',#12838,#10579,#10580);
#8524=AXIS2_PLACEMENT_3D('',#12839,#10581,#10582);
#8525=AXIS2_PLACEMENT_3D('',#12840,#10583,#10584);
#8526=AXIS2_PLACEMENT_3D('',#12841,#10585,#10586);
#8527=AXIS2_PLACEMENT_3D('',#12846,#10588,#10589);
#8528=AXIS2_PLACEMENT_3D('',#12850,#10591,#10592);
#8529=AXIS2_PLACEMENT_3D('',#12854,#10594,#10595);
#8530=AXIS2_PLACEMENT_3D('',#12857,#10597,#10598);
#8531=AXIS2_PLACEMENT_3D('',#12862,#10600,#10601);
#8532=AXIS2_PLACEMENT_3D('',#12866,#10603,#10604);
#8533=AXIS2_PLACEMENT_3D('',#12870,#10606,#10607);
#8534=AXIS2_PLACEMENT_3D('',#12873,#10609,#10610);
#8535=AXIS2_PLACEMENT_3D('',#12876,#10612,#10613);
#8536=AXIS2_PLACEMENT_3D('',#12879,#10615,#10616);
#8537=AXIS2_PLACEMENT_3D('',#12883,#10619,#10620);
#8538=AXIS2_PLACEMENT_3D('',#12886,#10622,#10623);
#8539=AXIS2_PLACEMENT_3D('',#12887,#10624,#10625);
#8540=AXIS2_PLACEMENT_3D('',#12891,#10628,#10629);
#8541=AXIS2_PLACEMENT_3D('',#12894,#10631,#10632);
#8542=AXIS2_PLACEMENT_3D('',#12895,#10633,#10634);
#8543=AXIS2_PLACEMENT_3D('',#12899,#10637,#10638);
#8544=AXIS2_PLACEMENT_3D('',#12902,#10640,#10641);
#8545=AXIS2_PLACEMENT_3D('',#12903,#10642,#10643);
#8546=AXIS2_PLACEMENT_3D('',#12905,#10645,#10646);
#8547=AXIS2_PLACEMENT_3D('',#12906,#10647,#10648);
#8548=AXIS2_PLACEMENT_3D('',#12912,#10652,#10653);
#8549=AXIS2_PLACEMENT_3D('',#12913,#10654,#10655);
#8550=AXIS2_PLACEMENT_3D('',#12916,#10657,#10658);
#8551=AXIS2_PLACEMENT_3D('',#12920,#10661,#10662);
#8552=AXIS2_PLACEMENT_3D('',#12921,#10663,#10664);
#8553=AXIS2_PLACEMENT_3D('',#12924,#10666,#10667);
#8554=AXIS2_PLACEMENT_3D('',#12928,#10670,#10671);
#8555=AXIS2_PLACEMENT_3D('',#12929,#10672,#10673);
#8556=AXIS2_PLACEMENT_3D('',#12932,#10675,#10676);
#8557=AXIS2_PLACEMENT_3D('',#12936,#10679,#10680);
#8558=AXIS2_PLACEMENT_3D('',#12937,#10681,#10682);
#8559=AXIS2_PLACEMENT_3D('',#12938,#10683,#10684);
#8560=AXIS2_PLACEMENT_3D('',#12939,#10685,#10686);
#8561=AXIS2_PLACEMENT_3D('',#12941,#10687,#10688);
#8562=AXIS2_PLACEMENT_3D('',#12943,#10689,#10690);
#8563=AXIS2_PLACEMENT_3D('',#12944,#10691,#10692);
#8564=AXIS2_PLACEMENT_3D('',#12969,#10705,#10706);
#8565=AXIS2_PLACEMENT_3D('',#12975,#10710,#10711);
#8566=AXIS2_PLACEMENT_3D('',#12979,#10714,#10715);
#8567=AXIS2_PLACEMENT_3D('',#12983,#10718,#10719);
#8568=AXIS2_PLACEMENT_3D('',#12987,#10722,#10723);
#8569=AXIS2_PLACEMENT_3D('',#12991,#10726,#10727);
#8570=AXIS2_PLACEMENT_3D('',#12995,#10730,#10731);
#8571=AXIS2_PLACEMENT_3D('',#12999,#10734,#10735);
#8572=AXIS2_PLACEMENT_3D('',#13003,#10738,#10739);
#8573=AXIS2_PLACEMENT_3D('',#13007,#10742,#10743);
#8574=AXIS2_PLACEMENT_3D('',#13011,#10746,#10747);
#8575=AXIS2_PLACEMENT_3D('',#13015,#10750,#10751);
#8576=AXIS2_PLACEMENT_3D('',#13017,#10753,#10754);
#8577=DIRECTION('',(0.,0.,1.));
#8578=DIRECTION('',(1.,0.,0.));
#8579=DIRECTION('',(1.,1.28498035257541E-16,0.));
#8580=DIRECTION('',(-1.28498035257541E-16,1.,0.));
#8581=DIRECTION('',(1.21963451367546E-12,1.,0.));
#8582=DIRECTION('',(0.,0.,-1.));
#8583=DIRECTION('',(1.28498035257541E-16,-1.,0.));
#8584=DIRECTION('',(0.,0.,-1.));
#8585=DIRECTION('',(1.28498035257541E-16,-1.,0.));
#8586=DIRECTION('',(0.,0.,-1.));
#8587=DIRECTION('',(1.28498035257541E-16,-1.,0.));
#8588=DIRECTION('',(0.,0.,-1.));
#8589=DIRECTION('',(-1.,0.,0.));
#8590=DIRECTION('',(0.,0.,1.));
#8591=DIRECTION('',(-3.46944695549224E-15,1.,0.));
#8592=DIRECTION('',(0.,0.,-1.));
#8593=DIRECTION('',(0.,1.,0.));
#8594=DIRECTION('',(0.,0.,-1.));
#8595=DIRECTION('',(0.,1.,0.));
#8596=DIRECTION('',(0.,0.,-1.));
#8597=DIRECTION('',(0.,1.,0.));
#8598=DIRECTION('',(0.,0.,-1.));
#8599=DIRECTION('',(0.,0.,1.));
#8600=DIRECTION('',(1.,0.,0.));
#8601=DIRECTION('',(1.,-1.53646936600313E-14,0.));
#8602=DIRECTION('',(0.,0.,1.));
#8603=DIRECTION('',(1.,0.,0.));
#8604=DIRECTION('',(1.,0.,0.));
#8605=DIRECTION('',(0.,0.,1.));
#8606=DIRECTION('',(1.,0.,0.));
#8607=DIRECTION('',(0.,0.,1.));
#8608=DIRECTION('',(1.,0.,0.));
#8609=DIRECTION('',(1.,2.96142079415481E-14,0.));
#8610=DIRECTION('',(0.,0.,1.));
#8611=DIRECTION('',(1.,0.,0.));
#8612=DIRECTION('',(-1.,-2.00160401294102E-16,0.));
#8613=DIRECTION('',(0.,0.,1.));
#8614=DIRECTION('',(1.,0.,0.));
#8615=DIRECTION('',(0.,0.,-1.));
#8616=DIRECTION('',(-1.,0.,0.));
#8617=DIRECTION('',(0.,0.,-1.));
#8618=DIRECTION('',(0.,0.,1.));
#8619=DIRECTION('',(1.,0.,0.));
#8620=DIRECTION('',(0.,1.,0.));
#8621=DIRECTION('',(0.,0.,1.));
#8622=DIRECTION('',(0.,0.,-1.));
#8623=DIRECTION('',(1.,0.,0.));
#8624=DIRECTION('',(0.,0.,-1.));
#8625=DIRECTION('',(-1.,0.,0.));
#8626=DIRECTION('',(0.,0.,1.));
#8627=DIRECTION('',(1.,0.,0.));
#8628=DIRECTION('',(0.,0.,-1.));
#8629=DIRECTION('',(-1.,0.,0.));
#8630=DIRECTION('',(0.,0.,-1.));
#8631=DIRECTION('',(0.,0.,1.));
#8632=DIRECTION('',(1.,0.,0.));
#8633=DIRECTION('',(2.00160401294102E-16,-1.,0.));
#8634=DIRECTION('',(1.,2.00160401294102E-16,0.));
#8635=DIRECTION('',(0.,0.,-1.));
#8636=DIRECTION('',(-1.,-2.00160401294102E-16,0.));
#8637=DIRECTION('',(0.,0.,-1.));
#8638=DIRECTION('',(-1.,0.,0.));
#8639=DIRECTION('',(0.,0.,1.));
#8640=DIRECTION('',(1.,0.,0.));
#8641=DIRECTION('',(0.,0.,1.));
#8642=DIRECTION('',(1.,0.,0.));
#8643=DIRECTION('',(1.53646936600313E-14,1.,0.));
#8644=DIRECTION('',(-1.,1.53646936600313E-14,0.));
#8645=DIRECTION('',(1.,-1.53646936600313E-14,0.));
#8646=DIRECTION('',(-2.96142079415481E-14,1.,0.));
#8647=DIRECTION('',(-1.,-2.96142079415481E-14,0.));
#8648=DIRECTION('',(1.,2.96142079415481E-14,0.));
#8649=DIRECTION('',(0.,0.,-1.));
#8650=DIRECTION('',(-1.,0.,0.));
#8651=DIRECTION('',(0.,0.,1.));
#8652=DIRECTION('',(1.,0.,0.));
#8653=DIRECTION('',(0.,0.,1.));
#8654=DIRECTION('',(1.,0.,0.));
#8655=DIRECTION('',(0.,0.,1.));
#8656=DIRECTION('',(1.,0.,0.));
#8657=DIRECTION('',(0.,0.,1.));
#8658=DIRECTION('',(1.,0.,0.));
#8659=DIRECTION('',(0.,-1.,0.));
#8660=DIRECTION('',(1.,0.,0.));
#8661=DIRECTION('',(0.,-1.,0.));
#8662=DIRECTION('',(1.,5.33761069531326E-15,0.));
#8663=DIRECTION('',(-3.21245088143853E-16,1.,0.));
#8664=DIRECTION('',(1.,0.,0.));
#8665=DIRECTION('',(0.,1.,0.));
#8666=DIRECTION('',(-1.,0.,0.));
#8667=DIRECTION('',(-3.21245088143853E-16,1.,0.));
#8668=DIRECTION('',(-1.,-2.6688053476567E-15,0.));
#8669=DIRECTION('',(0.,-1.,0.));
#8670=DIRECTION('',(-1.,0.,0.));
#8671=DIRECTION('',(1.,0.,0.));
#8672=DIRECTION('',(0.,0.,-1.));
#8673=DIRECTION('',(0.,0.,-1.));
#8674=DIRECTION('',(0.,-1.,0.));
#8675=DIRECTION('',(0.,0.,-1.));
#8676=DIRECTION('',(0.,1.,0.));
#8677=DIRECTION('',(0.,0.,1.));
#8678=DIRECTION('',(1.,0.,0.));
#8679=DIRECTION('',(0.,0.,-1.));
#8680=DIRECTION('',(1.,0.,0.));
#8681=DIRECTION('',(0.,0.,-1.));
#8682=DIRECTION('',(0.,-1.,0.));
#8683=DIRECTION('',(0.,0.,-1.));
#8684=DIRECTION('',(-5.33761069531326E-15,1.,0.));
#8685=DIRECTION('',(-1.,-5.33761069531326E-15,0.));
#8686=DIRECTION('',(1.,5.33761069531326E-15,0.));
#8687=DIRECTION('',(0.,0.,-1.));
#8688=DIRECTION('',(-1.,-3.21245088143853E-16,0.));
#8689=DIRECTION('',(3.21245088143853E-16,-1.,0.));
#8690=DIRECTION('',(-3.21245088143853E-16,1.,0.));
#8691=DIRECTION('',(0.,0.,-1.));
#8692=DIRECTION('',(0.,1.,0.));
#8693=DIRECTION('',(0.,0.,1.));
#8694=DIRECTION('',(1.,0.,0.));
#8695=DIRECTION('',(0.,0.,-1.));
#8696=DIRECTION('',(-1.,0.,0.));
#8697=DIRECTION('',(0.,0.,1.));
#8698=DIRECTION('',(0.,1.,0.));
#8699=DIRECTION('',(0.,0.,-1.));
#8700=DIRECTION('',(0.,-1.,0.));
#8701=DIRECTION('',(0.,0.,-1.));
#8702=DIRECTION('',(-1.,0.,0.));
#8703=DIRECTION('',(0.,0.,-1.));
#8704=DIRECTION('',(-1.,-3.21245088143853E-16,0.));
#8705=DIRECTION('',(3.21245088143853E-16,-1.,0.));
#8706=DIRECTION('',(-3.21245088143853E-16,1.,0.));
#8707=DIRECTION('',(0.,0.,-1.));
#8708=DIRECTION('',(2.6688053476567E-15,-1.,0.));
#8709=DIRECTION('',(1.,2.6688053476567E-15,0.));
#8710=DIRECTION('',(-1.,-2.6688053476567E-15,0.));
#8711=DIRECTION('',(0.,0.,-1.));
#8712=DIRECTION('',(1.,0.,0.));
#8713=DIRECTION('',(0.,0.,-1.));
#8714=DIRECTION('',(0.,-1.,0.));
#8715=DIRECTION('',(0.,0.,-1.));
#8716=DIRECTION('',(0.,-1.,0.));
#8717=DIRECTION('',(0.,0.,-1.));
#8718=DIRECTION('',(-1.,0.,0.));
#8719=DIRECTION('',(0.,0.,1.));
#8720=DIRECTION('',(1.,0.,0.));
#8721=DIRECTION('',(0.,0.,1.));
#8722=DIRECTION('',(1.,0.,0.));
#8723=DIRECTION('',(0.,0.,1.));
#8724=DIRECTION('',(1.,0.,0.));
#8725=DIRECTION('',(0.,0.,1.));
#8726=DIRECTION('',(1.,0.,0.));
#8727=DIRECTION('',(2.85562172512936E-14,-1.,0.));
#8728=DIRECTION('',(0.,0.,1.));
#8729=DIRECTION('',(1.,0.,0.));
#8730=DIRECTION('',(1.,0.,0.));
#8731=DIRECTION('',(0.,0.,1.));
#8732=DIRECTION('',(1.,0.,0.));
#8733=DIRECTION('',(0.,-1.,0.));
#8734=DIRECTION('',(0.,0.,1.));
#8735=DIRECTION('',(1.,0.,0.));
#8736=DIRECTION('',(1.,1.06752214023547E-15,0.));
#8737=DIRECTION('',(-1.,0.,0.));
#8738=DIRECTION('',(0.,0.,1.));
#8739=DIRECTION('',(1.,0.,0.));
#8740=DIRECTION('',(0.,-1.,0.));
#8741=DIRECTION('',(0.,0.,1.));
#8742=DIRECTION('',(1.,0.,0.));
#8743=DIRECTION('',(-1.,0.,0.));
#8744=DIRECTION('',(0.,0.,1.));
#8745=DIRECTION('',(1.,0.,0.));
#8746=DIRECTION('',(0.,-1.,0.));
#8747=DIRECTION('',(0.,0.,1.));
#8748=DIRECTION('',(1.,0.,0.));
#8749=DIRECTION('',(0.,-1.,0.));
#8750=DIRECTION('',(0.,0.,-1.));
#8751=DIRECTION('',(0.,0.,-1.));
#8752=DIRECTION('',(-1.,0.,0.));
#8753=DIRECTION('',(0.,0.,-1.));
#8754=DIRECTION('',(0.,0.,-1.));
#8755=DIRECTION('',(-1.,0.,0.));
#8756=DIRECTION('',(0.,0.,-1.));
#8757=DIRECTION('',(0.,0.,1.));
#8758=DIRECTION('',(1.,0.,0.));
#8759=DIRECTION('',(1.,0.,0.));
#8760=DIRECTION('',(0.,0.,-1.));
#8761=DIRECTION('',(0.,0.,-1.));
#8762=DIRECTION('',(0.,-1.,0.));
#8763=DIRECTION('',(0.,0.,-1.));
#8764=DIRECTION('',(-1.,0.,0.));
#8765=DIRECTION('',(0.,0.,-1.));
#8766=DIRECTION('',(0.,0.,1.));
#8767=DIRECTION('',(1.,0.,0.));
#8768=DIRECTION('',(0.,-1.,0.));
#8769=DIRECTION('',(0.,0.,-1.));
#8770=DIRECTION('',(0.,0.,-1.));
#8771=DIRECTION('',(-1.,0.,0.));
#8772=DIRECTION('',(0.,0.,-1.));
#8773=DIRECTION('',(-1.,0.,0.));
#8774=DIRECTION('',(0.,0.,-1.));
#8775=DIRECTION('',(0.,0.,1.));
#8776=DIRECTION('',(1.,0.,0.));
#8777=DIRECTION('',(1.,0.,0.));
#8778=DIRECTION('',(0.,0.,-1.));
#8779=DIRECTION('',(0.,0.,-1.));
#8780=DIRECTION('',(0.,-1.,0.));
#8781=DIRECTION('',(0.,0.,-1.));
#8782=DIRECTION('',(-1.,0.,0.));
#8783=DIRECTION('',(0.,0.,1.));
#8784=DIRECTION('',(1.,0.,0.));
#8785=DIRECTION('',(0.,0.,1.));
#8786=DIRECTION('',(1.,0.,0.));
#8787=DIRECTION('',(1.,2.85562172512936E-14,0.));
#8788=DIRECTION('',(-2.85562172512936E-14,1.,0.));
#8789=DIRECTION('',(0.,0.,-1.));
#8790=DIRECTION('',(2.85562172512936E-14,-1.,0.));
#8791=DIRECTION('',(0.,0.,-1.));
#8792=DIRECTION('',(0.,0.,-1.));
#8793=DIRECTION('',(-1.,0.,0.));
#8794=DIRECTION('',(0.,0.,1.));
#8795=DIRECTION('',(1.,0.,0.));
#8796=DIRECTION('',(0.,0.,-1.));
#8797=DIRECTION('',(0.,1.,0.));
#8798=DIRECTION('',(0.,0.,1.));
#8799=DIRECTION('',(1.,0.,0.));
#8800=DIRECTION('',(0.,0.,-1.));
#8801=DIRECTION('',(0.,0.,-1.));
#8802=DIRECTION('',(-1.,0.,0.));
#8803=DIRECTION('',(0.,0.,1.));
#8804=DIRECTION('',(1.,0.,0.));
#8805=DIRECTION('',(0.,0.,-1.));
#8806=DIRECTION('',(1.,0.,0.));
#8807=DIRECTION('',(0.,0.,-1.));
#8808=DIRECTION('',(0.,-1.,0.));
#8809=DIRECTION('',(0.,0.,-1.));
#8810=DIRECTION('',(0.,0.,-1.));
#8811=DIRECTION('',(-1.,0.,0.));
#8812=DIRECTION('',(0.,0.,1.));
#8813=DIRECTION('',(1.,0.,0.));
#8814=DIRECTION('',(0.,0.,-1.));
#8815=DIRECTION('',(-1.06752214023547E-15,1.,0.));
#8816=DIRECTION('',(-1.,-1.06752214023547E-15,0.));
#8817=DIRECTION('',(1.,1.06752214023547E-15,0.));
#8818=DIRECTION('',(0.,0.,-1.));
#8819=DIRECTION('',(0.,0.,-1.));
#8820=DIRECTION('',(-1.,0.,0.));
#8821=DIRECTION('',(0.,0.,1.));
#8822=DIRECTION('',(1.,0.,0.));
#8823=DIRECTION('',(0.,0.,-1.));
#8824=DIRECTION('',(-1.,0.,0.));
#8825=DIRECTION('',(0.,0.,1.));
#8826=DIRECTION('',(1.,0.,0.));
#8827=DIRECTION('',(0.,0.,1.));
#8828=DIRECTION('',(1.,0.,0.));
#8829=DIRECTION('',(0.,0.,1.));
#8830=DIRECTION('',(1.,0.,0.));
#8831=DIRECTION('',(0.,0.,1.));
#8832=DIRECTION('',(1.,0.,0.));
#8833=DIRECTION('',(-1.,0.,0.));
#8834=DIRECTION('',(0.,1.,0.));
#8835=DIRECTION('',(-1.,0.,0.));
#8836=DIRECTION('',(0.,-1.,0.));
#8837=DIRECTION('',(-1.,0.,0.));
#8838=DIRECTION('',(0.,-1.,0.));
#8839=DIRECTION('',(1.,0.,0.));
#8840=DIRECTION('',(0.,-1.,0.));
#8841=DIRECTION('',(1.,0.,0.));
#8842=DIRECTION('',(0.,1.,0.));
#8843=DIRECTION('',(1.,0.,0.));
#8844=DIRECTION('',(0.,1.,0.));
#8845=DIRECTION('',(0.,-1.,0.));
#8846=DIRECTION('',(0.,0.,-1.));
#8847=DIRECTION('',(0.,0.,-1.));
#8848=DIRECTION('',(-1.,0.,0.));
#8849=DIRECTION('',(0.,0.,-1.));
#8850=DIRECTION('',(-1.,0.,0.));
#8851=DIRECTION('',(0.,0.,1.));
#8852=DIRECTION('',(0.,1.,0.));
#8853=DIRECTION('',(0.,0.,-1.));
#8854=DIRECTION('',(0.,-1.,0.));
#8855=DIRECTION('',(0.,0.,-1.));
#8856=DIRECTION('',(-1.,0.,0.));
#8857=DIRECTION('',(0.,0.,-1.));
#8858=DIRECTION('',(1.,0.,0.));
#8859=DIRECTION('',(0.,0.,-1.));
#8860=DIRECTION('',(0.,-1.,0.));
#8861=DIRECTION('',(0.,0.,-1.));
#8862=DIRECTION('',(0.,-1.,0.));
#8863=DIRECTION('',(0.,0.,-1.));
#8864=DIRECTION('',(-1.,0.,0.));
#8865=DIRECTION('',(0.,0.,-1.));
#8866=DIRECTION('',(1.,0.,0.));
#8867=DIRECTION('',(0.,0.,-1.));
#8868=DIRECTION('',(0.,-1.,0.));
#8869=DIRECTION('',(0.,0.,-1.));
#8870=DIRECTION('',(0.,1.,0.));
#8871=DIRECTION('',(0.,0.,1.));
#8872=DIRECTION('',(1.,0.,0.));
#8873=DIRECTION('',(0.,0.,-1.));
#8874=DIRECTION('',(1.,0.,0.));
#8875=DIRECTION('',(0.,0.,-1.));
#8876=DIRECTION('',(0.,-1.,0.));
#8877=DIRECTION('',(0.,0.,-1.));
#8878=DIRECTION('',(0.,1.,0.));
#8879=DIRECTION('',(0.,0.,1.));
#8880=DIRECTION('',(1.,0.,0.));
#8881=DIRECTION('',(0.,0.,-1.));
#8882=DIRECTION('',(-1.,0.,0.));
#8883=DIRECTION('',(0.,0.,1.));
#8884=DIRECTION('',(0.,1.,0.));
#8885=DIRECTION('',(0.,0.,-1.));
#8886=DIRECTION('',(0.,1.,0.));
#8887=DIRECTION('',(0.,0.,1.));
#8888=DIRECTION('',(1.,0.,0.));
#8889=DIRECTION('',(0.,0.,-1.));
#8890=DIRECTION('',(-1.,0.,0.));
#8891=DIRECTION('',(0.,0.,1.));
#8892=DIRECTION('',(0.,1.,0.));
#8893=DIRECTION('',(0.,0.,1.));
#8894=DIRECTION('',(1.,0.,0.));
#8895=DIRECTION('',(0.,0.,1.));
#8896=DIRECTION('',(1.,0.,0.));
#8897=DIRECTION('',(1.,0.,0.));
#8898=DIRECTION('',(0.,0.,-1.));
#8899=DIRECTION('',(1.21926278721594E-12,1.,0.));
#8900=DIRECTION('',(0.,0.,-1.));
#8901=DIRECTION('',(0.,-1.,0.));
#8902=DIRECTION('',(0.,0.,-1.));
#8903=DIRECTION('',(0.,-1.,0.));
#8904=DIRECTION('',(0.,0.,-1.));
#8905=DIRECTION('',(0.,-1.,0.));
#8906=DIRECTION('',(0.,0.,-1.));
#8907=DIRECTION('',(-1.,0.,0.));
#8908=DIRECTION('',(0.,0.,1.));
#8909=DIRECTION('',(-2.9738116761363E-15,1.,0.));
#8910=DIRECTION('',(0.,0.,-1.));
#8911=DIRECTION('',(0.,1.,0.));
#8912=DIRECTION('',(0.,0.,-1.));
#8913=DIRECTION('',(0.,1.,0.));
#8914=DIRECTION('',(0.,0.,-1.));
#8915=DIRECTION('',(0.,1.,0.));
#8916=DIRECTION('',(0.,0.,-1.));
#8917=DIRECTION('',(0.,0.,1.));
#8918=DIRECTION('',(1.,0.,0.));
#8919=DIRECTION('',(1.,-1.53646936600313E-14,0.));
#8920=DIRECTION('',(0.,0.,1.));
#8921=DIRECTION('',(1.,0.,0.));
#8922=DIRECTION('',(1.,0.,0.));
#8923=DIRECTION('',(0.,0.,1.));
#8924=DIRECTION('',(1.,0.,0.));
#8925=DIRECTION('',(0.,0.,1.));
#8926=DIRECTION('',(1.,0.,0.));
#8927=DIRECTION('',(1.,2.96142079415481E-14,0.));
#8928=DIRECTION('',(0.,0.,1.));
#8929=DIRECTION('',(1.,0.,0.));
#8930=DIRECTION('',(-1.,-2.00160401294102E-16,0.));
#8931=DIRECTION('',(0.,0.,1.));
#8932=DIRECTION('',(1.,0.,0.));
#8933=DIRECTION('',(0.,0.,-1.));
#8934=DIRECTION('',(-1.,0.,0.));
#8935=DIRECTION('',(0.,0.,-1.));
#8936=DIRECTION('',(0.,0.,1.));
#8937=DIRECTION('',(1.,0.,0.));
#8938=DIRECTION('',(0.,1.,0.));
#8939=DIRECTION('',(0.,0.,1.));
#8940=DIRECTION('',(0.,0.,-1.));
#8941=DIRECTION('',(1.,0.,0.));
#8942=DIRECTION('',(0.,0.,-1.));
#8943=DIRECTION('',(-1.,0.,0.));
#8944=DIRECTION('',(0.,0.,1.));
#8945=DIRECTION('',(1.,0.,0.));
#8946=DIRECTION('',(0.,0.,-1.));
#8947=DIRECTION('',(-1.,0.,0.));
#8948=DIRECTION('',(0.,0.,-1.));
#8949=DIRECTION('',(0.,0.,1.));
#8950=DIRECTION('',(1.,0.,0.));
#8951=DIRECTION('',(2.00160401294102E-16,-1.,0.));
#8952=DIRECTION('',(1.,2.00160401294102E-16,0.));
#8953=DIRECTION('',(0.,0.,-1.));
#8954=DIRECTION('',(-1.,-2.00160401294102E-16,0.));
#8955=DIRECTION('',(0.,0.,-1.));
#8956=DIRECTION('',(-1.,0.,0.));
#8957=DIRECTION('',(0.,0.,1.));
#8958=DIRECTION('',(1.,0.,0.));
#8959=DIRECTION('',(0.,0.,1.));
#8960=DIRECTION('',(1.,0.,0.));
#8961=DIRECTION('',(1.53646936600313E-14,1.,0.));
#8962=DIRECTION('',(-1.,1.53646936600313E-14,0.));
#8963=DIRECTION('',(1.,-1.53646936600313E-14,0.));
#8964=DIRECTION('',(-2.96142079415481E-14,1.,0.));
#8965=DIRECTION('',(-1.,-2.96142079415481E-14,0.));
#8966=DIRECTION('',(1.,2.96142079415481E-14,0.));
#8967=DIRECTION('',(0.,0.,-1.));
#8968=DIRECTION('',(-1.,0.,0.));
#8969=DIRECTION('',(0.,0.,1.));
#8970=DIRECTION('',(1.,0.,0.));
#8971=DIRECTION('',(0.,0.,1.));
#8972=DIRECTION('',(1.,0.,0.));
#8973=DIRECTION('',(0.,0.,1.));
#8974=DIRECTION('',(1.,0.,0.));
#8975=DIRECTION('',(0.,0.,1.));
#8976=DIRECTION('',(1.,0.,0.));
#8977=DIRECTION('',(0.,-1.,0.));
#8978=DIRECTION('',(1.,0.,0.));
#8979=DIRECTION('',(0.,-1.,0.));
#8980=DIRECTION('',(1.,5.33761069531321E-15,0.));
#8981=DIRECTION('',(0.,1.,0.));
#8982=DIRECTION('',(1.,0.,0.));
#8983=DIRECTION('',(0.,1.,0.));
#8984=DIRECTION('',(-1.,0.,0.));
#8985=DIRECTION('',(0.,1.,0.));
#8986=DIRECTION('',(-1.,-2.66880534765672E-15,0.));
#8987=DIRECTION('',(0.,-1.,0.));
#8988=DIRECTION('',(-1.,0.,0.));
#8989=DIRECTION('',(1.,0.,0.));
#8990=DIRECTION('',(0.,0.,-1.));
#8991=DIRECTION('',(0.,0.,-1.));
#8992=DIRECTION('',(0.,-1.,0.));
#8993=DIRECTION('',(0.,0.,-1.));
#8994=DIRECTION('',(0.,1.,0.));
#8995=DIRECTION('',(0.,0.,1.));
#8996=DIRECTION('',(1.,0.,0.));
#8997=DIRECTION('',(0.,0.,-1.));
#8998=DIRECTION('',(1.,0.,0.));
#8999=DIRECTION('',(0.,0.,-1.));
#9000=DIRECTION('',(0.,-1.,0.));
#9001=DIRECTION('',(0.,0.,-1.));
#9002=DIRECTION('',(-5.33761069531321E-15,1.,0.));
#9003=DIRECTION('',(-1.,-5.33761069531321E-15,0.));
#9004=DIRECTION('',(1.,5.33761069531321E-15,0.));
#9005=DIRECTION('',(0.,0.,-1.));
#9006=DIRECTION('',(-1.,0.,0.));
#9007=DIRECTION('',(0.,0.,1.));
#9008=DIRECTION('',(0.,1.,0.));
#9009=DIRECTION('',(0.,0.,-1.));
#9010=DIRECTION('',(0.,1.,0.));
#9011=DIRECTION('',(0.,0.,1.));
#9012=DIRECTION('',(1.,0.,0.));
#9013=DIRECTION('',(0.,0.,-1.));
#9014=DIRECTION('',(-1.,0.,0.));
#9015=DIRECTION('',(0.,0.,1.));
#9016=DIRECTION('',(0.,1.,0.));
#9017=DIRECTION('',(0.,0.,-1.));
#9018=DIRECTION('',(0.,-1.,0.));
#9019=DIRECTION('',(0.,0.,-1.));
#9020=DIRECTION('',(-1.,0.,0.));
#9021=DIRECTION('',(0.,0.,-1.));
#9022=DIRECTION('',(-1.,0.,0.));
#9023=DIRECTION('',(0.,0.,1.));
#9024=DIRECTION('',(0.,1.,0.));
#9025=DIRECTION('',(0.,0.,-1.));
#9026=DIRECTION('',(2.66880534765672E-15,-1.,0.));
#9027=DIRECTION('',(1.,2.66880534765672E-15,0.));
#9028=DIRECTION('',(-1.,-2.66880534765672E-15,0.));
#9029=DIRECTION('',(0.,0.,-1.));
#9030=DIRECTION('',(1.,0.,0.));
#9031=DIRECTION('',(0.,0.,-1.));
#9032=DIRECTION('',(0.,-1.,0.));
#9033=DIRECTION('',(0.,0.,-1.));
#9034=DIRECTION('',(0.,-1.,0.));
#9035=DIRECTION('',(0.,0.,-1.));
#9036=DIRECTION('',(-1.,0.,0.));
#9037=DIRECTION('',(0.,0.,1.));
#9038=DIRECTION('',(1.,0.,0.));
#9039=DIRECTION('',(0.,0.,1.));
#9040=DIRECTION('',(1.,0.,0.));
#9041=DIRECTION('',(1.,1.28498035257541E-16,0.));
#9042=DIRECTION('',(-1.28498035257541E-16,1.,0.));
#9043=DIRECTION('',(1.21951060485562E-12,1.,0.));
#9044=DIRECTION('',(0.,0.,-1.));
#9045=DIRECTION('',(1.28498035257541E-16,-1.,0.));
#9046=DIRECTION('',(0.,0.,-1.));
#9047=DIRECTION('',(1.28498035257541E-16,-1.,0.));
#9048=DIRECTION('',(0.,0.,-1.));
#9049=DIRECTION('',(1.28498035257541E-16,-1.,0.));
#9050=DIRECTION('',(0.,0.,-1.));
#9051=DIRECTION('',(-1.,0.,0.));
#9052=DIRECTION('',(0.,0.,1.));
#9053=DIRECTION('',(-3.46944695549224E-15,1.,0.));
#9054=DIRECTION('',(0.,0.,-1.));
#9055=DIRECTION('',(0.,1.,0.));
#9056=DIRECTION('',(0.,0.,-1.));
#9057=DIRECTION('',(0.,1.,0.));
#9058=DIRECTION('',(0.,0.,-1.));
#9059=DIRECTION('',(0.,1.,0.));
#9060=DIRECTION('',(0.,0.,-1.));
#9061=DIRECTION('',(0.,0.,1.));
#9062=DIRECTION('',(1.,0.,0.));
#9063=DIRECTION('',(1.,-1.53646936600313E-14,0.));
#9064=DIRECTION('',(0.,0.,1.));
#9065=DIRECTION('',(1.,0.,0.));
#9066=DIRECTION('',(1.,0.,0.));
#9067=DIRECTION('',(0.,0.,1.));
#9068=DIRECTION('',(1.,0.,0.));
#9069=DIRECTION('',(0.,0.,1.));
#9070=DIRECTION('',(1.,0.,0.));
#9071=DIRECTION('',(1.,2.96142079415481E-14,0.));
#9072=DIRECTION('',(0.,0.,1.));
#9073=DIRECTION('',(1.,0.,0.));
#9074=DIRECTION('',(-1.,-2.00160401294102E-16,0.));
#9075=DIRECTION('',(0.,0.,1.));
#9076=DIRECTION('',(1.,0.,0.));
#9077=DIRECTION('',(0.,0.,-1.));
#9078=DIRECTION('',(-1.,0.,0.));
#9079=DIRECTION('',(0.,0.,-1.));
#9080=DIRECTION('',(0.,0.,1.));
#9081=DIRECTION('',(1.,0.,0.));
#9082=DIRECTION('',(0.,1.,0.));
#9083=DIRECTION('',(0.,0.,1.));
#9084=DIRECTION('',(0.,0.,-1.));
#9085=DIRECTION('',(1.,0.,0.));
#9086=DIRECTION('',(0.,0.,-1.));
#9087=DIRECTION('',(-1.,0.,0.));
#9088=DIRECTION('',(0.,0.,1.));
#9089=DIRECTION('',(1.,0.,0.));
#9090=DIRECTION('',(0.,0.,-1.));
#9091=DIRECTION('',(-1.,0.,0.));
#9092=DIRECTION('',(0.,0.,-1.));
#9093=DIRECTION('',(0.,0.,1.));
#9094=DIRECTION('',(1.,0.,0.));
#9095=DIRECTION('',(2.00160401294102E-16,-1.,0.));
#9096=DIRECTION('',(1.,2.00160401294102E-16,0.));
#9097=DIRECTION('',(0.,0.,-1.));
#9098=DIRECTION('',(-1.,-2.00160401294102E-16,0.));
#9099=DIRECTION('',(0.,0.,-1.));
#9100=DIRECTION('',(-1.,0.,0.));
#9101=DIRECTION('',(0.,0.,1.));
#9102=DIRECTION('',(1.,0.,0.));
#9103=DIRECTION('',(0.,0.,1.));
#9104=DIRECTION('',(1.,0.,0.));
#9105=DIRECTION('',(-2.96142079415481E-14,1.,0.));
#9106=DIRECTION('',(-1.,-2.96142079415481E-14,0.));
#9107=DIRECTION('',(1.,2.96142079415481E-14,0.));
#9108=DIRECTION('',(1.53646936600313E-14,1.,0.));
#9109=DIRECTION('',(-1.,1.53646936600313E-14,0.));
#9110=DIRECTION('',(1.,-1.53646936600313E-14,0.));
#9111=DIRECTION('',(0.,0.,-1.));
#9112=DIRECTION('',(-1.,0.,0.));
#9113=DIRECTION('',(0.,0.,1.));
#9114=DIRECTION('',(1.,0.,0.));
#9115=DIRECTION('',(0.,0.,1.));
#9116=DIRECTION('',(1.,0.,0.));
#9117=DIRECTION('',(0.,0.,1.));
#9118=DIRECTION('',(1.,0.,0.));
#9119=DIRECTION('',(0.,0.,1.));
#9120=DIRECTION('',(1.,0.,0.));
#9121=DIRECTION('',(-1.,0.,0.));
#9122=DIRECTION('',(0.,1.,0.));
#9123=DIRECTION('',(-1.,-2.6688053476567E-15,0.));
#9124=DIRECTION('',(0.,-1.,0.));
#9125=DIRECTION('',(-1.,0.,0.));
#9126=DIRECTION('',(0.,-1.,0.));
#9127=DIRECTION('',(1.,0.,0.));
#9128=DIRECTION('',(0.,-1.,0.));
#9129=DIRECTION('',(1.,5.33761069531326E-15,0.));
#9130=DIRECTION('',(0.,1.,0.));
#9131=DIRECTION('',(1.,0.,0.));
#9132=DIRECTION('',(0.,1.,0.));
#9133=DIRECTION('',(0.,-1.,0.));
#9134=DIRECTION('',(0.,0.,-1.));
#9135=DIRECTION('',(0.,0.,-1.));
#9136=DIRECTION('',(-1.,0.,0.));
#9137=DIRECTION('',(0.,0.,-1.));
#9138=DIRECTION('',(-1.,0.,0.));
#9139=DIRECTION('',(0.,0.,1.));
#9140=DIRECTION('',(0.,1.,0.));
#9141=DIRECTION('',(0.,0.,-1.));
#9142=DIRECTION('',(2.6688053476567E-15,-1.,0.));
#9143=DIRECTION('',(1.,2.6688053476567E-15,0.));
#9144=DIRECTION('',(-1.,-2.6688053476567E-15,0.));
#9145=DIRECTION('',(0.,0.,-1.));
#9146=DIRECTION('',(1.,0.,0.));
#9147=DIRECTION('',(0.,0.,-1.));
#9148=DIRECTION('',(0.,-1.,0.));
#9149=DIRECTION('',(0.,0.,-1.));
#9150=DIRECTION('',(0.,-1.,0.));
#9151=DIRECTION('',(0.,0.,-1.));
#9152=DIRECTION('',(-1.,0.,0.));
#9153=DIRECTION('',(0.,0.,-1.));
#9154=DIRECTION('',(1.,0.,0.));
#9155=DIRECTION('',(0.,0.,-1.));
#9156=DIRECTION('',(0.,-1.,0.));
#9157=DIRECTION('',(0.,0.,-1.));
#9158=DIRECTION('',(0.,1.,0.));
#9159=DIRECTION('',(0.,0.,1.));
#9160=DIRECTION('',(1.,0.,0.));
#9161=DIRECTION('',(0.,0.,-1.));
#9162=DIRECTION('',(1.,0.,0.));
#9163=DIRECTION('',(0.,0.,-1.));
#9164=DIRECTION('',(0.,-1.,0.));
#9165=DIRECTION('',(0.,0.,-1.));
#9166=DIRECTION('',(-5.33761069531326E-15,1.,0.));
#9167=DIRECTION('',(-1.,-5.33761069531326E-15,0.));
#9168=DIRECTION('',(1.,5.33761069531326E-15,0.));
#9169=DIRECTION('',(0.,0.,-1.));
#9170=DIRECTION('',(-1.,0.,0.));
#9171=DIRECTION('',(0.,0.,1.));
#9172=DIRECTION('',(0.,1.,0.));
#9173=DIRECTION('',(0.,0.,-1.));
#9174=DIRECTION('',(0.,1.,0.));
#9175=DIRECTION('',(0.,0.,1.));
#9176=DIRECTION('',(1.,0.,0.));
#9177=DIRECTION('',(0.,0.,-1.));
#9178=DIRECTION('',(-1.,0.,0.));
#9179=DIRECTION('',(0.,0.,1.));
#9180=DIRECTION('',(0.,1.,0.));
#9181=DIRECTION('',(0.,0.,1.));
#9182=DIRECTION('',(1.,0.,0.));
#9183=DIRECTION('',(0.,0.,1.));
#9184=DIRECTION('',(1.,0.,0.));
#9185=DIRECTION('',(0.,0.,1.));
#9186=DIRECTION('',(1.,0.,0.));
#9187=DIRECTION('',(0.,0.,1.));
#9188=DIRECTION('',(1.,0.,0.));
#9189=DIRECTION('',(2.85562172512936E-14,-1.,0.));
#9190=DIRECTION('',(0.,0.,1.));
#9191=DIRECTION('',(1.,0.,0.));
#9192=DIRECTION('',(1.,0.,0.));
#9193=DIRECTION('',(0.,0.,1.));
#9194=DIRECTION('',(1.,0.,0.));
#9195=DIRECTION('',(0.,-1.,0.));
#9196=DIRECTION('',(0.,0.,1.));
#9197=DIRECTION('',(1.,0.,0.));
#9198=DIRECTION('',(1.,1.06752214023547E-15,0.));
#9199=DIRECTION('',(0.,0.,-1.));
#9200=DIRECTION('',(1.,0.,0.));
#9201=DIRECTION('',(-1.,0.,0.));
#9202=DIRECTION('',(0.,0.,-1.));
#9203=DIRECTION('',(1.,0.,0.));
#9204=DIRECTION('',(0.,1.,0.));
#9205=DIRECTION('',(0.,0.,-1.));
#9206=DIRECTION('',(1.,0.,0.));
#9207=DIRECTION('',(-1.,2.80926991815185E-16,0.));
#9208=DIRECTION('',(0.,0.,-1.));
#9209=DIRECTION('',(1.,0.,0.));
#9210=DIRECTION('',(-2.03040055752917E-16,-1.,0.));
#9211=DIRECTION('',(0.,0.,-1.));
#9212=DIRECTION('',(1.,0.,0.));
#9213=DIRECTION('',(1.,0.,0.));
#9214=DIRECTION('',(0.,0.,-1.));
#9215=DIRECTION('',(1.,0.,0.));
#9216=DIRECTION('',(-1.26900034845579E-16,-1.,0.));
#9217=DIRECTION('',(0.,0.,-1.));
#9218=DIRECTION('',(1.,0.,0.));
#9219=DIRECTION('',(-1.,2.80926766885852E-16,0.));
#9220=DIRECTION('',(0.,0.,-1.));
#9221=DIRECTION('',(1.,0.,0.));
#9222=DIRECTION('',(0.,-1.,0.));
#9223=DIRECTION('',(0.,0.,-1.));
#9224=DIRECTION('',(-1.,0.,0.));
#9225=DIRECTION('',(0.,0.,-1.));
#9226=DIRECTION('',(0.,0.,-1.));
#9227=DIRECTION('',(1.,0.,0.));
#9228=DIRECTION('',(0.,0.,-1.));
#9229=DIRECTION('',(1.,0.,0.));
#9230=DIRECTION('',(0.,0.,-1.));
#9231=DIRECTION('',(0.,0.,-1.));
#9232=DIRECTION('',(0.,-1.,0.));
#9233=DIRECTION('',(0.,0.,-1.));
#9234=DIRECTION('',(-1.,0.,0.));
#9235=DIRECTION('',(0.,0.,-1.));
#9236=DIRECTION('',(0.,0.,-1.));
#9237=DIRECTION('',(1.,0.,0.));
#9238=DIRECTION('',(-2.80926766885852E-16,-1.,0.));
#9239=DIRECTION('',(1.,-2.80926766885852E-16,0.));
#9240=DIRECTION('',(0.,0.,-1.));
#9241=DIRECTION('',(-1.,2.80926766885852E-16,0.));
#9242=DIRECTION('',(0.,0.,-1.));
#9243=DIRECTION('',(-1.,0.,0.));
#9244=DIRECTION('',(0.,0.,-1.));
#9245=DIRECTION('',(0.,0.,-1.));
#9246=DIRECTION('',(1.,0.,0.));
#9247=DIRECTION('',(1.,-1.26900034845579E-16,0.));
#9248=DIRECTION('',(1.26900034845579E-16,1.,0.));
#9249=DIRECTION('',(0.,0.,-1.));
#9250=DIRECTION('',(-1.26900034845579E-16,-1.,0.));
#9251=DIRECTION('',(0.,0.,-1.));
#9252=DIRECTION('',(-1.,0.,0.));
#9253=DIRECTION('',(0.,0.,-1.));
#9254=DIRECTION('',(0.,0.,-1.));
#9255=DIRECTION('',(1.,0.,0.));
#9256=DIRECTION('',(0.,1.,0.));
#9257=DIRECTION('',(0.,0.,1.));
#9258=DIRECTION('',(0.,0.,-1.));
#9259=DIRECTION('',(1.,0.,0.));
#9260=DIRECTION('',(0.,0.,-1.));
#9261=DIRECTION('',(-1.,0.,0.));
#9262=DIRECTION('',(0.,0.,-1.));
#9263=DIRECTION('',(0.,0.,-1.));
#9264=DIRECTION('',(1.,0.,0.));
#9265=DIRECTION('',(1.,-2.03040055752917E-16,0.));
#9266=DIRECTION('',(2.03040055752917E-16,1.,0.));
#9267=DIRECTION('',(0.,0.,-1.));
#9268=DIRECTION('',(-2.03040055752917E-16,-1.,0.));
#9269=DIRECTION('',(0.,0.,-1.));
#9270=DIRECTION('',(-1.,0.,0.));
#9271=DIRECTION('',(0.,0.,-1.));
#9272=DIRECTION('',(0.,0.,-1.));
#9273=DIRECTION('',(1.,0.,0.));
#9274=DIRECTION('',(-2.80926991815185E-16,-1.,0.));
#9275=DIRECTION('',(1.,-2.80926991815185E-16,0.));
#9276=DIRECTION('',(0.,0.,-1.));
#9277=DIRECTION('',(-1.,2.80926991815185E-16,0.));
#9278=DIRECTION('',(0.,0.,-1.));
#9279=DIRECTION('',(-1.,0.,0.));
#9280=DIRECTION('',(0.,0.,-1.));
#9281=DIRECTION('',(0.,0.,-1.));
#9282=DIRECTION('',(1.,0.,0.));
#9283=DIRECTION('',(-1.,0.,0.));
#9284=DIRECTION('',(0.,0.,1.));
#9285=DIRECTION('',(0.,0.,-1.));
#9286=DIRECTION('',(0.,1.,0.));
#9287=DIRECTION('',(0.,0.,-1.));
#9288=DIRECTION('',(-1.,0.,0.));
#9289=DIRECTION('',(0.,0.,-1.));
#9290=DIRECTION('',(0.,0.,-1.));
#9291=DIRECTION('',(1.,0.,0.));
#9292=DIRECTION('',(0.,-1.,0.));
#9293=DIRECTION('',(0.,0.,-1.));
#9294=DIRECTION('',(-1.,0.,0.));
#9295=DIRECTION('',(0.,0.,1.));
#9296=DIRECTION('',(1.,0.,0.));
#9297=DIRECTION('',(1.,2.85562172512936E-14,0.));
#9298=DIRECTION('',(-2.85562172512936E-14,1.,0.));
#9299=DIRECTION('',(0.,0.,-1.));
#9300=DIRECTION('',(2.85562172512936E-14,-1.,0.));
#9301=DIRECTION('',(0.,0.,-1.));
#9302=DIRECTION('',(0.,0.,-1.));
#9303=DIRECTION('',(-1.,0.,0.));
#9304=DIRECTION('',(0.,0.,1.));
#9305=DIRECTION('',(1.,0.,0.));
#9306=DIRECTION('',(0.,0.,-1.));
#9307=DIRECTION('',(0.,1.,0.));
#9308=DIRECTION('',(0.,0.,1.));
#9309=DIRECTION('',(1.,0.,0.));
#9310=DIRECTION('',(0.,0.,-1.));
#9311=DIRECTION('',(0.,0.,-1.));
#9312=DIRECTION('',(-1.,0.,0.));
#9313=DIRECTION('',(0.,0.,1.));
#9314=DIRECTION('',(1.,0.,0.));
#9315=DIRECTION('',(0.,0.,-1.));
#9316=DIRECTION('',(1.,0.,0.));
#9317=DIRECTION('',(0.,0.,-1.));
#9318=DIRECTION('',(0.,-1.,0.));
#9319=DIRECTION('',(0.,0.,-1.));
#9320=DIRECTION('',(0.,0.,-1.));
#9321=DIRECTION('',(-1.,0.,0.));
#9322=DIRECTION('',(0.,0.,1.));
#9323=DIRECTION('',(1.,0.,0.));
#9324=DIRECTION('',(0.,0.,-1.));
#9325=DIRECTION('',(-1.06752214023547E-15,1.,0.));
#9326=DIRECTION('',(-1.,-1.06752214023547E-15,0.));
#9327=DIRECTION('',(1.,1.06752214023547E-15,0.));
#9328=DIRECTION('',(0.,0.,-1.));
#9329=DIRECTION('',(0.,0.,-1.));
#9330=DIRECTION('',(-1.,0.,0.));
#9331=DIRECTION('',(0.,0.,1.));
#9332=DIRECTION('',(1.,0.,0.));
#9333=DIRECTION('',(0.,0.,-1.));
#9334=DIRECTION('',(-1.,0.,0.));
#9335=DIRECTION('',(0.,0.,1.));
#9336=DIRECTION('',(1.,0.,0.));
#9337=DIRECTION('',(0.,0.,1.));
#9338=DIRECTION('',(1.,0.,0.));
#9339=DIRECTION('',(0.,0.,1.));
#9340=DIRECTION('',(1.,0.,0.));
#9341=DIRECTION('',(0.,0.,1.));
#9342=DIRECTION('',(1.,0.,0.));
#9343=DIRECTION('',(-1.,0.,0.));
#9344=DIRECTION('',(0.,1.,0.));
#9345=DIRECTION('',(-1.,0.,0.));
#9346=DIRECTION('',(0.,-1.,0.));
#9347=DIRECTION('',(-1.,0.,0.));
#9348=DIRECTION('',(0.,-1.,0.));
#9349=DIRECTION('',(1.,0.,0.));
#9350=DIRECTION('',(0.,-1.,0.));
#9351=DIRECTION('',(1.,0.,0.));
#9352=DIRECTION('',(0.,1.,0.));
#9353=DIRECTION('',(1.,0.,0.));
#9354=DIRECTION('',(0.,1.,0.));
#9355=DIRECTION('',(0.,-1.,0.));
#9356=DIRECTION('',(0.,0.,-1.));
#9357=DIRECTION('',(0.,0.,-1.));
#9358=DIRECTION('',(-1.,0.,0.));
#9359=DIRECTION('',(0.,0.,-1.));
#9360=DIRECTION('',(-1.,0.,0.));
#9361=DIRECTION('',(0.,0.,1.));
#9362=DIRECTION('',(0.,1.,0.));
#9363=DIRECTION('',(0.,0.,-1.));
#9364=DIRECTION('',(0.,-1.,0.));
#9365=DIRECTION('',(0.,0.,-1.));
#9366=DIRECTION('',(-1.,0.,0.));
#9367=DIRECTION('',(0.,0.,-1.));
#9368=DIRECTION('',(1.,0.,0.));
#9369=DIRECTION('',(0.,0.,-1.));
#9370=DIRECTION('',(0.,-1.,0.));
#9371=DIRECTION('',(0.,0.,-1.));
#9372=DIRECTION('',(0.,-1.,0.));
#9373=DIRECTION('',(0.,0.,-1.));
#9374=DIRECTION('',(-1.,0.,0.));
#9375=DIRECTION('',(0.,0.,-1.));
#9376=DIRECTION('',(1.,0.,0.));
#9377=DIRECTION('',(0.,0.,-1.));
#9378=DIRECTION('',(0.,-1.,0.));
#9379=DIRECTION('',(0.,0.,-1.));
#9380=DIRECTION('',(0.,1.,0.));
#9381=DIRECTION('',(0.,0.,1.));
#9382=DIRECTION('',(1.,0.,0.));
#9383=DIRECTION('',(0.,0.,-1.));
#9384=DIRECTION('',(1.,0.,0.));
#9385=DIRECTION('',(0.,0.,-1.));
#9386=DIRECTION('',(0.,-1.,0.));
#9387=DIRECTION('',(0.,0.,-1.));
#9388=DIRECTION('',(0.,1.,0.));
#9389=DIRECTION('',(0.,0.,1.));
#9390=DIRECTION('',(1.,0.,0.));
#9391=DIRECTION('',(0.,0.,-1.));
#9392=DIRECTION('',(-1.,0.,0.));
#9393=DIRECTION('',(0.,0.,1.));
#9394=DIRECTION('',(0.,1.,0.));
#9395=DIRECTION('',(0.,0.,-1.));
#9396=DIRECTION('',(0.,1.,0.));
#9397=DIRECTION('',(0.,0.,1.));
#9398=DIRECTION('',(1.,0.,0.));
#9399=DIRECTION('',(0.,0.,-1.));
#9400=DIRECTION('',(-1.,0.,0.));
#9401=DIRECTION('',(0.,0.,1.));
#9402=DIRECTION('',(0.,1.,0.));
#9403=DIRECTION('',(0.,0.,1.));
#9404=DIRECTION('',(1.,0.,0.));
#9405=DIRECTION('',(0.,0.,1.));
#9406=DIRECTION('',(1.,0.,0.));
#9407=DIRECTION('',(0.,0.,1.));
#9408=DIRECTION('',(1.,0.,0.));
#9409=DIRECTION('',(0.,0.,1.));
#9410=DIRECTION('',(1.,0.,0.));
#9411=DIRECTION('',(2.77555756461172E-14,-1.,0.));
#9412=DIRECTION('',(0.,0.,1.));
#9413=DIRECTION('',(1.,0.,0.));
#9414=DIRECTION('',(1.,0.,0.));
#9415=DIRECTION('',(0.,0.,1.));
#9416=DIRECTION('',(1.,0.,0.));
#9417=DIRECTION('',(0.,-1.,0.));
#9418=DIRECTION('',(0.,0.,1.));
#9419=DIRECTION('',(1.,0.,0.));
#9420=DIRECTION('',(1.,1.06752214023547E-15,0.));
#9421=DIRECTION('',(0.,1.,0.));
#9422=DIRECTION('',(0.,0.,1.));
#9423=DIRECTION('',(1.,0.,0.));
#9424=DIRECTION('',(-1.,0.,0.));
#9425=DIRECTION('',(0.,0.,1.));
#9426=DIRECTION('',(1.,0.,0.));
#9427=DIRECTION('',(0.,1.,0.));
#9428=DIRECTION('',(0.,0.,1.));
#9429=DIRECTION('',(1.,0.,0.));
#9430=DIRECTION('',(-1.,0.,0.));
#9431=DIRECTION('',(0.,0.,1.));
#9432=DIRECTION('',(1.,0.,0.));
#9433=DIRECTION('',(0.,-1.,0.));
#9434=DIRECTION('',(0.,0.,1.));
#9435=DIRECTION('',(1.,0.,0.));
#9436=DIRECTION('',(-1.,0.,0.));
#9437=DIRECTION('',(0.,0.,1.));
#9438=DIRECTION('',(1.,0.,0.));
#9439=DIRECTION('',(-1.,0.,0.));
#9440=DIRECTION('',(0.,0.,1.));
#9441=DIRECTION('',(0.,0.,-1.));
#9442=DIRECTION('',(0.,1.,0.));
#9443=DIRECTION('',(0.,0.,-1.));
#9444=DIRECTION('',(0.,0.,-1.));
#9445=DIRECTION('',(-1.,0.,0.));
#9446=DIRECTION('',(0.,0.,-1.));
#9447=DIRECTION('',(0.,0.,1.));
#9448=DIRECTION('',(1.,0.,0.));
#9449=DIRECTION('',(0.,-1.,0.));
#9450=DIRECTION('',(0.,0.,-1.));
#9451=DIRECTION('',(0.,0.,-1.));
#9452=DIRECTION('',(-1.,0.,0.));
#9453=DIRECTION('',(0.,0.,-1.));
#9454=DIRECTION('',(-1.,0.,0.));
#9455=DIRECTION('',(0.,0.,-1.));
#9456=DIRECTION('',(0.,0.,1.));
#9457=DIRECTION('',(1.,0.,0.));
#9458=DIRECTION('',(1.,0.,0.));
#9459=DIRECTION('',(0.,0.,-1.));
#9460=DIRECTION('',(0.,0.,-1.));
#9461=DIRECTION('',(0.,-1.,0.));
#9462=DIRECTION('',(0.,0.,-1.));
#9463=DIRECTION('',(-1.,0.,0.));
#9464=DIRECTION('',(0.,0.,-1.));
#9465=DIRECTION('',(0.,0.,1.));
#9466=DIRECTION('',(1.,0.,0.));
#9467=DIRECTION('',(0.,-1.,0.));
#9468=DIRECTION('',(0.,0.,-1.));
#9469=DIRECTION('',(0.,0.,-1.));
#9470=DIRECTION('',(-1.,0.,0.));
#9471=DIRECTION('',(0.,0.,-1.));
#9472=DIRECTION('',(-1.,0.,0.));
#9473=DIRECTION('',(0.,0.,-1.));
#9474=DIRECTION('',(0.,0.,1.));
#9475=DIRECTION('',(1.,0.,0.));
#9476=DIRECTION('',(-1.,0.,0.));
#9477=DIRECTION('',(0.,0.,1.));
#9478=DIRECTION('',(0.,0.,-1.));
#9479=DIRECTION('',(0.,1.,0.));
#9480=DIRECTION('',(0.,0.,-1.));
#9481=DIRECTION('',(-1.,0.,0.));
#9482=DIRECTION('',(0.,0.,-1.));
#9483=DIRECTION('',(0.,0.,1.));
#9484=DIRECTION('',(1.,0.,0.));
#9485=DIRECTION('',(0.,-1.,0.));
#9486=DIRECTION('',(0.,0.,-1.));
#9487=DIRECTION('',(0.,0.,-1.));
#9488=DIRECTION('',(-1.,0.,0.));
#9489=DIRECTION('',(0.,0.,-1.));
#9490=DIRECTION('',(-1.,0.,0.));
#9491=DIRECTION('',(0.,0.,1.));
#9492=DIRECTION('',(1.,0.,0.));
#9493=DIRECTION('',(0.,0.,1.));
#9494=DIRECTION('',(1.,0.,0.));
#9495=DIRECTION('',(1.,2.77555756461172E-14,0.));
#9496=DIRECTION('',(-2.77555756461172E-14,1.,0.));
#9497=DIRECTION('',(0.,0.,-1.));
#9498=DIRECTION('',(2.77555756461172E-14,-1.,0.));
#9499=DIRECTION('',(0.,0.,-1.));
#9500=DIRECTION('',(0.,0.,-1.));
#9501=DIRECTION('',(-1.,0.,0.));
#9502=DIRECTION('',(0.,0.,1.));
#9503=DIRECTION('',(1.,0.,0.));
#9504=DIRECTION('',(0.,0.,-1.));
#9505=DIRECTION('',(0.,1.,0.));
#9506=DIRECTION('',(0.,0.,1.));
#9507=DIRECTION('',(1.,0.,0.));
#9508=DIRECTION('',(0.,0.,-1.));
#9509=DIRECTION('',(0.,0.,-1.));
#9510=DIRECTION('',(-1.,0.,0.));
#9511=DIRECTION('',(0.,0.,1.));
#9512=DIRECTION('',(1.,0.,0.));
#9513=DIRECTION('',(0.,0.,-1.));
#9514=DIRECTION('',(1.,0.,0.));
#9515=DIRECTION('',(0.,0.,-1.));
#9516=DIRECTION('',(0.,-1.,0.));
#9517=DIRECTION('',(0.,0.,-1.));
#9518=DIRECTION('',(0.,0.,-1.));
#9519=DIRECTION('',(-1.,0.,0.));
#9520=DIRECTION('',(0.,0.,1.));
#9521=DIRECTION('',(1.,0.,0.));
#9522=DIRECTION('',(0.,0.,-1.));
#9523=DIRECTION('',(-1.06752214023547E-15,1.,0.));
#9524=DIRECTION('',(-1.,-1.06752214023547E-15,0.));
#9525=DIRECTION('',(1.,1.06752214023547E-15,0.));
#9526=DIRECTION('',(0.,0.,-1.));
#9527=DIRECTION('',(0.,0.,-1.));
#9528=DIRECTION('',(-1.,0.,0.));
#9529=DIRECTION('',(0.,0.,1.));
#9530=DIRECTION('',(1.,0.,0.));
#9531=DIRECTION('',(0.,0.,-1.));
#9532=DIRECTION('',(-1.,0.,0.));
#9533=DIRECTION('',(0.,0.,1.));
#9534=DIRECTION('',(1.,0.,0.));
#9535=DIRECTION('',(0.,0.,1.));
#9536=DIRECTION('',(1.,0.,0.));
#9537=DIRECTION('',(0.,0.,1.));
#9538=DIRECTION('',(1.,0.,0.));
#9539=DIRECTION('',(0.,0.,1.));
#9540=DIRECTION('',(1.,0.,0.));
#9541=DIRECTION('',(-1.,0.,0.));
#9542=DIRECTION('',(0.,1.,0.));
#9543=DIRECTION('',(-1.,0.,0.));
#9544=DIRECTION('',(0.,-1.,0.));
#9545=DIRECTION('',(-1.,0.,0.));
#9546=DIRECTION('',(0.,-1.,0.));
#9547=DIRECTION('',(1.,0.,0.));
#9548=DIRECTION('',(0.,-1.,0.));
#9549=DIRECTION('',(1.,0.,0.));
#9550=DIRECTION('',(0.,1.,0.));
#9551=DIRECTION('',(1.,0.,0.));
#9552=DIRECTION('',(0.,1.,0.));
#9553=DIRECTION('',(0.,-1.,0.));
#9554=DIRECTION('',(0.,0.,-1.));
#9555=DIRECTION('',(0.,0.,-1.));
#9556=DIRECTION('',(-1.,0.,0.));
#9557=DIRECTION('',(0.,0.,-1.));
#9558=DIRECTION('',(-1.,0.,0.));
#9559=DIRECTION('',(0.,0.,1.));
#9560=DIRECTION('',(0.,1.,0.));
#9561=DIRECTION('',(0.,0.,-1.));
#9562=DIRECTION('',(0.,-1.,0.));
#9563=DIRECTION('',(0.,0.,-1.));
#9564=DIRECTION('',(-1.,0.,0.));
#9565=DIRECTION('',(0.,0.,-1.));
#9566=DIRECTION('',(1.,0.,0.));
#9567=DIRECTION('',(0.,0.,-1.));
#9568=DIRECTION('',(0.,-1.,0.));
#9569=DIRECTION('',(0.,0.,-1.));
#9570=DIRECTION('',(0.,-1.,0.));
#9571=DIRECTION('',(0.,0.,-1.));
#9572=DIRECTION('',(-1.,0.,0.));
#9573=DIRECTION('',(0.,0.,-1.));
#9574=DIRECTION('',(1.,0.,0.));
#9575=DIRECTION('',(0.,0.,-1.));
#9576=DIRECTION('',(0.,-1.,0.));
#9577=DIRECTION('',(0.,0.,-1.));
#9578=DIRECTION('',(0.,1.,0.));
#9579=DIRECTION('',(0.,0.,1.));
#9580=DIRECTION('',(1.,0.,0.));
#9581=DIRECTION('',(0.,0.,-1.));
#9582=DIRECTION('',(1.,0.,0.));
#9583=DIRECTION('',(0.,0.,-1.));
#9584=DIRECTION('',(0.,-1.,0.));
#9585=DIRECTION('',(0.,0.,-1.));
#9586=DIRECTION('',(0.,1.,0.));
#9587=DIRECTION('',(0.,0.,1.));
#9588=DIRECTION('',(1.,0.,0.));
#9589=DIRECTION('',(0.,0.,-1.));
#9590=DIRECTION('',(-1.,0.,0.));
#9591=DIRECTION('',(0.,0.,1.));
#9592=DIRECTION('',(0.,1.,0.));
#9593=DIRECTION('',(0.,0.,-1.));
#9594=DIRECTION('',(0.,1.,0.));
#9595=DIRECTION('',(0.,0.,1.));
#9596=DIRECTION('',(1.,0.,0.));
#9597=DIRECTION('',(0.,0.,-1.));
#9598=DIRECTION('',(-1.,0.,0.));
#9599=DIRECTION('',(0.,0.,1.));
#9600=DIRECTION('',(0.,1.,0.));
#9601=DIRECTION('',(0.,0.,1.));
#9602=DIRECTION('',(1.,0.,0.));
#9603=DIRECTION('',(0.,0.,1.));
#9604=DIRECTION('',(1.,0.,0.));
#9605=DIRECTION('',(0.,0.,1.));
#9606=DIRECTION('',(1.,0.,0.));
#9607=DIRECTION('',(0.,0.,1.));
#9608=DIRECTION('',(1.,0.,0.));
#9609=DIRECTION('',(2.85812373014553E-14,-1.,0.));
#9610=DIRECTION('',(0.,0.,1.));
#9611=DIRECTION('',(1.,0.,0.));
#9612=DIRECTION('',(1.,0.,0.));
#9613=DIRECTION('',(0.,0.,1.));
#9614=DIRECTION('',(1.,0.,0.));
#9615=DIRECTION('',(0.,-1.,0.));
#9616=DIRECTION('',(0.,0.,1.));
#9617=DIRECTION('',(1.,0.,0.));
#9618=DIRECTION('',(1.,1.06752214023547E-15,0.));
#9619=DIRECTION('',(1.26900034845579E-16,-1.,0.));
#9620=DIRECTION('',(0.,0.,1.));
#9621=DIRECTION('',(1.,0.,0.));
#9622=DIRECTION('',(-1.,0.,0.));
#9623=DIRECTION('',(0.,0.,1.));
#9624=DIRECTION('',(1.,0.,0.));
#9625=DIRECTION('',(2.03040055752917E-16,-1.,0.));
#9626=DIRECTION('',(0.,0.,1.));
#9627=DIRECTION('',(1.,0.,0.));
#9628=DIRECTION('',(1.,2.80926991815185E-16,0.));
#9629=DIRECTION('',(0.,0.,1.));
#9630=DIRECTION('',(1.,0.,0.));
#9631=DIRECTION('',(0.,1.,0.));
#9632=DIRECTION('',(0.,0.,1.));
#9633=DIRECTION('',(1.,0.,0.));
#9634=DIRECTION('',(1.,0.,0.));
#9635=DIRECTION('',(0.,0.,1.));
#9636=DIRECTION('',(1.,0.,0.));
#9637=DIRECTION('',(6.33110757655733E-17,-1.,0.));
#9638=DIRECTION('',(0.,0.,1.));
#9639=DIRECTION('',(1.,0.,0.));
#9640=DIRECTION('',(1.,2.80926766885852E-16,0.));
#9641=DIRECTION('',(0.,0.,1.));
#9642=DIRECTION('',(1.,0.,0.));
#9643=DIRECTION('',(1.,1.26900034845579E-16,0.));
#9644=DIRECTION('',(-1.26900034845579E-16,1.,0.));
#9645=DIRECTION('',(0.,0.,-1.));
#9646=DIRECTION('',(1.26900034845579E-16,-1.,0.));
#9647=DIRECTION('',(0.,0.,-1.));
#9648=DIRECTION('',(0.,0.,-1.));
#9649=DIRECTION('',(-1.,0.,0.));
#9650=DIRECTION('',(0.,0.,-1.));
#9651=DIRECTION('',(0.,0.,1.));
#9652=DIRECTION('',(1.,0.,0.));
#9653=DIRECTION('',(-2.80926766885852E-16,1.,0.));
#9654=DIRECTION('',(-1.,-2.80926766885852E-16,0.));
#9655=DIRECTION('',(0.,0.,-1.));
#9656=DIRECTION('',(1.,2.80926766885852E-16,0.));
#9657=DIRECTION('',(0.,0.,-1.));
#9658=DIRECTION('',(-1.,0.,0.));
#9659=DIRECTION('',(0.,0.,-1.));
#9660=DIRECTION('',(0.,0.,1.));
#9661=DIRECTION('',(1.,0.,0.));
#9662=DIRECTION('',(1.,6.33110757655733E-17,0.));
#9663=DIRECTION('',(-6.33110757655733E-17,1.,0.));
#9664=DIRECTION('',(0.,0.,-1.));
#9665=DIRECTION('',(6.33110757655733E-17,-1.,0.));
#9666=DIRECTION('',(0.,0.,-1.));
#9667=DIRECTION('',(-1.,0.,0.));
#9668=DIRECTION('',(0.,0.,-1.));
#9669=DIRECTION('',(0.,0.,1.));
#9670=DIRECTION('',(1.,0.,0.));
#9671=DIRECTION('',(0.,1.,0.));
#9672=DIRECTION('',(0.,0.,1.));
#9673=DIRECTION('',(0.,0.,-1.));
#9674=DIRECTION('',(1.,0.,0.));
#9675=DIRECTION('',(0.,0.,-1.));
#9676=DIRECTION('',(-1.,0.,0.));
#9677=DIRECTION('',(0.,0.,-1.));
#9678=DIRECTION('',(0.,0.,1.));
#9679=DIRECTION('',(1.,0.,0.));
#9680=DIRECTION('',(-1.,0.,0.));
#9681=DIRECTION('',(0.,0.,1.));
#9682=DIRECTION('',(0.,0.,-1.));
#9683=DIRECTION('',(0.,1.,0.));
#9684=DIRECTION('',(0.,0.,-1.));
#9685=DIRECTION('',(-1.,0.,0.));
#9686=DIRECTION('',(0.,0.,-1.));
#9687=DIRECTION('',(0.,0.,1.));
#9688=DIRECTION('',(1.,0.,0.));
#9689=DIRECTION('',(-2.80926991815185E-16,1.,0.));
#9690=DIRECTION('',(-1.,-2.80926991815185E-16,0.));
#9691=DIRECTION('',(0.,0.,-1.));
#9692=DIRECTION('',(1.,2.80926991815185E-16,0.));
#9693=DIRECTION('',(0.,0.,-1.));
#9694=DIRECTION('',(-1.,0.,0.));
#9695=DIRECTION('',(0.,0.,-1.));
#9696=DIRECTION('',(0.,0.,1.));
#9697=DIRECTION('',(1.,0.,0.));
#9698=DIRECTION('',(1.,2.03040055752917E-16,0.));
#9699=DIRECTION('',(-2.03040055752917E-16,1.,0.));
#9700=DIRECTION('',(0.,0.,-1.));
#9701=DIRECTION('',(2.03040055752917E-16,-1.,0.));
#9702=DIRECTION('',(0.,0.,-1.));
#9703=DIRECTION('',(-1.,0.,0.));
#9704=DIRECTION('',(0.,0.,-1.));
#9705=DIRECTION('',(0.,0.,1.));
#9706=DIRECTION('',(1.,0.,0.));
#9707=DIRECTION('',(0.,-1.,0.));
#9708=DIRECTION('',(0.,0.,-1.));
#9709=DIRECTION('',(0.,0.,-1.));
#9710=DIRECTION('',(-1.,0.,0.));
#9711=DIRECTION('',(0.,0.,-1.));
#9712=DIRECTION('',(-1.,0.,0.));
#9713=DIRECTION('',(0.,0.,1.));
#9714=DIRECTION('',(1.,0.,0.));
#9715=DIRECTION('',(0.,0.,1.));
#9716=DIRECTION('',(1.,0.,0.));
#9717=DIRECTION('',(1.,2.85812373014553E-14,0.));
#9718=DIRECTION('',(-2.85812373014553E-14,1.,0.));
#9719=DIRECTION('',(0.,0.,-1.));
#9720=DIRECTION('',(2.85812373014553E-14,-1.,0.));
#9721=DIRECTION('',(0.,0.,-1.));
#9722=DIRECTION('',(0.,0.,-1.));
#9723=DIRECTION('',(-1.,0.,0.));
#9724=DIRECTION('',(0.,0.,1.));
#9725=DIRECTION('',(1.,0.,0.));
#9726=DIRECTION('',(0.,0.,-1.));
#9727=DIRECTION('',(0.,1.,0.));
#9728=DIRECTION('',(0.,0.,1.));
#9729=DIRECTION('',(1.,0.,0.));
#9730=DIRECTION('',(0.,0.,-1.));
#9731=DIRECTION('',(0.,0.,-1.));
#9732=DIRECTION('',(-1.,0.,0.));
#9733=DIRECTION('',(0.,0.,1.));
#9734=DIRECTION('',(1.,0.,0.));
#9735=DIRECTION('',(0.,0.,-1.));
#9736=DIRECTION('',(1.,0.,0.));
#9737=DIRECTION('',(0.,0.,-1.));
#9738=DIRECTION('',(0.,-1.,0.));
#9739=DIRECTION('',(0.,0.,-1.));
#9740=DIRECTION('',(0.,0.,-1.));
#9741=DIRECTION('',(-1.,0.,0.));
#9742=DIRECTION('',(0.,0.,1.));
#9743=DIRECTION('',(1.,0.,0.));
#9744=DIRECTION('',(0.,0.,-1.));
#9745=DIRECTION('',(-1.06752214023547E-15,1.,0.));
#9746=DIRECTION('',(-1.,-1.06752214023547E-15,0.));
#9747=DIRECTION('',(1.,1.06752214023547E-15,0.));
#9748=DIRECTION('',(0.,0.,-1.));
#9749=DIRECTION('',(0.,0.,-1.));
#9750=DIRECTION('',(-1.,0.,0.));
#9751=DIRECTION('',(0.,0.,1.));
#9752=DIRECTION('',(1.,0.,0.));
#9753=DIRECTION('',(0.,0.,-1.));
#9754=DIRECTION('',(-1.,0.,0.));
#9755=DIRECTION('',(0.,0.,1.));
#9756=DIRECTION('',(1.,0.,0.));
#9757=DIRECTION('',(0.,0.,1.));
#9758=DIRECTION('',(1.,0.,0.));
#9759=DIRECTION('',(0.,0.,1.));
#9760=DIRECTION('',(1.,0.,0.));
#9761=DIRECTION('',(0.,0.,1.));
#9762=DIRECTION('',(1.,0.,0.));
#9763=DIRECTION('',(-1.,0.,0.));
#9764=DIRECTION('',(0.,1.,0.));
#9765=DIRECTION('',(-1.,0.,0.));
#9766=DIRECTION('',(0.,-1.,0.));
#9767=DIRECTION('',(-1.,0.,0.));
#9768=DIRECTION('',(0.,-1.,0.));
#9769=DIRECTION('',(1.,0.,0.));
#9770=DIRECTION('',(0.,-1.,0.));
#9771=DIRECTION('',(1.,0.,0.));
#9772=DIRECTION('',(0.,1.,0.));
#9773=DIRECTION('',(1.,0.,0.));
#9774=DIRECTION('',(0.,1.,0.));
#9775=DIRECTION('',(0.,-1.,0.));
#9776=DIRECTION('',(0.,0.,-1.));
#9777=DIRECTION('',(0.,0.,-1.));
#9778=DIRECTION('',(-1.,0.,0.));
#9779=DIRECTION('',(0.,0.,-1.));
#9780=DIRECTION('',(-1.,0.,0.));
#9781=DIRECTION('',(0.,0.,1.));
#9782=DIRECTION('',(0.,1.,0.));
#9783=DIRECTION('',(0.,0.,-1.));
#9784=DIRECTION('',(0.,-1.,0.));
#9785=DIRECTION('',(0.,0.,-1.));
#9786=DIRECTION('',(-1.,0.,0.));
#9787=DIRECTION('',(0.,0.,-1.));
#9788=DIRECTION('',(1.,0.,0.));
#9789=DIRECTION('',(0.,0.,-1.));
#9790=DIRECTION('',(0.,-1.,0.));
#9791=DIRECTION('',(0.,0.,-1.));
#9792=DIRECTION('',(0.,-1.,0.));
#9793=DIRECTION('',(0.,0.,-1.));
#9794=DIRECTION('',(-1.,0.,0.));
#9795=DIRECTION('',(0.,0.,-1.));
#9796=DIRECTION('',(1.,0.,0.));
#9797=DIRECTION('',(0.,0.,-1.));
#9798=DIRECTION('',(0.,-1.,0.));
#9799=DIRECTION('',(0.,0.,-1.));
#9800=DIRECTION('',(0.,1.,0.));
#9801=DIRECTION('',(0.,0.,1.));
#9802=DIRECTION('',(1.,0.,0.));
#9803=DIRECTION('',(0.,0.,-1.));
#9804=DIRECTION('',(1.,0.,0.));
#9805=DIRECTION('',(0.,0.,-1.));
#9806=DIRECTION('',(0.,-1.,0.));
#9807=DIRECTION('',(0.,0.,-1.));
#9808=DIRECTION('',(0.,1.,0.));
#9809=DIRECTION('',(0.,0.,1.));
#9810=DIRECTION('',(1.,0.,0.));
#9811=DIRECTION('',(0.,0.,-1.));
#9812=DIRECTION('',(-1.,0.,0.));
#9813=DIRECTION('',(0.,0.,1.));
#9814=DIRECTION('',(0.,1.,0.));
#9815=DIRECTION('',(0.,0.,-1.));
#9816=DIRECTION('',(0.,1.,0.));
#9817=DIRECTION('',(0.,0.,1.));
#9818=DIRECTION('',(1.,0.,0.));
#9819=DIRECTION('',(0.,0.,-1.));
#9820=DIRECTION('',(-1.,0.,0.));
#9821=DIRECTION('',(0.,0.,1.));
#9822=DIRECTION('',(0.,1.,0.));
#9823=DIRECTION('',(0.,0.,1.));
#9824=DIRECTION('',(1.,0.,0.));
#9825=DIRECTION('',(0.,0.,1.));
#9826=DIRECTION('',(1.,0.,0.));
#9827=DIRECTION('',(1.,0.,0.));
#9828=DIRECTION('',(0.,0.,-1.));
#9829=DIRECTION('',(1.21975842249529E-12,1.,0.));
#9830=DIRECTION('',(0.,0.,-1.));
#9831=DIRECTION('',(0.,-1.,0.));
#9832=DIRECTION('',(0.,0.,-1.));
#9833=DIRECTION('',(0.,-1.,0.));
#9834=DIRECTION('',(0.,0.,-1.));
#9835=DIRECTION('',(0.,-1.,0.));
#9836=DIRECTION('',(0.,0.,-1.));
#9837=DIRECTION('',(-1.,0.,0.));
#9838=DIRECTION('',(0.,0.,1.));
#9839=DIRECTION('',(-3.46944695549235E-15,1.,0.));
#9840=DIRECTION('',(0.,0.,-1.));
#9841=DIRECTION('',(0.,1.,0.));
#9842=DIRECTION('',(0.,0.,-1.));
#9843=DIRECTION('',(0.,1.,0.));
#9844=DIRECTION('',(0.,0.,-1.));
#9845=DIRECTION('',(0.,1.,0.));
#9846=DIRECTION('',(0.,0.,-1.));
#9847=DIRECTION('',(0.,0.,1.));
#9848=DIRECTION('',(1.,0.,0.));
#9849=DIRECTION('',(1.,-1.53646936600313E-14,0.));
#9850=DIRECTION('',(0.,0.,1.));
#9851=DIRECTION('',(1.,0.,0.));
#9852=DIRECTION('',(1.,0.,0.));
#9853=DIRECTION('',(0.,0.,1.));
#9854=DIRECTION('',(1.,0.,0.));
#9855=DIRECTION('',(0.,0.,1.));
#9856=DIRECTION('',(1.,0.,0.));
#9857=DIRECTION('',(1.,2.96142079415481E-14,0.));
#9858=DIRECTION('',(0.,0.,1.));
#9859=DIRECTION('',(1.,0.,0.));
#9860=DIRECTION('',(-1.,-2.00160401294102E-16,0.));
#9861=DIRECTION('',(0.,0.,1.));
#9862=DIRECTION('',(1.,0.,0.));
#9863=DIRECTION('',(0.,0.,-1.));
#9864=DIRECTION('',(-1.,0.,0.));
#9865=DIRECTION('',(0.,0.,-1.));
#9866=DIRECTION('',(0.,0.,1.));
#9867=DIRECTION('',(1.,0.,0.));
#9868=DIRECTION('',(0.,1.,0.));
#9869=DIRECTION('',(0.,0.,1.));
#9870=DIRECTION('',(0.,0.,-1.));
#9871=DIRECTION('',(1.,0.,0.));
#9872=DIRECTION('',(0.,0.,-1.));
#9873=DIRECTION('',(-1.,0.,0.));
#9874=DIRECTION('',(0.,0.,1.));
#9875=DIRECTION('',(1.,0.,0.));
#9876=DIRECTION('',(0.,0.,-1.));
#9877=DIRECTION('',(-1.,0.,0.));
#9878=DIRECTION('',(0.,0.,-1.));
#9879=DIRECTION('',(0.,0.,1.));
#9880=DIRECTION('',(1.,0.,0.));
#9881=DIRECTION('',(2.00160401294102E-16,-1.,0.));
#9882=DIRECTION('',(1.,2.00160401294102E-16,0.));
#9883=DIRECTION('',(0.,0.,-1.));
#9884=DIRECTION('',(-1.,-2.00160401294102E-16,0.));
#9885=DIRECTION('',(0.,0.,-1.));
#9886=DIRECTION('',(-1.,0.,0.));
#9887=DIRECTION('',(0.,0.,1.));
#9888=DIRECTION('',(1.,0.,0.));
#9889=DIRECTION('',(0.,0.,1.));
#9890=DIRECTION('',(1.,0.,0.));
#9891=DIRECTION('',(1.53646936600313E-14,1.,0.));
#9892=DIRECTION('',(-1.,1.53646936600313E-14,0.));
#9893=DIRECTION('',(1.,-1.53646936600313E-14,0.));
#9894=DIRECTION('',(-2.96142079415481E-14,1.,0.));
#9895=DIRECTION('',(-1.,-2.96142079415481E-14,0.));
#9896=DIRECTION('',(1.,2.96142079415481E-14,0.));
#9897=DIRECTION('',(0.,0.,-1.));
#9898=DIRECTION('',(-1.,0.,0.));
#9899=DIRECTION('',(0.,0.,1.));
#9900=DIRECTION('',(1.,0.,0.));
#9901=DIRECTION('',(0.,0.,1.));
#9902=DIRECTION('',(1.,0.,0.));
#9903=DIRECTION('',(0.,0.,1.));
#9904=DIRECTION('',(1.,0.,0.));
#9905=DIRECTION('',(0.,0.,1.));
#9906=DIRECTION('',(1.,0.,0.));
#9907=DIRECTION('',(0.,-1.,0.));
#9908=DIRECTION('',(1.,0.,0.));
#9909=DIRECTION('',(0.,-1.,0.));
#9910=DIRECTION('',(1.,5.33761069531324E-15,0.));
#9911=DIRECTION('',(0.,1.,0.));
#9912=DIRECTION('',(1.,0.,0.));
#9913=DIRECTION('',(0.,1.,0.));
#9914=DIRECTION('',(-1.,0.,0.));
#9915=DIRECTION('',(0.,1.,0.));
#9916=DIRECTION('',(-1.,-2.6688053476567E-15,0.));
#9917=DIRECTION('',(0.,-1.,0.));
#9918=DIRECTION('',(-1.,0.,0.));
#9919=DIRECTION('',(1.,0.,0.));
#9920=DIRECTION('',(0.,0.,-1.));
#9921=DIRECTION('',(0.,0.,-1.));
#9922=DIRECTION('',(0.,-1.,0.));
#9923=DIRECTION('',(0.,0.,-1.));
#9924=DIRECTION('',(0.,1.,0.));
#9925=DIRECTION('',(0.,0.,1.));
#9926=DIRECTION('',(1.,0.,0.));
#9927=DIRECTION('',(0.,0.,-1.));
#9928=DIRECTION('',(1.,0.,0.));
#9929=DIRECTION('',(0.,0.,-1.));
#9930=DIRECTION('',(0.,-1.,0.));
#9931=DIRECTION('',(0.,0.,-1.));
#9932=DIRECTION('',(-5.33761069531324E-15,1.,0.));
#9933=DIRECTION('',(-1.,-5.33761069531324E-15,0.));
#9934=DIRECTION('',(1.,5.33761069531324E-15,0.));
#9935=DIRECTION('',(0.,0.,-1.));
#9936=DIRECTION('',(-1.,0.,0.));
#9937=DIRECTION('',(0.,0.,1.));
#9938=DIRECTION('',(0.,1.,0.));
#9939=DIRECTION('',(0.,0.,-1.));
#9940=DIRECTION('',(0.,1.,0.));
#9941=DIRECTION('',(0.,0.,1.));
#9942=DIRECTION('',(1.,0.,0.));
#9943=DIRECTION('',(0.,0.,-1.));
#9944=DIRECTION('',(-1.,0.,0.));
#9945=DIRECTION('',(0.,0.,1.));
#9946=DIRECTION('',(0.,1.,0.));
#9947=DIRECTION('',(0.,0.,-1.));
#9948=DIRECTION('',(0.,-1.,0.));
#9949=DIRECTION('',(0.,0.,-1.));
#9950=DIRECTION('',(-1.,0.,0.));
#9951=DIRECTION('',(0.,0.,-1.));
#9952=DIRECTION('',(-1.,0.,0.));
#9953=DIRECTION('',(0.,0.,1.));
#9954=DIRECTION('',(0.,1.,0.));
#9955=DIRECTION('',(0.,0.,-1.));
#9956=DIRECTION('',(2.6688053476567E-15,-1.,0.));
#9957=DIRECTION('',(1.,2.6688053476567E-15,0.));
#9958=DIRECTION('',(-1.,-2.6688053476567E-15,0.));
#9959=DIRECTION('',(0.,0.,-1.));
#9960=DIRECTION('',(1.,0.,0.));
#9961=DIRECTION('',(0.,0.,-1.));
#9962=DIRECTION('',(0.,-1.,0.));
#9963=DIRECTION('',(0.,0.,-1.));
#9964=DIRECTION('',(0.,-1.,0.));
#9965=DIRECTION('',(0.,0.,-1.));
#9966=DIRECTION('',(-1.,0.,0.));
#9967=DIRECTION('',(0.,0.,1.));
#9968=DIRECTION('',(1.,0.,0.));
#9969=DIRECTION('',(0.,0.,1.));
#9970=DIRECTION('',(1.,0.,0.));
#9971=DIRECTION('',(0.,0.,1.));
#9972=DIRECTION('',(1.,0.,0.));
#9973=DIRECTION('',(0.,0.,1.));
#9974=DIRECTION('',(1.,0.,0.));
#9975=DIRECTION('',(2.88230977863524E-14,-1.,0.));
#9976=DIRECTION('',(0.,0.,1.));
#9977=DIRECTION('',(1.,0.,0.));
#9978=DIRECTION('',(1.,0.,0.));
#9979=DIRECTION('',(0.,0.,1.));
#9980=DIRECTION('',(1.,0.,0.));
#9981=DIRECTION('',(0.,-1.,0.));
#9982=DIRECTION('',(0.,0.,1.));
#9983=DIRECTION('',(1.,0.,0.));
#9984=DIRECTION('',(1.,1.06752214023547E-15,0.));
#9985=DIRECTION('',(0.,-1.,0.));
#9986=DIRECTION('',(0.,0.,1.));
#9987=DIRECTION('',(1.,0.,0.));
#9988=DIRECTION('',(-1.,0.,0.));
#9989=DIRECTION('',(0.,0.,1.));
#9990=DIRECTION('',(1.,0.,0.));
#9991=DIRECTION('',(0.,-1.,0.));
#9992=DIRECTION('',(0.,0.,1.));
#9993=DIRECTION('',(1.,0.,0.));
#9994=DIRECTION('',(1.,2.80926991815185E-16,0.));
#9995=DIRECTION('',(0.,0.,1.));
#9996=DIRECTION('',(1.,0.,0.));
#9997=DIRECTION('',(0.,1.,0.));
#9998=DIRECTION('',(0.,0.,1.));
#9999=DIRECTION('',(1.,0.,0.));
#10000=DIRECTION('',(1.,0.,0.));
#10001=DIRECTION('',(0.,0.,1.));
#10002=DIRECTION('',(1.,0.,0.));
#10003=DIRECTION('',(0.,-1.,0.));
#10004=DIRECTION('',(0.,0.,1.));
#10005=DIRECTION('',(1.,0.,0.));
#10006=DIRECTION('',(1.,2.80926766885852E-16,0.));
#10007=DIRECTION('',(0.,0.,1.));
#10008=DIRECTION('',(1.,0.,0.));
#10009=DIRECTION('',(1.,0.,0.));
#10010=DIRECTION('',(0.,0.,-1.));
#10011=DIRECTION('',(0.,0.,-1.));
#10012=DIRECTION('',(0.,-1.,0.));
#10013=DIRECTION('',(0.,0.,-1.));
#10014=DIRECTION('',(0.,0.,-1.));
#10015=DIRECTION('',(-1.,0.,0.));
#10016=DIRECTION('',(0.,0.,-1.));
#10017=DIRECTION('',(0.,0.,1.));
#10018=DIRECTION('',(1.,0.,0.));
#10019=DIRECTION('',(-2.80926766885852E-16,1.,0.));
#10020=DIRECTION('',(-1.,-2.80926766885852E-16,0.));
#10021=DIRECTION('',(0.,0.,-1.));
#10022=DIRECTION('',(1.,2.80926766885852E-16,0.));
#10023=DIRECTION('',(0.,0.,-1.));
#10024=DIRECTION('',(-1.,0.,0.));
#10025=DIRECTION('',(0.,0.,-1.));
#10026=DIRECTION('',(0.,0.,1.));
#10027=DIRECTION('',(1.,0.,0.));
#10028=DIRECTION('',(1.,0.,0.));
#10029=DIRECTION('',(0.,0.,-1.));
#10030=DIRECTION('',(0.,0.,-1.));
#10031=DIRECTION('',(0.,-1.,0.));
#10032=DIRECTION('',(0.,0.,-1.));
#10033=DIRECTION('',(-1.,0.,0.));
#10034=DIRECTION('',(0.,0.,-1.));
#10035=DIRECTION('',(0.,0.,1.));
#10036=DIRECTION('',(1.,0.,0.));
#10037=DIRECTION('',(0.,1.,0.));
#10038=DIRECTION('',(0.,0.,1.));
#10039=DIRECTION('',(0.,0.,-1.));
#10040=DIRECTION('',(1.,0.,0.));
#10041=DIRECTION('',(0.,0.,-1.));
#10042=DIRECTION('',(-1.,0.,0.));
#10043=DIRECTION('',(0.,0.,-1.));
#10044=DIRECTION('',(0.,0.,1.));
#10045=DIRECTION('',(1.,0.,0.));
#10046=DIRECTION('',(-1.,0.,0.));
#10047=DIRECTION('',(0.,0.,1.));
#10048=DIRECTION('',(0.,0.,-1.));
#10049=DIRECTION('',(0.,1.,0.));
#10050=DIRECTION('',(0.,0.,-1.));
#10051=DIRECTION('',(-1.,0.,0.));
#10052=DIRECTION('',(0.,0.,-1.));
#10053=DIRECTION('',(0.,0.,1.));
#10054=DIRECTION('',(1.,0.,0.));
#10055=DIRECTION('',(-2.80926991815185E-16,1.,0.));
#10056=DIRECTION('',(-1.,-2.80926991815185E-16,0.));
#10057=DIRECTION('',(0.,0.,-1.));
#10058=DIRECTION('',(1.,2.80926991815185E-16,0.));
#10059=DIRECTION('',(0.,0.,-1.));
#10060=DIRECTION('',(-1.,0.,0.));
#10061=DIRECTION('',(0.,0.,-1.));
#10062=DIRECTION('',(0.,0.,1.));
#10063=DIRECTION('',(1.,0.,0.));
#10064=DIRECTION('',(1.,0.,0.));
#10065=DIRECTION('',(0.,0.,-1.));
#10066=DIRECTION('',(0.,0.,-1.));
#10067=DIRECTION('',(0.,-1.,0.));
#10068=DIRECTION('',(0.,0.,-1.));
#10069=DIRECTION('',(-1.,0.,0.));
#10070=DIRECTION('',(0.,0.,-1.));
#10071=DIRECTION('',(0.,0.,1.));
#10072=DIRECTION('',(1.,0.,0.));
#10073=DIRECTION('',(0.,-1.,0.));
#10074=DIRECTION('',(0.,0.,-1.));
#10075=DIRECTION('',(0.,0.,-1.));
#10076=DIRECTION('',(-1.,0.,0.));
#10077=DIRECTION('',(0.,0.,-1.));
#10078=DIRECTION('',(-1.,0.,0.));
#10079=DIRECTION('',(0.,0.,1.));
#10080=DIRECTION('',(1.,0.,0.));
#10081=DIRECTION('',(0.,0.,1.));
#10082=DIRECTION('',(1.,0.,0.));
#10083=DIRECTION('',(1.,2.88230977863524E-14,0.));
#10084=DIRECTION('',(-2.88230977863524E-14,1.,0.));
#10085=DIRECTION('',(0.,0.,-1.));
#10086=DIRECTION('',(2.88230977863524E-14,-1.,0.));
#10087=DIRECTION('',(0.,0.,-1.));
#10088=DIRECTION('',(0.,0.,-1.));
#10089=DIRECTION('',(-1.,0.,0.));
#10090=DIRECTION('',(0.,0.,1.));
#10091=DIRECTION('',(1.,0.,0.));
#10092=DIRECTION('',(0.,0.,-1.));
#10093=DIRECTION('',(0.,1.,0.));
#10094=DIRECTION('',(0.,0.,1.));
#10095=DIRECTION('',(1.,0.,0.));
#10096=DIRECTION('',(0.,0.,-1.));
#10097=DIRECTION('',(0.,0.,-1.));
#10098=DIRECTION('',(-1.,0.,0.));
#10099=DIRECTION('',(0.,0.,1.));
#10100=DIRECTION('',(1.,0.,0.));
#10101=DIRECTION('',(0.,0.,-1.));
#10102=DIRECTION('',(1.,0.,0.));
#10103=DIRECTION('',(0.,0.,-1.));
#10104=DIRECTION('',(0.,-1.,0.));
#10105=DIRECTION('',(0.,0.,-1.));
#10106=DIRECTION('',(0.,0.,-1.));
#10107=DIRECTION('',(-1.,0.,0.));
#10108=DIRECTION('',(0.,0.,1.));
#10109=DIRECTION('',(1.,0.,0.));
#10110=DIRECTION('',(0.,0.,-1.));
#10111=DIRECTION('',(-1.06752214023547E-15,1.,0.));
#10112=DIRECTION('',(-1.,-1.06752214023547E-15,0.));
#10113=DIRECTION('',(1.,1.06752214023547E-15,0.));
#10114=DIRECTION('',(0.,0.,-1.));
#10115=DIRECTION('',(0.,0.,-1.));
#10116=DIRECTION('',(-1.,0.,0.));
#10117=DIRECTION('',(0.,0.,1.));
#10118=DIRECTION('',(1.,0.,0.));
#10119=DIRECTION('',(0.,0.,-1.));
#10120=DIRECTION('',(-1.,0.,0.));
#10121=DIRECTION('',(0.,0.,1.));
#10122=DIRECTION('',(1.,0.,0.));
#10123=DIRECTION('',(0.,0.,1.));
#10124=DIRECTION('',(1.,0.,0.));
#10125=DIRECTION('',(0.,0.,1.));
#10126=DIRECTION('',(1.,0.,0.));
#10127=DIRECTION('',(0.,0.,1.));
#10128=DIRECTION('',(1.,0.,0.));
#10129=DIRECTION('',(-1.,0.,0.));
#10130=DIRECTION('',(0.,1.,0.));
#10131=DIRECTION('',(-1.,0.,0.));
#10132=DIRECTION('',(0.,-1.,0.));
#10133=DIRECTION('',(-1.,0.,0.));
#10134=DIRECTION('',(0.,-1.,0.));
#10135=DIRECTION('',(1.,0.,0.));
#10136=DIRECTION('',(0.,-1.,0.));
#10137=DIRECTION('',(1.,0.,0.));
#10138=DIRECTION('',(0.,1.,0.));
#10139=DIRECTION('',(1.,0.,0.));
#10140=DIRECTION('',(0.,1.,0.));
#10141=DIRECTION('',(0.,-1.,0.));
#10142=DIRECTION('',(0.,0.,-1.));
#10143=DIRECTION('',(0.,0.,-1.));
#10144=DIRECTION('',(-1.,0.,0.));
#10145=DIRECTION('',(0.,0.,-1.));
#10146=DIRECTION('',(-1.,0.,0.));
#10147=DIRECTION('',(0.,0.,1.));
#10148=DIRECTION('',(0.,1.,0.));
#10149=DIRECTION('',(0.,0.,-1.));
#10150=DIRECTION('',(0.,-1.,0.));
#10151=DIRECTION('',(0.,0.,-1.));
#10152=DIRECTION('',(-1.,0.,0.));
#10153=DIRECTION('',(0.,0.,-1.));
#10154=DIRECTION('',(1.,0.,0.));
#10155=DIRECTION('',(0.,0.,-1.));
#10156=DIRECTION('',(0.,-1.,0.));
#10157=DIRECTION('',(0.,0.,-1.));
#10158=DIRECTION('',(0.,-1.,0.));
#10159=DIRECTION('',(0.,0.,-1.));
#10160=DIRECTION('',(-1.,0.,0.));
#10161=DIRECTION('',(0.,0.,-1.));
#10162=DIRECTION('',(1.,0.,0.));
#10163=DIRECTION('',(0.,0.,-1.));
#10164=DIRECTION('',(0.,-1.,0.));
#10165=DIRECTION('',(0.,0.,-1.));
#10166=DIRECTION('',(0.,1.,0.));
#10167=DIRECTION('',(0.,0.,1.));
#10168=DIRECTION('',(1.,0.,0.));
#10169=DIRECTION('',(0.,0.,-1.));
#10170=DIRECTION('',(1.,0.,0.));
#10171=DIRECTION('',(0.,0.,-1.));
#10172=DIRECTION('',(0.,-1.,0.));
#10173=DIRECTION('',(0.,0.,-1.));
#10174=DIRECTION('',(0.,1.,0.));
#10175=DIRECTION('',(0.,0.,1.));
#10176=DIRECTION('',(1.,0.,0.));
#10177=DIRECTION('',(0.,0.,-1.));
#10178=DIRECTION('',(-1.,0.,0.));
#10179=DIRECTION('',(0.,0.,1.));
#10180=DIRECTION('',(0.,1.,0.));
#10181=DIRECTION('',(0.,0.,-1.));
#10182=DIRECTION('',(0.,1.,0.));
#10183=DIRECTION('',(0.,0.,1.));
#10184=DIRECTION('',(1.,0.,0.));
#10185=DIRECTION('',(0.,0.,-1.));
#10186=DIRECTION('',(-1.,0.,0.));
#10187=DIRECTION('',(0.,0.,1.));
#10188=DIRECTION('',(0.,1.,0.));
#10189=DIRECTION('',(0.,0.,1.));
#10190=DIRECTION('',(1.,0.,0.));
#10191=DIRECTION('',(0.,0.,1.));
#10192=DIRECTION('',(1.,0.,0.));
#10193=DIRECTION('',(0.,0.,1.));
#10194=DIRECTION('',(1.,0.,0.));
#10195=DIRECTION('',(0.,0.,1.));
#10196=DIRECTION('',(1.,0.,0.));
#10197=DIRECTION('',(2.88230977863524E-14,-1.,0.));
#10198=DIRECTION('',(0.,0.,1.));
#10199=DIRECTION('',(1.,0.,0.));
#10200=DIRECTION('',(1.,0.,0.));
#10201=DIRECTION('',(0.,0.,1.));
#10202=DIRECTION('',(1.,0.,0.));
#10203=DIRECTION('',(0.,-1.,0.));
#10204=DIRECTION('',(0.,0.,1.));
#10205=DIRECTION('',(1.,0.,0.));
#10206=DIRECTION('',(1.,1.06752214023547E-15,0.));
#10207=DIRECTION('',(0.,0.,-1.));
#10208=DIRECTION('',(1.,0.,0.));
#10209=DIRECTION('',(1.,0.,0.));
#10210=DIRECTION('',(0.,0.,-1.));
#10211=DIRECTION('',(1.,0.,0.));
#10212=DIRECTION('',(0.,-1.,0.));
#10213=DIRECTION('',(0.,0.,-1.));
#10214=DIRECTION('',(1.,0.,0.));
#10215=DIRECTION('',(1.,0.,0.));
#10216=DIRECTION('',(0.,0.,1.));
#10217=DIRECTION('',(1.,0.,0.));
#10218=DIRECTION('',(2.53244303062308E-16,1.,0.));
#10219=DIRECTION('',(0.,0.,-1.));
#10220=DIRECTION('',(1.,0.,0.));
#10221=DIRECTION('',(1.,0.,0.));
#10222=DIRECTION('',(0.,0.,1.));
#10223=DIRECTION('',(1.,0.,0.));
#10224=DIRECTION('',(0.,-1.,0.));
#10225=DIRECTION('',(0.,0.,1.));
#10226=DIRECTION('',(1.,0.,0.));
#10227=DIRECTION('',(1.,0.,0.));
#10228=DIRECTION('',(0.,0.,1.));
#10229=DIRECTION('',(1.,0.,0.));
#10230=DIRECTION('',(0.,1.,0.));
#10231=DIRECTION('',(0.,0.,1.));
#10232=DIRECTION('',(1.,0.,0.));
#10233=DIRECTION('',(-1.,0.,0.));
#10234=DIRECTION('',(0.,0.,1.));
#10235=DIRECTION('',(1.,0.,0.));
#10236=DIRECTION('',(4.41168090540899E-16,1.,0.));
#10237=DIRECTION('',(0.,0.,-1.));
#10238=DIRECTION('',(-1.,0.,0.));
#10239=DIRECTION('',(0.,0.,-1.));
#10240=DIRECTION('',(0.,0.,-1.));
#10241=DIRECTION('',(1.,0.,0.));
#10242=DIRECTION('',(0.,0.,-1.));
#10243=DIRECTION('',(-1.,4.41168090540899E-16,0.));
#10244=DIRECTION('',(-4.41168090540899E-16,-1.,0.));
#10245=DIRECTION('',(0.,0.,-1.));
#10246=DIRECTION('',(4.41168090540899E-16,1.,0.));
#10247=DIRECTION('',(0.,0.,-1.));
#10248=DIRECTION('',(-1.,0.,0.));
#10249=DIRECTION('',(0.,0.,-1.));
#10250=DIRECTION('',(0.,0.,1.));
#10251=DIRECTION('',(1.,0.,0.));
#10252=DIRECTION('',(0.,-1.,0.));
#10253=DIRECTION('',(0.,0.,-1.));
#10254=DIRECTION('',(0.,0.,-1.));
#10255=DIRECTION('',(-1.,0.,0.));
#10256=DIRECTION('',(0.,0.,-1.));
#10257=DIRECTION('',(-1.,0.,0.));
#10258=DIRECTION('',(0.,0.,-1.));
#10259=DIRECTION('',(0.,0.,1.));
#10260=DIRECTION('',(1.,0.,0.));
#10261=DIRECTION('',(-1.,0.,0.));
#10262=DIRECTION('',(0.,0.,1.));
#10263=DIRECTION('',(0.,0.,-1.));
#10264=DIRECTION('',(0.,1.,0.));
#10265=DIRECTION('',(0.,0.,-1.));
#10266=DIRECTION('',(-1.,0.,0.));
#10267=DIRECTION('',(0.,0.,-1.));
#10268=DIRECTION('',(0.,0.,1.));
#10269=DIRECTION('',(1.,0.,0.));
#10270=DIRECTION('',(0.,1.,0.));
#10271=DIRECTION('',(0.,0.,1.));
#10272=DIRECTION('',(0.,0.,-1.));
#10273=DIRECTION('',(1.,0.,0.));
#10274=DIRECTION('',(0.,0.,-1.));
#10275=DIRECTION('',(-1.,0.,0.));
#10276=DIRECTION('',(0.,0.,-1.));
#10277=DIRECTION('',(0.,0.,1.));
#10278=DIRECTION('',(1.,0.,0.));
#10279=DIRECTION('',(1.,0.,0.));
#10280=DIRECTION('',(0.,0.,-1.));
#10281=DIRECTION('',(0.,0.,-1.));
#10282=DIRECTION('',(0.,-1.,0.));
#10283=DIRECTION('',(0.,0.,-1.));
#10284=DIRECTION('',(-1.,0.,0.));
#10285=DIRECTION('',(0.,0.,-1.));
#10286=DIRECTION('',(0.,0.,1.));
#10287=DIRECTION('',(1.,0.,0.));
#10288=DIRECTION('',(0.,1.,0.));
#10289=DIRECTION('',(0.,0.,1.));
#10290=DIRECTION('',(0.,0.,-1.));
#10291=DIRECTION('',(1.,0.,0.));
#10292=DIRECTION('',(0.,0.,-1.));
#10293=DIRECTION('',(-1.,0.,0.));
#10294=DIRECTION('',(0.,0.,-1.));
#10295=DIRECTION('',(0.,0.,-1.));
#10296=DIRECTION('',(1.,0.,0.));
#10297=DIRECTION('',(-1.,2.53244303062308E-16,0.));
#10298=DIRECTION('',(-2.53244303062308E-16,-1.,0.));
#10299=DIRECTION('',(0.,0.,-1.));
#10300=DIRECTION('',(2.53244303062308E-16,1.,0.));
#10301=DIRECTION('',(0.,0.,-1.));
#10302=DIRECTION('',(-1.,0.,0.));
#10303=DIRECTION('',(0.,0.,-1.));
#10304=DIRECTION('',(0.,0.,1.));
#10305=DIRECTION('',(1.,0.,0.));
#10306=DIRECTION('',(0.,1.,0.));
#10307=DIRECTION('',(0.,0.,1.));
#10308=DIRECTION('',(0.,0.,-1.));
#10309=DIRECTION('',(1.,0.,0.));
#10310=DIRECTION('',(0.,0.,-1.));
#10311=DIRECTION('',(-1.,0.,0.));
#10312=DIRECTION('',(0.,0.,-1.));
#10313=DIRECTION('',(0.,0.,-1.));
#10314=DIRECTION('',(1.,0.,0.));
#10315=DIRECTION('',(1.,0.,0.));
#10316=DIRECTION('',(0.,0.,-1.));
#10317=DIRECTION('',(0.,0.,-1.));
#10318=DIRECTION('',(0.,-1.,0.));
#10319=DIRECTION('',(0.,0.,-1.));
#10320=DIRECTION('',(-1.,0.,0.));
#10321=DIRECTION('',(0.,0.,-1.));
#10322=DIRECTION('',(0.,0.,-1.));
#10323=DIRECTION('',(1.,0.,0.));
#10324=DIRECTION('',(0.,1.,0.));
#10325=DIRECTION('',(0.,0.,1.));
#10326=DIRECTION('',(1.,0.,0.));
#10327=DIRECTION('',(0.,0.,1.));
#10328=DIRECTION('',(1.,0.,0.));
#10329=DIRECTION('',(1.,2.88230977863524E-14,0.));
#10330=DIRECTION('',(-2.88230977863524E-14,1.,0.));
#10331=DIRECTION('',(0.,0.,-1.));
#10332=DIRECTION('',(2.88230977863524E-14,-1.,0.));
#10333=DIRECTION('',(0.,0.,-1.));
#10334=DIRECTION('',(0.,0.,-1.));
#10335=DIRECTION('',(-1.,0.,0.));
#10336=DIRECTION('',(0.,0.,1.));
#10337=DIRECTION('',(1.,0.,0.));
#10338=DIRECTION('',(0.,0.,-1.));
#10339=DIRECTION('',(0.,1.,0.));
#10340=DIRECTION('',(0.,0.,1.));
#10341=DIRECTION('',(1.,0.,0.));
#10342=DIRECTION('',(0.,0.,-1.));
#10343=DIRECTION('',(0.,0.,-1.));
#10344=DIRECTION('',(-1.,0.,0.));
#10345=DIRECTION('',(0.,0.,1.));
#10346=DIRECTION('',(1.,0.,0.));
#10347=DIRECTION('',(0.,0.,-1.));
#10348=DIRECTION('',(1.,0.,0.));
#10349=DIRECTION('',(0.,0.,-1.));
#10350=DIRECTION('',(0.,-1.,0.));
#10351=DIRECTION('',(0.,0.,-1.));
#10352=DIRECTION('',(0.,0.,-1.));
#10353=DIRECTION('',(-1.,0.,0.));
#10354=DIRECTION('',(0.,0.,1.));
#10355=DIRECTION('',(1.,0.,0.));
#10356=DIRECTION('',(0.,0.,-1.));
#10357=DIRECTION('',(-1.06752214023547E-15,1.,0.));
#10358=DIRECTION('',(-1.,-1.06752214023547E-15,0.));
#10359=DIRECTION('',(1.,1.06752214023547E-15,0.));
#10360=DIRECTION('',(0.,0.,-1.));
#10361=DIRECTION('',(0.,0.,-1.));
#10362=DIRECTION('',(-1.,0.,0.));
#10363=DIRECTION('',(0.,0.,1.));
#10364=DIRECTION('',(1.,0.,0.));
#10365=DIRECTION('',(0.,0.,1.));
#10366=DIRECTION('',(1.,0.,0.));
#10367=DIRECTION('',(0.,0.,-1.));
#10368=DIRECTION('',(-1.,0.,0.));
#10369=DIRECTION('',(0.,0.,1.));
#10370=DIRECTION('',(1.,0.,0.));
#10371=DIRECTION('',(0.,0.,1.));
#10372=DIRECTION('',(1.,0.,0.));
#10373=DIRECTION('',(0.,0.,1.));
#10374=DIRECTION('',(1.,0.,0.));
#10375=DIRECTION('',(-1.,0.,0.));
#10376=DIRECTION('',(0.,1.,0.));
#10377=DIRECTION('',(-1.,0.,0.));
#10378=DIRECTION('',(0.,-1.,0.));
#10379=DIRECTION('',(-1.,0.,0.));
#10380=DIRECTION('',(0.,-1.,0.));
#10381=DIRECTION('',(1.,0.,0.));
#10382=DIRECTION('',(0.,-1.,0.));
#10383=DIRECTION('',(1.,0.,0.));
#10384=DIRECTION('',(0.,1.,0.));
#10385=DIRECTION('',(1.,0.,0.));
#10386=DIRECTION('',(0.,1.,0.));
#10387=DIRECTION('',(0.,-1.,0.));
#10388=DIRECTION('',(0.,0.,-1.));
#10389=DIRECTION('',(0.,0.,-1.));
#10390=DIRECTION('',(-1.,0.,0.));
#10391=DIRECTION('',(0.,0.,-1.));
#10392=DIRECTION('',(-1.,0.,0.));
#10393=DIRECTION('',(0.,0.,1.));
#10394=DIRECTION('',(0.,1.,0.));
#10395=DIRECTION('',(0.,0.,-1.));
#10396=DIRECTION('',(0.,-1.,0.));
#10397=DIRECTION('',(0.,0.,-1.));
#10398=DIRECTION('',(-1.,0.,0.));
#10399=DIRECTION('',(0.,0.,-1.));
#10400=DIRECTION('',(1.,0.,0.));
#10401=DIRECTION('',(0.,0.,-1.));
#10402=DIRECTION('',(0.,-1.,0.));
#10403=DIRECTION('',(0.,0.,-1.));
#10404=DIRECTION('',(0.,-1.,0.));
#10405=DIRECTION('',(0.,0.,-1.));
#10406=DIRECTION('',(-1.,0.,0.));
#10407=DIRECTION('',(0.,0.,-1.));
#10408=DIRECTION('',(1.,0.,0.));
#10409=DIRECTION('',(0.,0.,-1.));
#10410=DIRECTION('',(0.,-1.,0.));
#10411=DIRECTION('',(0.,0.,-1.));
#10412=DIRECTION('',(0.,1.,0.));
#10413=DIRECTION('',(0.,0.,1.));
#10414=DIRECTION('',(1.,0.,0.));
#10415=DIRECTION('',(0.,0.,-1.));
#10416=DIRECTION('',(1.,0.,0.));
#10417=DIRECTION('',(0.,0.,-1.));
#10418=DIRECTION('',(0.,-1.,0.));
#10419=DIRECTION('',(0.,0.,-1.));
#10420=DIRECTION('',(0.,1.,0.));
#10421=DIRECTION('',(0.,0.,1.));
#10422=DIRECTION('',(1.,0.,0.));
#10423=DIRECTION('',(0.,0.,-1.));
#10424=DIRECTION('',(-1.,0.,0.));
#10425=DIRECTION('',(0.,0.,1.));
#10426=DIRECTION('',(0.,1.,0.));
#10427=DIRECTION('',(0.,0.,-1.));
#10428=DIRECTION('',(0.,1.,0.));
#10429=DIRECTION('',(0.,0.,1.));
#10430=DIRECTION('',(1.,0.,0.));
#10431=DIRECTION('',(0.,0.,-1.));
#10432=DIRECTION('',(-1.,0.,0.));
#10433=DIRECTION('',(0.,0.,1.));
#10434=DIRECTION('',(0.,1.,0.));
#10435=DIRECTION('',(0.,0.,1.));
#10436=DIRECTION('',(1.,0.,0.));
#10437=DIRECTION('',(0.,0.,1.));
#10438=DIRECTION('',(1.,0.,0.));
#10439=DIRECTION('',(1.,1.28498035257541E-16,0.));
#10440=DIRECTION('',(-1.28498035257541E-16,1.,0.));
#10441=DIRECTION('',(1.21963451367546E-12,1.,0.));
#10442=DIRECTION('',(0.,0.,-1.));
#10443=DIRECTION('',(1.28498035257541E-16,-1.,0.));
#10444=DIRECTION('',(0.,0.,-1.));
#10445=DIRECTION('',(1.28498035257541E-16,-1.,0.));
#10446=DIRECTION('',(0.,0.,-1.));
#10447=DIRECTION('',(1.28498035257541E-16,-1.,0.));
#10448=DIRECTION('',(0.,0.,-1.));
#10449=DIRECTION('',(-1.,0.,0.));
#10450=DIRECTION('',(0.,0.,1.));
#10451=DIRECTION('',(-3.46944695549235E-15,1.,0.));
#10452=DIRECTION('',(0.,0.,-1.));
#10453=DIRECTION('',(0.,1.,0.));
#10454=DIRECTION('',(0.,0.,-1.));
#10455=DIRECTION('',(0.,1.,0.));
#10456=DIRECTION('',(0.,0.,-1.));
#10457=DIRECTION('',(0.,1.,0.));
#10458=DIRECTION('',(0.,0.,-1.));
#10459=DIRECTION('',(0.,0.,1.));
#10460=DIRECTION('',(1.,0.,0.));
#10461=DIRECTION('',(1.,-1.53646936600313E-14,0.));
#10462=DIRECTION('',(0.,0.,1.));
#10463=DIRECTION('',(1.,0.,0.));
#10464=DIRECTION('',(1.,0.,0.));
#10465=DIRECTION('',(0.,0.,1.));
#10466=DIRECTION('',(1.,0.,0.));
#10467=DIRECTION('',(0.,0.,1.));
#10468=DIRECTION('',(1.,0.,0.));
#10469=DIRECTION('',(1.,2.96142079415481E-14,0.));
#10470=DIRECTION('',(0.,0.,1.));
#10471=DIRECTION('',(1.,0.,0.));
#10472=DIRECTION('',(-1.,-2.00160401294102E-16,0.));
#10473=DIRECTION('',(0.,0.,1.));
#10474=DIRECTION('',(1.,0.,0.));
#10475=DIRECTION('',(0.,0.,-1.));
#10476=DIRECTION('',(-1.,0.,0.));
#10477=DIRECTION('',(0.,0.,-1.));
#10478=DIRECTION('',(0.,0.,1.));
#10479=DIRECTION('',(1.,0.,0.));
#10480=DIRECTION('',(0.,1.,0.));
#10481=DIRECTION('',(0.,0.,1.));
#10482=DIRECTION('',(0.,0.,-1.));
#10483=DIRECTION('',(1.,0.,0.));
#10484=DIRECTION('',(0.,0.,-1.));
#10485=DIRECTION('',(-1.,0.,0.));
#10486=DIRECTION('',(0.,0.,1.));
#10487=DIRECTION('',(1.,0.,0.));
#10488=DIRECTION('',(0.,0.,-1.));
#10489=DIRECTION('',(-1.,0.,0.));
#10490=DIRECTION('',(0.,0.,-1.));
#10491=DIRECTION('',(0.,0.,1.));
#10492=DIRECTION('',(1.,0.,0.));
#10493=DIRECTION('',(2.00160401294102E-16,-1.,0.));
#10494=DIRECTION('',(1.,2.00160401294102E-16,0.));
#10495=DIRECTION('',(0.,0.,-1.));
#10496=DIRECTION('',(-1.,-2.00160401294102E-16,0.));
#10497=DIRECTION('',(0.,0.,-1.));
#10498=DIRECTION('',(-1.,0.,0.));
#10499=DIRECTION('',(0.,0.,1.));
#10500=DIRECTION('',(1.,0.,0.));
#10501=DIRECTION('',(0.,0.,1.));
#10502=DIRECTION('',(1.,0.,0.));
#10503=DIRECTION('',(1.53646936600313E-14,1.,0.));
#10504=DIRECTION('',(-1.,1.53646936600313E-14,0.));
#10505=DIRECTION('',(1.,-1.53646936600313E-14,0.));
#10506=DIRECTION('',(-2.96142079415481E-14,1.,0.));
#10507=DIRECTION('',(-1.,-2.96142079415481E-14,0.));
#10508=DIRECTION('',(1.,2.96142079415481E-14,0.));
#10509=DIRECTION('',(0.,0.,-1.));
#10510=DIRECTION('',(-1.,0.,0.));
#10511=DIRECTION('',(0.,0.,1.));
#10512=DIRECTION('',(1.,0.,0.));
#10513=DIRECTION('',(0.,0.,1.));
#10514=DIRECTION('',(1.,0.,0.));
#10515=DIRECTION('',(0.,0.,1.));
#10516=DIRECTION('',(1.,0.,0.));
#10517=DIRECTION('',(0.,0.,1.));
#10518=DIRECTION('',(1.,0.,0.));
#10519=DIRECTION('',(0.,-1.,0.));
#10520=DIRECTION('',(1.,0.,0.));
#10521=DIRECTION('',(0.,-1.,0.));
#10522=DIRECTION('',(1.,5.33761069531326E-15,0.));
#10523=DIRECTION('',(0.,1.,0.));
#10524=DIRECTION('',(1.,0.,0.));
#10525=DIRECTION('',(0.,1.,0.));
#10526=DIRECTION('',(-1.,0.,0.));
#10527=DIRECTION('',(0.,1.,0.));
#10528=DIRECTION('',(-1.,-2.6688053476567E-15,0.));
#10529=DIRECTION('',(0.,-1.,0.));
#10530=DIRECTION('',(-1.,0.,0.));
#10531=DIRECTION('',(1.,0.,0.));
#10532=DIRECTION('',(0.,0.,-1.));
#10533=DIRECTION('',(0.,0.,-1.));
#10534=DIRECTION('',(0.,-1.,0.));
#10535=DIRECTION('',(0.,0.,-1.));
#10536=DIRECTION('',(0.,1.,0.));
#10537=DIRECTION('',(0.,0.,1.));
#10538=DIRECTION('',(1.,0.,0.));
#10539=DIRECTION('',(0.,0.,-1.));
#10540=DIRECTION('',(1.,0.,0.));
#10541=DIRECTION('',(0.,0.,-1.));
#10542=DIRECTION('',(0.,-1.,0.));
#10543=DIRECTION('',(0.,0.,-1.));
#10544=DIRECTION('',(-5.33761069531326E-15,1.,0.));
#10545=DIRECTION('',(-1.,-5.33761069531326E-15,0.));
#10546=DIRECTION('',(1.,5.33761069531326E-15,0.));
#10547=DIRECTION('',(0.,0.,-1.));
#10548=DIRECTION('',(-1.,0.,0.));
#10549=DIRECTION('',(0.,0.,1.));
#10550=DIRECTION('',(0.,1.,0.));
#10551=DIRECTION('',(0.,0.,-1.));
#10552=DIRECTION('',(0.,1.,0.));
#10553=DIRECTION('',(0.,0.,1.));
#10554=DIRECTION('',(1.,0.,0.));
#10555=DIRECTION('',(0.,0.,-1.));
#10556=DIRECTION('',(-1.,0.,0.));
#10557=DIRECTION('',(0.,0.,1.));
#10558=DIRECTION('',(0.,1.,0.));
#10559=DIRECTION('',(0.,0.,-1.));
#10560=DIRECTION('',(0.,-1.,0.));
#10561=DIRECTION('',(0.,0.,-1.));
#10562=DIRECTION('',(-1.,0.,0.));
#10563=DIRECTION('',(0.,0.,-1.));
#10564=DIRECTION('',(-1.,0.,0.));
#10565=DIRECTION('',(0.,0.,1.));
#10566=DIRECTION('',(0.,1.,0.));
#10567=DIRECTION('',(0.,0.,-1.));
#10568=DIRECTION('',(2.6688053476567E-15,-1.,0.));
#10569=DIRECTION('',(1.,2.6688053476567E-15,0.));
#10570=DIRECTION('',(-1.,-2.6688053476567E-15,0.));
#10571=DIRECTION('',(0.,0.,-1.));
#10572=DIRECTION('',(1.,0.,0.));
#10573=DIRECTION('',(0.,0.,-1.));
#10574=DIRECTION('',(0.,-1.,0.));
#10575=DIRECTION('',(0.,0.,-1.));
#10576=DIRECTION('',(0.,-1.,0.));
#10577=DIRECTION('',(0.,0.,-1.));
#10578=DIRECTION('',(-1.,0.,0.));
#10579=DIRECTION('',(0.,0.,1.));
#10580=DIRECTION('',(1.,0.,0.));
#10581=DIRECTION('',(0.,0.,1.));
#10582=DIRECTION('',(1.,0.,0.));
#10583=DIRECTION('',(0.,0.,1.));
#10584=DIRECTION('',(1.,0.,0.));
#10585=DIRECTION('',(0.,0.,1.));
#10586=DIRECTION('',(1.,0.,0.));
#10587=DIRECTION('',(2.88230977863524E-14,-1.,0.));
#10588=DIRECTION('',(0.,0.,1.));
#10589=DIRECTION('',(1.,0.,0.));
#10590=DIRECTION('',(1.,0.,0.));
#10591=DIRECTION('',(0.,0.,1.));
#10592=DIRECTION('',(1.,0.,0.));
#10593=DIRECTION('',(0.,-1.,0.));
#10594=DIRECTION('',(0.,0.,1.));
#10595=DIRECTION('',(1.,0.,0.));
#10596=DIRECTION('',(1.,1.06752214023547E-15,0.));
#10597=DIRECTION('',(0.,0.,-1.));
#10598=DIRECTION('',(1.,0.,0.));
#10599=DIRECTION('',(0.,-1.,0.));
#10600=DIRECTION('',(0.,0.,-1.));
#10601=DIRECTION('',(1.,0.,0.));
#10602=DIRECTION('',(1.,0.,0.));
#10603=DIRECTION('',(0.,0.,1.));
#10604=DIRECTION('',(1.,0.,0.));
#10605=DIRECTION('',(4.41168090540899E-16,1.,0.));
#10606=DIRECTION('',(0.,0.,-1.));
#10607=DIRECTION('',(1.,0.,0.));
#10608=DIRECTION('',(1.,0.,0.));
#10609=DIRECTION('',(0.,0.,-1.));
#10610=DIRECTION('',(-1.,0.,0.));
#10611=DIRECTION('',(0.,0.,-1.));
#10612=DIRECTION('',(0.,0.,-1.));
#10613=DIRECTION('',(1.,0.,0.));
#10614=DIRECTION('',(0.,0.,-1.));
#10615=DIRECTION('',(0.,1.,0.));
#10616=DIRECTION('',(0.,0.,1.));
#10617=DIRECTION('',(0.,0.,-1.));
#10618=DIRECTION('',(1.,0.,0.));
#10619=DIRECTION('',(0.,0.,-1.));
#10620=DIRECTION('',(-1.,0.,0.));
#10621=DIRECTION('',(0.,0.,-1.));
#10622=DIRECTION('',(0.,0.,-1.));
#10623=DIRECTION('',(1.,0.,0.));
#10624=DIRECTION('',(-1.,4.41168090540899E-16,0.));
#10625=DIRECTION('',(-4.41168090540899E-16,-1.,0.));
#10626=DIRECTION('',(0.,0.,-1.));
#10627=DIRECTION('',(4.41168090540899E-16,1.,0.));
#10628=DIRECTION('',(0.,0.,-1.));
#10629=DIRECTION('',(-1.,0.,0.));
#10630=DIRECTION('',(0.,0.,-1.));
#10631=DIRECTION('',(0.,0.,1.));
#10632=DIRECTION('',(1.,0.,0.));
#10633=DIRECTION('',(0.,1.,0.));
#10634=DIRECTION('',(0.,0.,1.));
#10635=DIRECTION('',(0.,0.,-1.));
#10636=DIRECTION('',(1.,0.,0.));
#10637=DIRECTION('',(0.,0.,-1.));
#10638=DIRECTION('',(-1.,0.,0.));
#10639=DIRECTION('',(0.,0.,-1.));
#10640=DIRECTION('',(0.,0.,-1.));
#10641=DIRECTION('',(1.,0.,0.));
#10642=DIRECTION('',(1.,0.,0.));
#10643=DIRECTION('',(0.,0.,-1.));
#10644=DIRECTION('',(0.,-1.,0.));
#10645=DIRECTION('',(0.,0.,1.));
#10646=DIRECTION('',(1.,0.,0.));
#10647=DIRECTION('',(1.,2.88230977863524E-14,0.));
#10648=DIRECTION('',(-2.88230977863524E-14,1.,0.));
#10649=DIRECTION('',(0.,0.,-1.));
#10650=DIRECTION('',(2.88230977863524E-14,-1.,0.));
#10651=DIRECTION('',(0.,0.,-1.));
#10652=DIRECTION('',(0.,0.,-1.));
#10653=DIRECTION('',(-1.,0.,0.));
#10654=DIRECTION('',(0.,0.,1.));
#10655=DIRECTION('',(1.,0.,0.));
#10656=DIRECTION('',(0.,0.,-1.));
#10657=DIRECTION('',(0.,1.,0.));
#10658=DIRECTION('',(0.,0.,1.));
#10659=DIRECTION('',(1.,0.,0.));
#10660=DIRECTION('',(0.,0.,-1.));
#10661=DIRECTION('',(0.,0.,-1.));
#10662=DIRECTION('',(-1.,0.,0.));
#10663=DIRECTION('',(0.,0.,1.));
#10664=DIRECTION('',(1.,0.,0.));
#10665=DIRECTION('',(0.,0.,-1.));
#10666=DIRECTION('',(1.,0.,0.));
#10667=DIRECTION('',(0.,0.,-1.));
#10668=DIRECTION('',(0.,-1.,0.));
#10669=DIRECTION('',(0.,0.,-1.));
#10670=DIRECTION('',(0.,0.,-1.));
#10671=DIRECTION('',(-1.,0.,0.));
#10672=DIRECTION('',(0.,0.,1.));
#10673=DIRECTION('',(1.,0.,0.));
#10674=DIRECTION('',(0.,0.,-1.));
#10675=DIRECTION('',(-1.06752214023547E-15,1.,0.));
#10676=DIRECTION('',(-1.,-1.06752214023547E-15,0.));
#10677=DIRECTION('',(1.,1.06752214023547E-15,0.));
#10678=DIRECTION('',(0.,0.,-1.));
#10679=DIRECTION('',(0.,0.,-1.));
#10680=DIRECTION('',(-1.,0.,0.));
#10681=DIRECTION('',(0.,0.,1.));
#10682=DIRECTION('',(1.,0.,0.));
#10683=DIRECTION('',(0.,0.,-1.));
#10684=DIRECTION('',(-1.,0.,0.));
#10685=DIRECTION('',(0.,0.,1.));
#10686=DIRECTION('',(1.,0.,0.));
#10687=DIRECTION('',(0.,0.,1.));
#10688=DIRECTION('',(1.,0.,0.));
#10689=DIRECTION('',(0.,0.,1.));
#10690=DIRECTION('',(1.,0.,0.));
#10691=DIRECTION('',(0.,0.,1.));
#10692=DIRECTION('',(1.,0.,0.));
#10693=DIRECTION('',(-1.,0.,0.));
#10694=DIRECTION('',(0.,1.,0.));
#10695=DIRECTION('',(-1.,0.,0.));
#10696=DIRECTION('',(0.,-1.,0.));
#10697=DIRECTION('',(-1.,0.,0.));
#10698=DIRECTION('',(0.,-1.,0.));
#10699=DIRECTION('',(1.,0.,0.));
#10700=DIRECTION('',(0.,-1.,0.));
#10701=DIRECTION('',(1.,0.,0.));
#10702=DIRECTION('',(0.,1.,0.));
#10703=DIRECTION('',(1.,0.,0.));
#10704=DIRECTION('',(0.,1.,0.));
#10705=DIRECTION('',(0.,-1.,0.));
#10706=DIRECTION('',(0.,0.,-1.));
#10707=DIRECTION('',(0.,0.,-1.));
#10708=DIRECTION('',(-1.,0.,0.));
#10709=DIRECTION('',(0.,0.,-1.));
#10710=DIRECTION('',(-1.,0.,0.));
#10711=DIRECTION('',(0.,0.,1.));
#10712=DIRECTION('',(0.,1.,0.));
#10713=DIRECTION('',(0.,0.,-1.));
#10714=DIRECTION('',(0.,-1.,0.));
#10715=DIRECTION('',(0.,0.,-1.));
#10716=DIRECTION('',(-1.,0.,0.));
#10717=DIRECTION('',(0.,0.,-1.));
#10718=DIRECTION('',(1.,0.,0.));
#10719=DIRECTION('',(0.,0.,-1.));
#10720=DIRECTION('',(0.,-1.,0.));
#10721=DIRECTION('',(0.,0.,-1.));
#10722=DIRECTION('',(0.,-1.,0.));
#10723=DIRECTION('',(0.,0.,-1.));
#10724=DIRECTION('',(-1.,0.,0.));
#10725=DIRECTION('',(0.,0.,-1.));
#10726=DIRECTION('',(1.,0.,0.));
#10727=DIRECTION('',(0.,0.,-1.));
#10728=DIRECTION('',(0.,-1.,0.));
#10729=DIRECTION('',(0.,0.,-1.));
#10730=DIRECTION('',(0.,1.,0.));
#10731=DIRECTION('',(0.,0.,1.));
#10732=DIRECTION('',(1.,0.,0.));
#10733=DIRECTION('',(0.,0.,-1.));
#10734=DIRECTION('',(1.,0.,0.));
#10735=DIRECTION('',(0.,0.,-1.));
#10736=DIRECTION('',(0.,-1.,0.));
#10737=DIRECTION('',(0.,0.,-1.));
#10738=DIRECTION('',(0.,1.,0.));
#10739=DIRECTION('',(0.,0.,1.));
#10740=DIRECTION('',(1.,0.,0.));
#10741=DIRECTION('',(0.,0.,-1.));
#10742=DIRECTION('',(-1.,0.,0.));
#10743=DIRECTION('',(0.,0.,1.));
#10744=DIRECTION('',(0.,1.,0.));
#10745=DIRECTION('',(0.,0.,-1.));
#10746=DIRECTION('',(0.,1.,0.));
#10747=DIRECTION('',(0.,0.,1.));
#10748=DIRECTION('',(1.,0.,0.));
#10749=DIRECTION('',(0.,0.,-1.));
#10750=DIRECTION('',(-1.,0.,0.));
#10751=DIRECTION('',(0.,0.,1.));
#10752=DIRECTION('',(0.,1.,0.));
#10753=DIRECTION('',(0.,0.,1.));
#10754=DIRECTION('',(1.,0.,0.));
#10755=CARTESIAN_POINT('',(0.,0.,0.));
#10756=CARTESIAN_POINT('',(0.00958300526410784,0.019086869254423,0.0077));
#10757=CARTESIAN_POINT('',(0.00958300406090761,0.019086869264109,0.0032));
#10758=CARTESIAN_POINT('',(0.00958300406089908,0.0120868692712491,0.0032));
#10759=CARTESIAN_POINT('',(0.00958300406091615,0.0260868692569689,0.0032));
#10760=CARTESIAN_POINT('',(0.00958300406091615,0.0260868692569689,0.0032));
#10761=CARTESIAN_POINT('',(0.00958300406091615,0.0260868692569689,0.));
#10762=CARTESIAN_POINT('',(0.00958300526410784,0.019086869254423,0.));
#10763=CARTESIAN_POINT('',(0.00958300526410784,0.032586869254423,0.));
#10764=CARTESIAN_POINT('',(0.00958300526410784,0.032586869254423,0.0077));
#10765=CARTESIAN_POINT('',(0.00958300526410784,0.032586869254423,0.0077));
#10766=CARTESIAN_POINT('',(0.00958300526410784,0.019086869254423,0.0077));
#10767=CARTESIAN_POINT('',(0.00958300526410783,0.00558686925442297,0.0077));
#10768=CARTESIAN_POINT('',(0.00958300526410783,0.00558686925442297,0.0077));
#10769=CARTESIAN_POINT('',(0.00958300526410783,0.00558686925442297,0.));
#10770=CARTESIAN_POINT('',(0.00958300526410784,0.019086869254423,0.));
#10771=CARTESIAN_POINT('',(0.00958300406089908,0.0120868692712491,0.));
#10772=CARTESIAN_POINT('',(0.00958300406089908,0.0120868692712491,0.0032));
#10773=CARTESIAN_POINT('',(-0.00441699472161306,0.019086869254423,0.0077));
#10774=CARTESIAN_POINT('',(-0.0044169959248099,0.0190868692641087,0.0032));
#10775=CARTESIAN_POINT('',(-0.00441699472161306,0.0120868692712487,0.0032));
#10776=CARTESIAN_POINT('',(-0.00441699592480993,0.0260868692569692,0.0032));
#10777=CARTESIAN_POINT('',(-0.00441699592480993,0.0120868692712487,0.0032));
#10778=CARTESIAN_POINT('',(-0.00441699592480993,0.0120868692712487,0.));
#10779=CARTESIAN_POINT('',(-0.00441699472161306,0.019086869254423,0.));
#10780=CARTESIAN_POINT('',(-0.00441699472161306,0.00558686925442297,0.));
#10781=CARTESIAN_POINT('',(-0.00441699472161306,0.00558686925442297,0.0077));
#10782=CARTESIAN_POINT('',(-0.00441699472161306,0.00558686925442297,0.0077));
#10783=CARTESIAN_POINT('',(-0.00441699472161306,0.019086869254423,0.0077));
#10784=CARTESIAN_POINT('',(-0.00441699472161306,0.032586869254423,0.0077));
#10785=CARTESIAN_POINT('',(-0.00441699472161306,0.032586869254423,0.0077));
#10786=CARTESIAN_POINT('',(-0.00441699472161306,0.032586869254423,0.));
#10787=CARTESIAN_POINT('',(-0.00441699472161306,0.019086869254423,0.));
#10788=CARTESIAN_POINT('',(-0.00441699592480993,0.0260868692569692,0.));
#10789=CARTESIAN_POINT('',(-0.00441699592480993,0.0260868692569692,0.0032));
#10790=CARTESIAN_POINT('',(-0.0204734940810086,0.00129936925597761,0.));
#10791=CARTESIAN_POINT('',(0.00258300406805312,0.026086869256969,0.));
#10792=CARTESIAN_POINT('',(-0.00391699472161308,0.032586869254423,0.));
#10793=CARTESIAN_POINT('',(-0.00391699472161305,0.033086869254423,0.));
#10794=CARTESIAN_POINT('',(0.00258300527124739,0.0330868692544211,0.));
#10795=CARTESIAN_POINT('',(0.00908300526410784,0.0330868692544211,0.));
#10796=CARTESIAN_POINT('',(0.00908300526410783,0.032586869254423,0.));
#10797=CARTESIAN_POINT('',(-0.0204734940810086,0.00129936925597761,0.));
#10798=CARTESIAN_POINT('',(0.00258300406804457,0.0120868692712489,0.));
#10799=CARTESIAN_POINT('',(0.00908300526410782,0.00558686925442296,0.));
#10800=CARTESIAN_POINT('',(0.00908300526410782,0.00508686925442295,0.));
#10801=CARTESIAN_POINT('',(0.00258300527124739,0.00508686925442295,0.));
#10802=CARTESIAN_POINT('',(-0.00391699472161304,0.00508686925442295,0.));
#10803=CARTESIAN_POINT('',(-0.00391699472161304,0.00558686925442297,0.));
#10804=CARTESIAN_POINT('',(0.00908300526410783,0.032586869254423,0.0077));
#10805=CARTESIAN_POINT('',(0.00908300526410784,0.0330868692544211,0.0077));
#10806=CARTESIAN_POINT('',(0.00908300526410784,0.0330868692544211,0.0077));
#10807=CARTESIAN_POINT('',(0.00908300526410783,0.032586869254423,0.0077));
#10808=CARTESIAN_POINT('',(0.00258300527124739,0.0330868692544211,0.0077));
#10809=CARTESIAN_POINT('',(-0.00391699472161305,0.033086869254423,0.0077));
#10810=CARTESIAN_POINT('',(-0.00391699472161305,0.033086869254423,0.0077));
#10811=CARTESIAN_POINT('',(0.00258300527124739,0.0330868692544211,0.0077));
#10812=CARTESIAN_POINT('',(-0.00391699472161308,0.032586869254423,0.0077));
#10813=CARTESIAN_POINT('',(-0.00391699472161308,0.032586869254423,0.0077));
#10814=CARTESIAN_POINT('',(-0.00391699472161304,0.00558686925442297,0.0077));
#10815=CARTESIAN_POINT('',(-0.00391699472161304,0.00508686925442295,0.0077));
#10816=CARTESIAN_POINT('',(-0.00391699472161304,0.00508686925442295,0.0077));
#10817=CARTESIAN_POINT('',(-0.00391699472161304,0.00558686925442297,0.0077));
#10818=CARTESIAN_POINT('',(0.00258300527124739,0.00508686925442295,0.0077));
#10819=CARTESIAN_POINT('',(0.00908300526410782,0.00508686925442295,0.0077));
#10820=CARTESIAN_POINT('',(0.00908300526410782,0.00508686925442295,0.0077));
#10821=CARTESIAN_POINT('',(0.00258300527124739,0.00508686925442295,0.0077));
#10822=CARTESIAN_POINT('',(0.00908300526410782,0.00558686925442296,0.0077));
#10823=CARTESIAN_POINT('',(0.00908300526410782,0.00558686925442296,0.0077));
#10824=CARTESIAN_POINT('',(-0.0204734940810086,0.00129936925597761,0.0077));
#10825=CARTESIAN_POINT('',(0.00258300406805312,0.026086869256969,0.0032));
#10826=CARTESIAN_POINT('',(0.00258300406805312,0.026086869256969,0.0032));
#10827=CARTESIAN_POINT('',(0.00258300406804457,0.0120868692712489,0.0032));
#10828=CARTESIAN_POINT('',(0.00258300406804457,0.0120868692712489,0.0032));
#10829=CARTESIAN_POINT('',(0.00258300406804879,0.0190868692641097,0.0032));
#10830=CARTESIAN_POINT('',(0.00258300406804879,0.0190868692641097,0.0032));
#10831=CARTESIAN_POINT('',(0.00558300406804879,0.0190868692641097,0.0032));
#10832=CARTESIAN_POINT('',(0.00258300406804879,0.0190868692641097,0.));
#10833=CARTESIAN_POINT('',(0.00558300406804879,0.0190868692641097,0.));
#10834=CARTESIAN_POINT('',(-0.0250919923150062,0.00129936925597759,0.0032));
#10835=CARTESIAN_POINT('',(-0.0204734940810086,0.00129936925597761,0.));
#10836=CARTESIAN_POINT('',(0.000483004068048784,0.0190868692641097,0.));
#10837=CARTESIAN_POINT('',(0.000483004068048784,0.0198368692641097,0.));
#10838=CARTESIAN_POINT('',(0.000483004068048784,0.0183368692641097,0.));
#10839=CARTESIAN_POINT('',(0.00120800406804878,0.0183368692641097,0.));
#10840=CARTESIAN_POINT('',(0.00193300406804878,0.0183368692641097,0.));
#10841=CARTESIAN_POINT('',(0.00193300406804878,0.0176618692641097,0.));
#10842=CARTESIAN_POINT('',(0.00193300406804878,0.0169868692641097,0.));
#10843=CARTESIAN_POINT('',(0.00258300406804878,0.0169868692641097,0.));
#10844=CARTESIAN_POINT('',(0.00323300406804878,0.0169868692641097,0.));
#10845=CARTESIAN_POINT('',(0.00323300406804878,0.0176618692641097,0.));
#10846=CARTESIAN_POINT('',(0.00323300406804878,0.0183368692641097,0.));
#10847=CARTESIAN_POINT('',(0.00395800406804878,0.0183368692641097,0.));
#10848=CARTESIAN_POINT('',(0.00468300406804879,0.0183368692641097,0.));
#10849=CARTESIAN_POINT('',(0.00468300406804879,0.0190868692641097,0.));
#10850=CARTESIAN_POINT('',(0.00468300406804879,0.0198368692641097,0.));
#10851=CARTESIAN_POINT('',(0.00395800406804878,0.0198368692641097,0.));
#10852=CARTESIAN_POINT('',(0.00323300406804878,0.0198368692641097,0.));
#10853=CARTESIAN_POINT('',(0.00323300406804878,0.0205118692641097,0.));
#10854=CARTESIAN_POINT('',(0.00323300406804878,0.0211868692641097,0.));
#10855=CARTESIAN_POINT('',(0.00258300406804879,0.0211868692641097,0.));
#10856=CARTESIAN_POINT('',(0.00193300406804881,0.0211868692641097,0.));
#10857=CARTESIAN_POINT('',(0.00193300406804881,0.0205118692641097,0.));
#10858=CARTESIAN_POINT('',(0.00193300406804881,0.0198368692641097,0.));
#10859=CARTESIAN_POINT('',(0.0012080040680488,0.0198368692641097,0.));
#10860=CARTESIAN_POINT('',(0.000483004068048784,0.0190868692641097,0.0032));
#10861=CARTESIAN_POINT('',(0.000483004068048784,0.0198368692641097,0.0032));
#10862=CARTESIAN_POINT('',(0.000483004068048784,0.0198368692641097,0.0032));
#10863=CARTESIAN_POINT('',(0.000483004068048784,0.0190868692641097,0.0032));
#10864=CARTESIAN_POINT('',(0.000483004068048784,0.0183368692641097,0.0032));
#10865=CARTESIAN_POINT('',(0.000483004068048784,0.0183368692641097,0.0032));
#10866=CARTESIAN_POINT('',(0.00120800406804878,0.0183368692641097,0.0032));
#10867=CARTESIAN_POINT('',(0.00120800406804878,0.0183368692641097,0.0032));
#10868=CARTESIAN_POINT('',(0.00193300406804878,0.0183368692641097,0.0032));
#10869=CARTESIAN_POINT('',(0.00193300406804878,0.0183368692641097,0.0032));
#10870=CARTESIAN_POINT('',(0.00193300406804878,0.0176618692641097,0.0032));
#10871=CARTESIAN_POINT('',(0.00193300406804878,0.0176618692641097,0.0032));
#10872=CARTESIAN_POINT('',(0.00193300406804878,0.0169868692641097,0.0032));
#10873=CARTESIAN_POINT('',(0.00193300406804878,0.0169868692641097,0.0032));
#10874=CARTESIAN_POINT('',(0.00258300406804878,0.0169868692641097,0.0032));
#10875=CARTESIAN_POINT('',(0.00258300406804878,0.0169868692641097,0.0032));
#10876=CARTESIAN_POINT('',(0.00323300406804878,0.0169868692641097,0.0032));
#10877=CARTESIAN_POINT('',(0.00323300406804878,0.0169868692641097,0.0032));
#10878=CARTESIAN_POINT('',(0.00323300406804878,0.0176618692641097,0.0032));
#10879=CARTESIAN_POINT('',(0.00323300406804878,0.0176618692641097,0.0032));
#10880=CARTESIAN_POINT('',(0.00323300406804878,0.0183368692641097,0.0032));
#10881=CARTESIAN_POINT('',(0.00323300406804878,0.0183368692641097,0.0032));
#10882=CARTESIAN_POINT('',(0.00395800406804878,0.0183368692641097,0.0032));
#10883=CARTESIAN_POINT('',(0.00395800406804878,0.0183368692641097,0.0032));
#10884=CARTESIAN_POINT('',(0.00468300406804879,0.0183368692641097,0.0032));
#10885=CARTESIAN_POINT('',(0.00468300406804879,0.0183368692641097,0.0032));
#10886=CARTESIAN_POINT('',(0.00468300406804879,0.0190868692641097,0.0032));
#10887=CARTESIAN_POINT('',(0.00468300406804879,0.0190868692641097,0.0032));
#10888=CARTESIAN_POINT('',(0.00468300406804879,0.0198368692641097,0.0032));
#10889=CARTESIAN_POINT('',(0.00468300406804879,0.0198368692641097,0.0032));
#10890=CARTESIAN_POINT('',(0.00395800406804878,0.0198368692641097,0.0032));
#10891=CARTESIAN_POINT('',(0.00395800406804878,0.0198368692641097,0.0032));
#10892=CARTESIAN_POINT('',(0.00323300406804878,0.0198368692641097,0.0032));
#10893=CARTESIAN_POINT('',(0.00323300406804878,0.0198368692641097,0.0032));
#10894=CARTESIAN_POINT('',(0.00323300406804878,0.0205118692641097,0.0032));
#10895=CARTESIAN_POINT('',(0.00323300406804878,0.0205118692641097,0.0032));
#10896=CARTESIAN_POINT('',(0.00323300406804878,0.0211868692641097,0.0032));
#10897=CARTESIAN_POINT('',(0.00323300406804878,0.0211868692641097,0.0032));
#10898=CARTESIAN_POINT('',(0.00258300406804879,0.0211868692641097,0.0032));
#10899=CARTESIAN_POINT('',(0.00258300406804879,0.0211868692641097,0.0032));
#10900=CARTESIAN_POINT('',(0.00193300406804881,0.0211868692641097,0.0032));
#10901=CARTESIAN_POINT('',(0.00193300406804881,0.0211868692641097,0.0032));
#10902=CARTESIAN_POINT('',(0.00193300406804881,0.0205118692641097,0.0032));
#10903=CARTESIAN_POINT('',(0.00193300406804881,0.0205118692641097,0.0032));
#10904=CARTESIAN_POINT('',(0.00193300406804881,0.0198368692641097,0.0032));
#10905=CARTESIAN_POINT('',(0.00193300406804881,0.0198368692641097,0.0032));
#10906=CARTESIAN_POINT('',(0.0012080040680488,0.0198368692641097,0.0032));
#10907=CARTESIAN_POINT('',(0.0012080040680488,0.0198368692641097,0.0032));
#10908=CARTESIAN_POINT('',(-0.0250919923150062,0.00129936925597759,0.0032));
#10909=CARTESIAN_POINT('',(0.,0.,0.));
#10910=CARTESIAN_POINT('',(-0.0204734940810086,0.00129936925597761,0.));
#10911=CARTESIAN_POINT('',(-0.0194919923609837,-0.0159881307384659,0.));
#10912=CARTESIAN_POINT('',(-0.0194919923609838,-0.0169881307384658,0.));
#10913=CARTESIAN_POINT('',(-0.0184919923609837,-0.0159881307384659,0.));
#10914=CARTESIAN_POINT('',(-0.0184919923609838,-0.00948813074560578,0.));
#10915=CARTESIAN_POINT('',(-0.018491992360984,-0.00298813075274571,0.));
#10916=CARTESIAN_POINT('',(-0.019491992360984,-0.00298813075274573,0.));
#10917=CARTESIAN_POINT('',(-0.019491992360984,-0.00198813075274574,0.));
#10918=CARTESIAN_POINT('',(-0.0259919923538427,-0.00198813075274574,0.));
#10919=CARTESIAN_POINT('',(-0.0324919923467016,-0.00198813075274574,0.));
#10920=CARTESIAN_POINT('',(-0.0324919923467016,-0.00298813075274575,0.));
#10921=CARTESIAN_POINT('',(-0.0334919923467016,-0.00298813075274575,0.));
#10922=CARTESIAN_POINT('',(-0.0334919923467015,-0.00948813074560578,0.));
#10923=CARTESIAN_POINT('',(-0.0334919923467015,-0.0159881307384659,0.));
#10924=CARTESIAN_POINT('',(-0.0324919923467016,-0.0159881307384659,0.));
#10925=CARTESIAN_POINT('',(-0.0324919923467016,-0.0169881307384658,0.));
#10926=CARTESIAN_POINT('',(-0.0259919923538426,-0.0169881307384658,0.));
#10927=CARTESIAN_POINT('',(-0.0259919922372321,-0.0304881307424678,0.));
#10928=CARTESIAN_POINT('',(-0.0171919922443981,-0.0304881307424678,0.));
#10929=CARTESIAN_POINT('',(-0.034791992230066,-0.0304881307424678,0.));
#10930=CARTESIAN_POINT('',(-0.034791992230066,-0.0299881307424678,0.));
#10931=CARTESIAN_POINT('',(-0.035291992230066,-0.0299881307424678,0.));
#10932=CARTESIAN_POINT('',(-0.035291992230066,0.00282782753001037,0.));
#10933=CARTESIAN_POINT('',(-0.035291992230066,0.00418686925442295,0.));
#10934=CARTESIAN_POINT('',(-0.034791992230066,0.00418686925442295,0.));
#10935=CARTESIAN_POINT('',(-0.034791992230066,0.00468686925442295,0.));
#10936=CARTESIAN_POINT('',(-0.0202794934830056,0.00468686925442295,0.));
#10937=CARTESIAN_POINT('',(-0.0171919922443981,0.00468686925442295,0.));
#10938=CARTESIAN_POINT('',(-0.0171919922443981,0.00418686925442294,0.));
#10939=CARTESIAN_POINT('',(-0.0166919922443981,0.00418686925442295,0.));
#10940=CARTESIAN_POINT('',(-0.0166919922443981,-0.0129006307440224,0.));
#10941=CARTESIAN_POINT('',(-0.0166919922443981,-0.0299881307424678,0.));
#10942=CARTESIAN_POINT('',(-0.0171919922443981,-0.0299881307424678,0.));
#10943=CARTESIAN_POINT('',(-0.0259919922372321,-0.0304881307424678,0.0057));
#10944=CARTESIAN_POINT('',(-0.0171919922443981,-0.0304881307424678,0.0057));
#10945=CARTESIAN_POINT('',(-0.0171919922443981,-0.0304881307424678,0.0057));
#10946=CARTESIAN_POINT('',(-0.0259919922372321,-0.0304881307424678,0.0057));
#10947=CARTESIAN_POINT('',(-0.034791992230066,-0.0304881307424678,0.0057));
#10948=CARTESIAN_POINT('',(-0.034791992230066,-0.0304881307424678,0.0057));
#10949=CARTESIAN_POINT('',(-0.0171919922443981,-0.0299881307424678,0.0057));
#10950=CARTESIAN_POINT('',(-0.0166919922443981,-0.0299881307424678,0.0057));
#10951=CARTESIAN_POINT('',(-0.0166919922443981,-0.0299881307424678,0.0057));
#10952=CARTESIAN_POINT('',(-0.0171919922443981,-0.0299881307424678,0.0057));
#10953=CARTESIAN_POINT('',(-0.0166919922443981,-0.0129006307440224,0.0057));
#10954=CARTESIAN_POINT('',(-0.0166919922443981,0.00418686925442295,0.0057));
#10955=CARTESIAN_POINT('',(-0.0166919922443981,0.00418686925442295,0.0057));
#10956=CARTESIAN_POINT('',(-0.0166919922443981,-0.0129006307440224,0.0057));
#10957=CARTESIAN_POINT('',(-0.0171919922443981,0.00418686925442294,0.0057));
#10958=CARTESIAN_POINT('',(-0.0171919922443981,0.00468686925442295,0.0057));
#10959=CARTESIAN_POINT('',(-0.0171919922443981,0.00468686925442295,0.0057));
#10960=CARTESIAN_POINT('',(-0.0171919922443981,0.00418686925442294,0.0057));
#10961=CARTESIAN_POINT('',(-0.0202794934830056,0.00468686925442295,0.0057));
#10962=CARTESIAN_POINT('',(-0.034791992230066,0.00468686925442295,0.0057));
#10963=CARTESIAN_POINT('',(-0.034791992230066,0.00468686925442295,0.0057));
#10964=CARTESIAN_POINT('',(-0.0202794934830056,0.00468686925442295,0.0057));
#10965=CARTESIAN_POINT('',(-0.034791992230066,0.00418686925442295,0.0057));
#10966=CARTESIAN_POINT('',(-0.035291992230066,0.00418686925442295,0.0057));
#10967=CARTESIAN_POINT('',(-0.035291992230066,0.00418686925442295,0.0057));
#10968=CARTESIAN_POINT('',(-0.034791992230066,0.00418686925442295,0.0057));
#10969=CARTESIAN_POINT('',(-0.035291992230066,0.00282782753001037,0.0057));
#10970=CARTESIAN_POINT('',(-0.035291992230066,-0.0299881307424678,0.0057));
#10971=CARTESIAN_POINT('',(-0.035291992230066,-0.0299881307424678,0.0057));
#10972=CARTESIAN_POINT('',(-0.035291992230066,0.00282782753001037,0.0057));
#10973=CARTESIAN_POINT('',(-0.034791992230066,-0.0299881307424678,0.0057));
#10974=CARTESIAN_POINT('',(-0.034791992230066,-0.0299881307424678,0.0057));
#10975=CARTESIAN_POINT('',(-0.0204734940810086,0.00129936925597761,0.0057));
#10976=CARTESIAN_POINT('',(-0.0184919923609838,-0.00948813074560578,0.0032));
#10977=CARTESIAN_POINT('',(-0.0184919923609837,-0.0159881307384658,0.0032));
#10978=CARTESIAN_POINT('',(-0.0184919923609837,-0.0159881307384658,0.0032));
#10979=CARTESIAN_POINT('',(-0.0184919923609838,-0.00948813074560578,0.0032));
#10980=CARTESIAN_POINT('',(-0.018491992360984,-0.00298813075274571,0.0032));
#10981=CARTESIAN_POINT('',(-0.018491992360984,-0.00298813075274571,0.0032));
#10982=CARTESIAN_POINT('',(-0.019491992360984,-0.00298813075274573,0.0032));
#10983=CARTESIAN_POINT('',(-0.019491992360984,-0.00298813075274573,0.0032));
#10984=CARTESIAN_POINT('',(-0.019491992360984,-0.00198813075274574,0.0032));
#10985=CARTESIAN_POINT('',(-0.019491992360984,-0.00198813075274574,0.0032));
#10986=CARTESIAN_POINT('',(-0.0259919923538427,-0.00198813075274574,0.0032));
#10987=CARTESIAN_POINT('',(-0.0259919923538427,-0.00198813075274574,0.0032));
#10988=CARTESIAN_POINT('',(-0.0324919923467016,-0.00198813075274574,0.0032));
#10989=CARTESIAN_POINT('',(-0.0324919923467016,-0.00198813075274574,0.0032));
#10990=CARTESIAN_POINT('',(-0.0324919923467016,-0.00298813075274575,0.0032));
#10991=CARTESIAN_POINT('',(-0.0324919923467016,-0.00298813075274575,0.0032));
#10992=CARTESIAN_POINT('',(-0.0334919923467016,-0.00298813075274575,0.0032));
#10993=CARTESIAN_POINT('',(-0.0334919923467016,-0.00298813075274575,0.0032));
#10994=CARTESIAN_POINT('',(-0.0334919923467015,-0.00948813074560578,0.0032));
#10995=CARTESIAN_POINT('',(-0.0334919923467015,-0.00948813074560578,0.0032));
#10996=CARTESIAN_POINT('',(-0.0334919923467015,-0.0159881307384659,0.0032));
#10997=CARTESIAN_POINT('',(-0.0334919923467015,-0.0159881307384659,0.0032));
#10998=CARTESIAN_POINT('',(-0.0324919923467016,-0.0159881307384659,0.0032));
#10999=CARTESIAN_POINT('',(-0.0324919923467016,-0.0159881307384659,0.0032));
#11000=CARTESIAN_POINT('',(-0.0324919923467016,-0.0169881307384658,0.0032));
#11001=CARTESIAN_POINT('',(-0.0324919923467016,-0.0169881307384658,0.0032));
#11002=CARTESIAN_POINT('',(-0.0259919923538426,-0.0169881307384658,0.0032));
#11003=CARTESIAN_POINT('',(-0.0259919923538426,-0.0169881307384658,0.0032));
#11004=CARTESIAN_POINT('',(-0.0194919923609838,-0.0169881307384658,0.0032));
#11005=CARTESIAN_POINT('',(-0.0194919923609838,-0.0169881307384658,0.0032));
#11006=CARTESIAN_POINT('',(-0.0194919923609837,-0.0159881307384659,0.0032));
#11007=CARTESIAN_POINT('',(-0.0194919923609837,-0.0159881307384659,0.0032));
#11008=CARTESIAN_POINT('',(-0.0259919923538428,-0.00948813074560668,0.0032));
#11009=CARTESIAN_POINT('',(-0.0259919923538428,-0.00948813074560668,0.0032));
#11010=CARTESIAN_POINT('',(-0.0229919923538428,-0.00948813074560668,0.0032));
#11011=CARTESIAN_POINT('',(-0.0259919923538428,-0.00948813074560668,0.));
#11012=CARTESIAN_POINT('',(-0.0229919923538428,-0.00948813074560668,0.));
#11013=CARTESIAN_POINT('',(-0.0250919923150062,0.00129936925597759,0.0032));
#11014=CARTESIAN_POINT('',(-0.0204734940810086,0.00129936925597761,0.));
#11015=CARTESIAN_POINT('',(-0.0246169923538428,-0.00873813074560668,0.));
#11016=CARTESIAN_POINT('',(-0.0238919923538428,-0.00873813074560668,0.));
#11017=CARTESIAN_POINT('',(-0.0253419923538428,-0.00873813074560668,0.));
#11018=CARTESIAN_POINT('',(-0.0253419923538428,-0.00806313074560668,0.));
#11019=CARTESIAN_POINT('',(-0.0253419923538428,-0.00738813074560668,0.));
#11020=CARTESIAN_POINT('',(-0.0259919923538428,-0.00738813074560668,0.));
#11021=CARTESIAN_POINT('',(-0.0266419923538427,-0.00738813074560668,0.));
#11022=CARTESIAN_POINT('',(-0.0266419923538427,-0.00806313074560668,0.));
#11023=CARTESIAN_POINT('',(-0.0266419923538427,-0.00873813074560668,0.));
#11024=CARTESIAN_POINT('',(-0.0273669923538427,-0.00873813074560668,0.));
#11025=CARTESIAN_POINT('',(-0.0280919923538427,-0.00873813074560668,0.));
#11026=CARTESIAN_POINT('',(-0.0280919923538427,-0.00948813074560668,0.));
#11027=CARTESIAN_POINT('',(-0.0280919923538427,-0.0102381307456067,0.));
#11028=CARTESIAN_POINT('',(-0.0273669923538427,-0.0102381307456067,0.));
#11029=CARTESIAN_POINT('',(-0.0266419923538427,-0.0102381307456067,0.));
#11030=CARTESIAN_POINT('',(-0.0266419923538427,-0.0109131307456067,0.));
#11031=CARTESIAN_POINT('',(-0.0266419923538428,-0.0115881307456067,0.));
#11032=CARTESIAN_POINT('',(-0.0259919923538428,-0.0115881307456067,0.));
#11033=CARTESIAN_POINT('',(-0.0253419923538428,-0.0115881307456067,0.));
#11034=CARTESIAN_POINT('',(-0.0253419923538428,-0.0109131307456067,0.));
#11035=CARTESIAN_POINT('',(-0.0253419923538428,-0.0102381307456067,0.));
#11036=CARTESIAN_POINT('',(-0.0246169923538428,-0.0102381307456067,0.));
#11037=CARTESIAN_POINT('',(-0.0238919923538428,-0.0102381307456067,0.));
#11038=CARTESIAN_POINT('',(-0.0238919923538428,-0.00948813074560668,0.));
#11039=CARTESIAN_POINT('',(-0.0246169923538428,-0.00873813074560668,0.0032));
#11040=CARTESIAN_POINT('',(-0.0238919923538428,-0.00873813074560668,0.0032));
#11041=CARTESIAN_POINT('',(-0.0238919923538428,-0.00873813074560668,0.0032));
#11042=CARTESIAN_POINT('',(-0.0246169923538428,-0.00873813074560668,0.0032));
#11043=CARTESIAN_POINT('',(-0.0253419923538428,-0.00873813074560668,0.0032));
#11044=CARTESIAN_POINT('',(-0.0253419923538428,-0.00873813074560668,0.0032));
#11045=CARTESIAN_POINT('',(-0.0253419923538428,-0.00806313074560668,0.0032));
#11046=CARTESIAN_POINT('',(-0.0253419923538428,-0.00806313074560668,0.0032));
#11047=CARTESIAN_POINT('',(-0.0253419923538428,-0.00738813074560668,0.0032));
#11048=CARTESIAN_POINT('',(-0.0253419923538428,-0.00738813074560668,0.0032));
#11049=CARTESIAN_POINT('',(-0.0259919923538428,-0.00738813074560668,0.0032));
#11050=CARTESIAN_POINT('',(-0.0259919923538428,-0.00738813074560668,0.0032));
#11051=CARTESIAN_POINT('',(-0.0266419923538427,-0.00738813074560668,0.0032));
#11052=CARTESIAN_POINT('',(-0.0266419923538427,-0.00738813074560668,0.0032));
#11053=CARTESIAN_POINT('',(-0.0266419923538427,-0.00806313074560668,0.0032));
#11054=CARTESIAN_POINT('',(-0.0266419923538427,-0.00806313074560668,0.0032));
#11055=CARTESIAN_POINT('',(-0.0266419923538427,-0.00873813074560668,0.0032));
#11056=CARTESIAN_POINT('',(-0.0266419923538427,-0.00873813074560668,0.0032));
#11057=CARTESIAN_POINT('',(-0.0273669923538427,-0.00873813074560668,0.0032));
#11058=CARTESIAN_POINT('',(-0.0273669923538427,-0.00873813074560668,0.0032));
#11059=CARTESIAN_POINT('',(-0.0280919923538427,-0.00873813074560668,0.0032));
#11060=CARTESIAN_POINT('',(-0.0280919923538427,-0.00873813074560668,0.0032));
#11061=CARTESIAN_POINT('',(-0.0280919923538427,-0.00948813074560668,0.0032));
#11062=CARTESIAN_POINT('',(-0.0280919923538427,-0.00948813074560668,0.0032));
#11063=CARTESIAN_POINT('',(-0.0280919923538427,-0.0102381307456067,0.0032));
#11064=CARTESIAN_POINT('',(-0.0280919923538427,-0.0102381307456067,0.0032));
#11065=CARTESIAN_POINT('',(-0.0273669923538427,-0.0102381307456067,0.0032));
#11066=CARTESIAN_POINT('',(-0.0273669923538427,-0.0102381307456067,0.0032));
#11067=CARTESIAN_POINT('',(-0.0266419923538427,-0.0102381307456067,0.0032));
#11068=CARTESIAN_POINT('',(-0.0266419923538427,-0.0102381307456067,0.0032));
#11069=CARTESIAN_POINT('',(-0.0266419923538427,-0.0109131307456067,0.0032));
#11070=CARTESIAN_POINT('',(-0.0266419923538427,-0.0109131307456067,0.0032));
#11071=CARTESIAN_POINT('',(-0.0266419923538428,-0.0115881307456067,0.0032));
#11072=CARTESIAN_POINT('',(-0.0266419923538428,-0.0115881307456067,0.0032));
#11073=CARTESIAN_POINT('',(-0.0259919923538428,-0.0115881307456067,0.0032));
#11074=CARTESIAN_POINT('',(-0.0259919923538428,-0.0115881307456067,0.0032));
#11075=CARTESIAN_POINT('',(-0.0253419923538428,-0.0115881307456067,0.0032));
#11076=CARTESIAN_POINT('',(-0.0253419923538428,-0.0115881307456067,0.0032));
#11077=CARTESIAN_POINT('',(-0.0253419923538428,-0.0109131307456067,0.0032));
#11078=CARTESIAN_POINT('',(-0.0253419923538428,-0.0109131307456067,0.0032));
#11079=CARTESIAN_POINT('',(-0.0253419923538428,-0.0102381307456067,0.0032));
#11080=CARTESIAN_POINT('',(-0.0253419923538428,-0.0102381307456067,0.0032));
#11081=CARTESIAN_POINT('',(-0.0246169923538428,-0.0102381307456067,0.0032));
#11082=CARTESIAN_POINT('',(-0.0246169923538428,-0.0102381307456067,0.0032));
#11083=CARTESIAN_POINT('',(-0.0238919923538428,-0.0102381307456067,0.0032));
#11084=CARTESIAN_POINT('',(-0.0238919923538428,-0.0102381307456067,0.0032));
#11085=CARTESIAN_POINT('',(-0.0238919923538428,-0.00948813074560668,0.0032));
#11086=CARTESIAN_POINT('',(-0.0238919923538428,-0.00948813074560668,0.0032));
#11087=CARTESIAN_POINT('',(-0.0250919923150062,0.00129936925597759,0.0032));
#11088=CARTESIAN_POINT('',(0.,0.,0.));
#11089=CARTESIAN_POINT('',(-0.0666169947358922,0.019086869254422,0.0077));
#11090=CARTESIAN_POINT('',(-0.0666169959390924,0.019086869264109,0.0032));
#11091=CARTESIAN_POINT('',(-0.0666169959391009,0.0120868692712491,0.0032));
#11092=CARTESIAN_POINT('',(-0.0666169959390839,0.0260868692569689,0.0032));
#11093=CARTESIAN_POINT('',(-0.0666169959390839,0.0260868692569689,0.0032));
#11094=CARTESIAN_POINT('',(-0.0666169959390839,0.0260868692569689,0.));
#11095=CARTESIAN_POINT('',(-0.0666169947358922,0.019086869254422,0.));
#11096=CARTESIAN_POINT('',(-0.0666169947358922,0.0325868692544211,0.));
#11097=CARTESIAN_POINT('',(-0.0666169947358922,0.0325868692544211,0.0077));
#11098=CARTESIAN_POINT('',(-0.0666169947358922,0.0325868692544211,0.0077));
#11099=CARTESIAN_POINT('',(-0.0666169947358922,0.019086869254422,0.0077));
#11100=CARTESIAN_POINT('',(-0.0666169947358922,0.00558686925442297,0.0077));
#11101=CARTESIAN_POINT('',(-0.0666169947358922,0.00558686925442297,0.0077));
#11102=CARTESIAN_POINT('',(-0.0666169947358922,0.00558686925442297,0.));
#11103=CARTESIAN_POINT('',(-0.0666169947358922,0.019086869254422,0.));
#11104=CARTESIAN_POINT('',(-0.0666169959391009,0.0120868692712491,0.));
#11105=CARTESIAN_POINT('',(-0.0666169959391009,0.0120868692712491,0.0032));
#11106=CARTESIAN_POINT('',(-0.080616994721613,0.019086869254422,0.0077));
#11107=CARTESIAN_POINT('',(-0.0806169959248099,0.0190868692641089,0.0032));
#11108=CARTESIAN_POINT('',(-0.080616994721613,0.0120868692712487,0.0032));
#11109=CARTESIAN_POINT('',(-0.0806169959248099,0.0260868692569692,0.0032));
#11110=CARTESIAN_POINT('',(-0.08061699592481,0.0120868692712487,0.0032));
#11111=CARTESIAN_POINT('',(-0.08061699592481,0.0120868692712487,0.));
#11112=CARTESIAN_POINT('',(-0.080616994721613,0.019086869254422,0.));
#11113=CARTESIAN_POINT('',(-0.080616994721613,0.00558686925442297,0.));
#11114=CARTESIAN_POINT('',(-0.080616994721613,0.00558686925442297,0.0077));
#11115=CARTESIAN_POINT('',(-0.080616994721613,0.00558686925442297,0.0077));
#11116=CARTESIAN_POINT('',(-0.080616994721613,0.019086869254422,0.0077));
#11117=CARTESIAN_POINT('',(-0.080616994721613,0.0325868692544211,0.0077));
#11118=CARTESIAN_POINT('',(-0.080616994721613,0.0325868692544211,0.0077));
#11119=CARTESIAN_POINT('',(-0.080616994721613,0.0325868692544211,0.));
#11120=CARTESIAN_POINT('',(-0.080616994721613,0.019086869254422,0.));
#11121=CARTESIAN_POINT('',(-0.0806169959248099,0.0260868692569692,0.));
#11122=CARTESIAN_POINT('',(-0.0806169959248099,0.0260868692569692,0.0032));
#11123=CARTESIAN_POINT('',(-0.0204734940810086,0.00129936925597761,0.));
#11124=CARTESIAN_POINT('',(-0.0736169959319469,0.026086869256969,0.));
#11125=CARTESIAN_POINT('',(-0.080116994721613,0.0325868692544211,0.));
#11126=CARTESIAN_POINT('',(-0.080116994721613,0.0330868692544211,0.));
#11127=CARTESIAN_POINT('',(-0.0736169947287527,0.0330868692544211,0.));
#11128=CARTESIAN_POINT('',(-0.0671169947358923,0.0330868692544211,0.));
#11129=CARTESIAN_POINT('',(-0.0671169947358923,0.0325868692544211,0.));
#11130=CARTESIAN_POINT('',(-0.0204734940810086,0.00129936925597761,0.));
#11131=CARTESIAN_POINT('',(-0.0736169959319555,0.0120868692712489,0.));
#11132=CARTESIAN_POINT('',(-0.0671169947358922,0.00558686925442299,0.));
#11133=CARTESIAN_POINT('',(-0.0671169947358922,0.00508686925442295,0.));
#11134=CARTESIAN_POINT('',(-0.0736169947287526,0.00508686925442295,0.));
#11135=CARTESIAN_POINT('',(-0.080116994721613,0.00508686925442295,0.));
#11136=CARTESIAN_POINT('',(-0.080116994721613,0.00558686925442299,0.));
#11137=CARTESIAN_POINT('',(-0.0671169947358923,0.0325868692544211,0.0077));
#11138=CARTESIAN_POINT('',(-0.0671169947358923,0.0330868692544211,0.0077));
#11139=CARTESIAN_POINT('',(-0.0671169947358923,0.0330868692544211,0.0077));
#11140=CARTESIAN_POINT('',(-0.0671169947358923,0.0325868692544211,0.0077));
#11141=CARTESIAN_POINT('',(-0.0736169947287527,0.0330868692544211,0.0077));
#11142=CARTESIAN_POINT('',(-0.080116994721613,0.0330868692544211,0.0077));
#11143=CARTESIAN_POINT('',(-0.080116994721613,0.0330868692544211,0.0077));
#11144=CARTESIAN_POINT('',(-0.0736169947287527,0.0330868692544211,0.0077));
#11145=CARTESIAN_POINT('',(-0.080116994721613,0.0325868692544211,0.0077));
#11146=CARTESIAN_POINT('',(-0.080116994721613,0.0325868692544211,0.0077));
#11147=CARTESIAN_POINT('',(-0.080116994721613,0.00558686925442299,0.0077));
#11148=CARTESIAN_POINT('',(-0.080116994721613,0.00508686925442295,0.0077));
#11149=CARTESIAN_POINT('',(-0.080116994721613,0.00508686925442295,0.0077));
#11150=CARTESIAN_POINT('',(-0.080116994721613,0.00558686925442299,0.0077));
#11151=CARTESIAN_POINT('',(-0.0736169947287526,0.00508686925442295,0.0077));
#11152=CARTESIAN_POINT('',(-0.0671169947358922,0.00508686925442295,0.0077));
#11153=CARTESIAN_POINT('',(-0.0671169947358922,0.00508686925442295,0.0077));
#11154=CARTESIAN_POINT('',(-0.0736169947287526,0.00508686925442295,0.0077));
#11155=CARTESIAN_POINT('',(-0.0671169947358922,0.00558686925442299,0.0077));
#11156=CARTESIAN_POINT('',(-0.0671169947358922,0.00558686925442299,0.0077));
#11157=CARTESIAN_POINT('',(-0.0204734940810086,0.00129936925597761,0.0077));
#11158=CARTESIAN_POINT('',(-0.0736169959319469,0.026086869256969,0.0032));
#11159=CARTESIAN_POINT('',(-0.0736169959319469,0.026086869256969,0.0032));
#11160=CARTESIAN_POINT('',(-0.0736169959319555,0.0120868692712489,0.0032));
#11161=CARTESIAN_POINT('',(-0.0736169959319555,0.0120868692712489,0.0032));
#11162=CARTESIAN_POINT('',(-0.0736169959319512,0.0190868692641097,0.0032));
#11163=CARTESIAN_POINT('',(-0.0736169959319512,0.0190868692641097,0.0032));
#11164=CARTESIAN_POINT('',(-0.0706169959319512,0.0190868692641097,0.0032));
#11165=CARTESIAN_POINT('',(-0.0736169959319512,0.0190868692641097,0.));
#11166=CARTESIAN_POINT('',(-0.0706169959319512,0.0190868692641097,0.));
#11167=CARTESIAN_POINT('',(-0.0250919923150062,0.00129936925597759,0.0032));
#11168=CARTESIAN_POINT('',(-0.0204734940810086,0.00129936925597761,0.));
#11169=CARTESIAN_POINT('',(-0.0757169959319512,0.0190868692641097,0.));
#11170=CARTESIAN_POINT('',(-0.0757169959319512,0.0198368692641097,0.));
#11171=CARTESIAN_POINT('',(-0.0757169959319512,0.0183368692641097,0.));
#11172=CARTESIAN_POINT('',(-0.0749919959319512,0.0183368692641097,0.));
#11173=CARTESIAN_POINT('',(-0.0742669959319512,0.0183368692641097,0.));
#11174=CARTESIAN_POINT('',(-0.0742669959319512,0.0176618692641097,0.));
#11175=CARTESIAN_POINT('',(-0.0742669959319512,0.0169868692641097,0.));
#11176=CARTESIAN_POINT('',(-0.0736169959319512,0.0169868692641097,0.));
#11177=CARTESIAN_POINT('',(-0.0729669959319512,0.0169868692641097,0.));
#11178=CARTESIAN_POINT('',(-0.0729669959319512,0.0176618692641097,0.));
#11179=CARTESIAN_POINT('',(-0.0729669959319512,0.0183368692641097,0.));
#11180=CARTESIAN_POINT('',(-0.0722419959319512,0.0183368692641097,0.));
#11181=CARTESIAN_POINT('',(-0.0715169959319512,0.0183368692641097,0.));
#11182=CARTESIAN_POINT('',(-0.0715169959319512,0.0190868692641097,0.));
#11183=CARTESIAN_POINT('',(-0.0715169959319512,0.0198368692641097,0.));
#11184=CARTESIAN_POINT('',(-0.0722419959319512,0.0198368692641097,0.));
#11185=CARTESIAN_POINT('',(-0.0729669959319512,0.0198368692641097,0.));
#11186=CARTESIAN_POINT('',(-0.0729669959319512,0.0205118692641097,0.));
#11187=CARTESIAN_POINT('',(-0.0729669959319512,0.0211868692641097,0.));
#11188=CARTESIAN_POINT('',(-0.0736169959319512,0.0211868692641097,0.));
#11189=CARTESIAN_POINT('',(-0.0742669959319512,0.0211868692641097,0.));
#11190=CARTESIAN_POINT('',(-0.0742669959319512,0.0205118692641097,0.));
#11191=CARTESIAN_POINT('',(-0.0742669959319512,0.0198368692641097,0.));
#11192=CARTESIAN_POINT('',(-0.0749919959319512,0.0198368692641097,0.));
#11193=CARTESIAN_POINT('',(-0.0757169959319512,0.0190868692641097,0.0032));
#11194=CARTESIAN_POINT('',(-0.0757169959319512,0.0198368692641097,0.0032));
#11195=CARTESIAN_POINT('',(-0.0757169959319512,0.0198368692641097,0.0032));
#11196=CARTESIAN_POINT('',(-0.0757169959319512,0.0190868692641097,0.0032));
#11197=CARTESIAN_POINT('',(-0.0757169959319512,0.0183368692641097,0.0032));
#11198=CARTESIAN_POINT('',(-0.0757169959319512,0.0183368692641097,0.0032));
#11199=CARTESIAN_POINT('',(-0.0749919959319512,0.0183368692641097,0.0032));
#11200=CARTESIAN_POINT('',(-0.0749919959319512,0.0183368692641097,0.0032));
#11201=CARTESIAN_POINT('',(-0.0742669959319512,0.0183368692641097,0.0032));
#11202=CARTESIAN_POINT('',(-0.0742669959319512,0.0183368692641097,0.0032));
#11203=CARTESIAN_POINT('',(-0.0742669959319512,0.0176618692641097,0.0032));
#11204=CARTESIAN_POINT('',(-0.0742669959319512,0.0176618692641097,0.0032));
#11205=CARTESIAN_POINT('',(-0.0742669959319512,0.0169868692641097,0.0032));
#11206=CARTESIAN_POINT('',(-0.0742669959319512,0.0169868692641097,0.0032));
#11207=CARTESIAN_POINT('',(-0.0736169959319512,0.0169868692641097,0.0032));
#11208=CARTESIAN_POINT('',(-0.0736169959319512,0.0169868692641097,0.0032));
#11209=CARTESIAN_POINT('',(-0.0729669959319512,0.0169868692641097,0.0032));
#11210=CARTESIAN_POINT('',(-0.0729669959319512,0.0169868692641097,0.0032));
#11211=CARTESIAN_POINT('',(-0.0729669959319512,0.0176618692641097,0.0032));
#11212=CARTESIAN_POINT('',(-0.0729669959319512,0.0176618692641097,0.0032));
#11213=CARTESIAN_POINT('',(-0.0729669959319512,0.0183368692641097,0.0032));
#11214=CARTESIAN_POINT('',(-0.0729669959319512,0.0183368692641097,0.0032));
#11215=CARTESIAN_POINT('',(-0.0722419959319512,0.0183368692641097,0.0032));
#11216=CARTESIAN_POINT('',(-0.0722419959319512,0.0183368692641097,0.0032));
#11217=CARTESIAN_POINT('',(-0.0715169959319512,0.0183368692641097,0.0032));
#11218=CARTESIAN_POINT('',(-0.0715169959319512,0.0183368692641097,0.0032));
#11219=CARTESIAN_POINT('',(-0.0715169959319512,0.0190868692641097,0.0032));
#11220=CARTESIAN_POINT('',(-0.0715169959319512,0.0190868692641097,0.0032));
#11221=CARTESIAN_POINT('',(-0.0715169959319512,0.0198368692641097,0.0032));
#11222=CARTESIAN_POINT('',(-0.0715169959319512,0.0198368692641097,0.0032));
#11223=CARTESIAN_POINT('',(-0.0722419959319512,0.0198368692641097,0.0032));
#11224=CARTESIAN_POINT('',(-0.0722419959319512,0.0198368692641097,0.0032));
#11225=CARTESIAN_POINT('',(-0.0729669959319512,0.0198368692641097,0.0032));
#11226=CARTESIAN_POINT('',(-0.0729669959319512,0.0198368692641097,0.0032));
#11227=CARTESIAN_POINT('',(-0.0729669959319512,0.0205118692641097,0.0032));
#11228=CARTESIAN_POINT('',(-0.0729669959319512,0.0205118692641097,0.0032));
#11229=CARTESIAN_POINT('',(-0.0729669959319512,0.0211868692641097,0.0032));
#11230=CARTESIAN_POINT('',(-0.0729669959319512,0.0211868692641097,0.0032));
#11231=CARTESIAN_POINT('',(-0.0736169959319512,0.0211868692641097,0.0032));
#11232=CARTESIAN_POINT('',(-0.0736169959319512,0.0211868692641097,0.0032));
#11233=CARTESIAN_POINT('',(-0.0742669959319512,0.0211868692641097,0.0032));
#11234=CARTESIAN_POINT('',(-0.0742669959319512,0.0211868692641097,0.0032));
#11235=CARTESIAN_POINT('',(-0.0742669959319512,0.0205118692641097,0.0032));
#11236=CARTESIAN_POINT('',(-0.0742669959319512,0.0205118692641097,0.0032));
#11237=CARTESIAN_POINT('',(-0.0742669959319512,0.0198368692641097,0.0032));
#11238=CARTESIAN_POINT('',(-0.0742669959319512,0.0198368692641097,0.0032));
#11239=CARTESIAN_POINT('',(-0.0749919959319512,0.0198368692641097,0.0032));
#11240=CARTESIAN_POINT('',(-0.0749919959319512,0.0198368692641097,0.0032));
#11241=CARTESIAN_POINT('',(-0.0250919923150062,0.00129936925597759,0.0032));
#11242=CARTESIAN_POINT('',(0.,0.,0.));
#11243=CARTESIAN_POINT('',(0.0286330052641078,0.019086869254423,0.0077));
#11244=CARTESIAN_POINT('',(0.0286330040609076,0.019086869264109,0.0032));
#11245=CARTESIAN_POINT('',(0.0286330040608991,0.0120868692712491,0.0032));
#11246=CARTESIAN_POINT('',(0.0286330040609162,0.0260868692569689,0.0032));
#11247=CARTESIAN_POINT('',(0.0286330040609162,0.0260868692569689,0.0032));
#11248=CARTESIAN_POINT('',(0.0286330040609162,0.0260868692569689,0.));
#11249=CARTESIAN_POINT('',(0.0286330052641078,0.019086869254423,0.));
#11250=CARTESIAN_POINT('',(0.0286330052641078,0.032586869254423,0.));
#11251=CARTESIAN_POINT('',(0.0286330052641078,0.032586869254423,0.0077));
#11252=CARTESIAN_POINT('',(0.0286330052641078,0.032586869254423,0.0077));
#11253=CARTESIAN_POINT('',(0.0286330052641078,0.019086869254423,0.0077));
#11254=CARTESIAN_POINT('',(0.0286330052641078,0.00558686925442297,0.0077));
#11255=CARTESIAN_POINT('',(0.0286330052641078,0.00558686925442297,0.0077));
#11256=CARTESIAN_POINT('',(0.0286330052641078,0.00558686925442297,0.));
#11257=CARTESIAN_POINT('',(0.0286330052641078,0.019086869254423,0.));
#11258=CARTESIAN_POINT('',(0.0286330040608991,0.0120868692712491,0.));
#11259=CARTESIAN_POINT('',(0.0286330040608991,0.0120868692712491,0.0032));
#11260=CARTESIAN_POINT('',(0.0146330052783869,0.019086869254423,0.0077));
#11261=CARTESIAN_POINT('',(0.0146330040751901,0.0190868692641087,0.0032));
#11262=CARTESIAN_POINT('',(0.0146330052783869,0.0120868692712482,0.0032));
#11263=CARTESIAN_POINT('',(0.0146330040751901,0.0260868692569691,0.0032));
#11264=CARTESIAN_POINT('',(0.0146330040751901,0.0120868692712482,0.0032));
#11265=CARTESIAN_POINT('',(0.0146330040751901,0.0120868692712482,0.));
#11266=CARTESIAN_POINT('',(0.0146330052783869,0.019086869254423,0.));
#11267=CARTESIAN_POINT('',(0.0146330052783869,0.00558686925442297,0.));
#11268=CARTESIAN_POINT('',(0.0146330052783869,0.00558686925442297,0.0077));
#11269=CARTESIAN_POINT('',(0.0146330052783869,0.00558686925442297,0.0077));
#11270=CARTESIAN_POINT('',(0.0146330052783869,0.019086869254423,0.0077));
#11271=CARTESIAN_POINT('',(0.0146330052783869,0.032586869254423,0.0077));
#11272=CARTESIAN_POINT('',(0.0146330052783869,0.032586869254423,0.0077));
#11273=CARTESIAN_POINT('',(0.0146330052783869,0.032586869254423,0.));
#11274=CARTESIAN_POINT('',(0.0146330052783869,0.019086869254423,0.));
#11275=CARTESIAN_POINT('',(0.0146330040751901,0.0260868692569691,0.));
#11276=CARTESIAN_POINT('',(0.0146330040751901,0.0260868692569691,0.0032));
#11277=CARTESIAN_POINT('',(-0.0204734940810086,0.00129936925597761,0.));
#11278=CARTESIAN_POINT('',(0.0216330040680532,0.026086869256969,0.));
#11279=CARTESIAN_POINT('',(0.0151330052783869,0.032586869254423,0.));
#11280=CARTESIAN_POINT('',(0.015133005278387,0.033086869254423,0.));
#11281=CARTESIAN_POINT('',(0.0216330052712474,0.0330868692544211,0.));
#11282=CARTESIAN_POINT('',(0.0281330052641078,0.0330868692544211,0.));
#11283=CARTESIAN_POINT('',(0.0281330052641078,0.032586869254423,0.));
#11284=CARTESIAN_POINT('',(-0.0204734940810086,0.00129936925597761,0.));
#11285=CARTESIAN_POINT('',(0.0216330040680446,0.0120868692712489,0.));
#11286=CARTESIAN_POINT('',(0.0281330052641078,0.00558686925442296,0.));
#11287=CARTESIAN_POINT('',(0.0281330052641078,0.00508686925442295,0.));
#11288=CARTESIAN_POINT('',(0.0216330052712474,0.00508686925442295,0.));
#11289=CARTESIAN_POINT('',(0.015133005278387,0.00508686925442295,0.));
#11290=CARTESIAN_POINT('',(0.015133005278387,0.00558686925442297,0.));
#11291=CARTESIAN_POINT('',(0.0281330052641078,0.032586869254423,0.0077));
#11292=CARTESIAN_POINT('',(0.0281330052641078,0.0330868692544211,0.0077));
#11293=CARTESIAN_POINT('',(0.0281330052641078,0.0330868692544211,0.0077));
#11294=CARTESIAN_POINT('',(0.0281330052641078,0.032586869254423,0.0077));
#11295=CARTESIAN_POINT('',(0.0216330052712474,0.0330868692544211,0.0077));
#11296=CARTESIAN_POINT('',(0.015133005278387,0.033086869254423,0.0077));
#11297=CARTESIAN_POINT('',(0.015133005278387,0.033086869254423,0.0077));
#11298=CARTESIAN_POINT('',(0.0216330052712474,0.0330868692544211,0.0077));
#11299=CARTESIAN_POINT('',(0.0151330052783869,0.032586869254423,0.0077));
#11300=CARTESIAN_POINT('',(0.0151330052783869,0.032586869254423,0.0077));
#11301=CARTESIAN_POINT('',(0.015133005278387,0.00558686925442297,0.0077));
#11302=CARTESIAN_POINT('',(0.015133005278387,0.00508686925442295,0.0077));
#11303=CARTESIAN_POINT('',(0.015133005278387,0.00508686925442295,0.0077));
#11304=CARTESIAN_POINT('',(0.015133005278387,0.00558686925442297,0.0077));
#11305=CARTESIAN_POINT('',(0.0216330052712474,0.00508686925442295,0.0077));
#11306=CARTESIAN_POINT('',(0.0281330052641078,0.00508686925442295,0.0077));
#11307=CARTESIAN_POINT('',(0.0281330052641078,0.00508686925442295,0.0077));
#11308=CARTESIAN_POINT('',(0.0216330052712474,0.00508686925442295,0.0077));
#11309=CARTESIAN_POINT('',(0.0281330052641078,0.00558686925442296,0.0077));
#11310=CARTESIAN_POINT('',(0.0281330052641078,0.00558686925442296,0.0077));
#11311=CARTESIAN_POINT('',(-0.0204734940810086,0.00129936925597761,0.0077));
#11312=CARTESIAN_POINT('',(0.0216330040680446,0.0120868692712489,0.0032));
#11313=CARTESIAN_POINT('',(0.0216330040680446,0.0120868692712489,0.0032));
#11314=CARTESIAN_POINT('',(0.0216330040680532,0.026086869256969,0.0032));
#11315=CARTESIAN_POINT('',(0.0216330040680532,0.026086869256969,0.0032));
#11316=CARTESIAN_POINT('',(0.0216330040680488,0.0190868692641097,0.0032));
#11317=CARTESIAN_POINT('',(0.0216330040680488,0.0190868692641097,0.0032));
#11318=CARTESIAN_POINT('',(0.0246330040680488,0.0190868692641097,0.0032));
#11319=CARTESIAN_POINT('',(0.0216330040680488,0.0190868692641097,0.));
#11320=CARTESIAN_POINT('',(0.0246330040680488,0.0190868692641097,0.));
#11321=CARTESIAN_POINT('',(-0.0250919923150062,0.00129936925597759,0.0032));
#11322=CARTESIAN_POINT('',(-0.0204734940810086,0.00129936925597761,0.));
#11323=CARTESIAN_POINT('',(0.0230080040680488,0.0198368692641097,0.));
#11324=CARTESIAN_POINT('',(0.0237330040680488,0.0198368692641097,0.));
#11325=CARTESIAN_POINT('',(0.0222830040680487,0.0198368692641097,0.));
#11326=CARTESIAN_POINT('',(0.0222830040680487,0.0205118692641097,0.));
#11327=CARTESIAN_POINT('',(0.0222830040680487,0.0211868692641097,0.));
#11328=CARTESIAN_POINT('',(0.0216330040680488,0.0211868692641097,0.));
#11329=CARTESIAN_POINT('',(0.0209830040680488,0.0211868692641097,0.));
#11330=CARTESIAN_POINT('',(0.0209830040680488,0.0205118692641097,0.));
#11331=CARTESIAN_POINT('',(0.0209830040680488,0.0198368692641097,0.));
#11332=CARTESIAN_POINT('',(0.0202580040680488,0.0198368692641097,0.));
#11333=CARTESIAN_POINT('',(0.0195330040680488,0.0198368692641097,0.));
#11334=CARTESIAN_POINT('',(0.0195330040680488,0.0190868692641097,0.));
#11335=CARTESIAN_POINT('',(0.0195330040680488,0.0183368692641097,0.));
#11336=CARTESIAN_POINT('',(0.0202580040680488,0.0183368692641097,0.));
#11337=CARTESIAN_POINT('',(0.0209830040680488,0.0183368692641097,0.));
#11338=CARTESIAN_POINT('',(0.0209830040680488,0.0176618692641097,0.));
#11339=CARTESIAN_POINT('',(0.0209830040680488,0.0169868692641097,0.));
#11340=CARTESIAN_POINT('',(0.0216330040680488,0.0169868692641097,0.));
#11341=CARTESIAN_POINT('',(0.0222830040680488,0.0169868692641097,0.));
#11342=CARTESIAN_POINT('',(0.0222830040680488,0.0176618692641097,0.));
#11343=CARTESIAN_POINT('',(0.0222830040680488,0.0183368692641097,0.));
#11344=CARTESIAN_POINT('',(0.0230080040680488,0.0183368692641097,0.));
#11345=CARTESIAN_POINT('',(0.0237330040680488,0.0183368692641097,0.));
#11346=CARTESIAN_POINT('',(0.0237330040680488,0.0190868692641097,0.));
#11347=CARTESIAN_POINT('',(0.0230080040680488,0.0198368692641097,0.0032));
#11348=CARTESIAN_POINT('',(0.0237330040680488,0.0198368692641097,0.0032));
#11349=CARTESIAN_POINT('',(0.0237330040680488,0.0198368692641097,0.0032));
#11350=CARTESIAN_POINT('',(0.0230080040680488,0.0198368692641097,0.0032));
#11351=CARTESIAN_POINT('',(0.0222830040680487,0.0198368692641097,0.0032));
#11352=CARTESIAN_POINT('',(0.0222830040680487,0.0198368692641097,0.0032));
#11353=CARTESIAN_POINT('',(0.0222830040680487,0.0205118692641097,0.0032));
#11354=CARTESIAN_POINT('',(0.0222830040680487,0.0205118692641097,0.0032));
#11355=CARTESIAN_POINT('',(0.0222830040680487,0.0211868692641097,0.0032));
#11356=CARTESIAN_POINT('',(0.0222830040680487,0.0211868692641097,0.0032));
#11357=CARTESIAN_POINT('',(0.0216330040680488,0.0211868692641097,0.0032));
#11358=CARTESIAN_POINT('',(0.0216330040680488,0.0211868692641097,0.0032));
#11359=CARTESIAN_POINT('',(0.0209830040680488,0.0211868692641097,0.0032));
#11360=CARTESIAN_POINT('',(0.0209830040680488,0.0211868692641097,0.0032));
#11361=CARTESIAN_POINT('',(0.0209830040680488,0.0205118692641097,0.0032));
#11362=CARTESIAN_POINT('',(0.0209830040680488,0.0205118692641097,0.0032));
#11363=CARTESIAN_POINT('',(0.0209830040680488,0.0198368692641097,0.0032));
#11364=CARTESIAN_POINT('',(0.0209830040680488,0.0198368692641097,0.0032));
#11365=CARTESIAN_POINT('',(0.0202580040680488,0.0198368692641097,0.0032));
#11366=CARTESIAN_POINT('',(0.0202580040680488,0.0198368692641097,0.0032));
#11367=CARTESIAN_POINT('',(0.0195330040680488,0.0198368692641097,0.0032));
#11368=CARTESIAN_POINT('',(0.0195330040680488,0.0198368692641097,0.0032));
#11369=CARTESIAN_POINT('',(0.0195330040680488,0.0190868692641097,0.0032));
#11370=CARTESIAN_POINT('',(0.0195330040680488,0.0190868692641097,0.0032));
#11371=CARTESIAN_POINT('',(0.0195330040680488,0.0183368692641097,0.0032));
#11372=CARTESIAN_POINT('',(0.0195330040680488,0.0183368692641097,0.0032));
#11373=CARTESIAN_POINT('',(0.0202580040680488,0.0183368692641097,0.0032));
#11374=CARTESIAN_POINT('',(0.0202580040680488,0.0183368692641097,0.0032));
#11375=CARTESIAN_POINT('',(0.0209830040680488,0.0183368692641097,0.0032));
#11376=CARTESIAN_POINT('',(0.0209830040680488,0.0183368692641097,0.0032));
#11377=CARTESIAN_POINT('',(0.0209830040680488,0.0176618692641097,0.0032));
#11378=CARTESIAN_POINT('',(0.0209830040680488,0.0176618692641097,0.0032));
#11379=CARTESIAN_POINT('',(0.0209830040680488,0.0169868692641097,0.0032));
#11380=CARTESIAN_POINT('',(0.0209830040680488,0.0169868692641097,0.0032));
#11381=CARTESIAN_POINT('',(0.0216330040680488,0.0169868692641097,0.0032));
#11382=CARTESIAN_POINT('',(0.0216330040680488,0.0169868692641097,0.0032));
#11383=CARTESIAN_POINT('',(0.0222830040680488,0.0169868692641097,0.0032));
#11384=CARTESIAN_POINT('',(0.0222830040680488,0.0169868692641097,0.0032));
#11385=CARTESIAN_POINT('',(0.0222830040680488,0.0176618692641097,0.0032));
#11386=CARTESIAN_POINT('',(0.0222830040680488,0.0176618692641097,0.0032));
#11387=CARTESIAN_POINT('',(0.0222830040680488,0.0183368692641097,0.0032));
#11388=CARTESIAN_POINT('',(0.0222830040680488,0.0183368692641097,0.0032));
#11389=CARTESIAN_POINT('',(0.0230080040680488,0.0183368692641097,0.0032));
#11390=CARTESIAN_POINT('',(0.0230080040680488,0.0183368692641097,0.0032));
#11391=CARTESIAN_POINT('',(0.0237330040680488,0.0183368692641097,0.0032));
#11392=CARTESIAN_POINT('',(0.0237330040680488,0.0183368692641097,0.0032));
#11393=CARTESIAN_POINT('',(0.0237330040680488,0.0190868692641097,0.0032));
#11394=CARTESIAN_POINT('',(0.0237330040680488,0.0190868692641097,0.0032));
#11395=CARTESIAN_POINT('',(-0.0250919923150062,0.00129936925597759,0.0032));
#11396=CARTESIAN_POINT('',(0.,0.,0.));
#11397=CARTESIAN_POINT('',(-0.0204734940810086,0.00129936925597761,0.));
#11398=CARTESIAN_POINT('',(0.0186080076390163,-0.0159881307384659,0.));
#11399=CARTESIAN_POINT('',(0.0186080076390162,-0.0169881307384658,0.));
#11400=CARTESIAN_POINT('',(0.0196080076390164,-0.0159881307384659,0.));
#11401=CARTESIAN_POINT('',(0.0196080076390162,-0.00948813074560578,0.));
#11402=CARTESIAN_POINT('',(0.019608007639016,-0.00298813075274571,0.));
#11403=CARTESIAN_POINT('',(0.018608007639016,-0.00298813075274573,0.));
#11404=CARTESIAN_POINT('',(0.018608007639016,-0.00198813075274574,0.));
#11405=CARTESIAN_POINT('',(0.0121080076461573,-0.00198813075274574,0.));
#11406=CARTESIAN_POINT('',(0.0056080076532985,-0.00198813075274574,0.));
#11407=CARTESIAN_POINT('',(0.00560800765329845,-0.00298813075274575,0.));
#11408=CARTESIAN_POINT('',(0.00460800765329844,-0.00298813075274575,0.));
#11409=CARTESIAN_POINT('',(0.00460800765329851,-0.00948813074560578,0.));
#11410=CARTESIAN_POINT('',(0.00460800765329851,-0.0159881307384659,0.));
#11411=CARTESIAN_POINT('',(0.00560800765329845,-0.0159881307384659,0.));
#11412=CARTESIAN_POINT('',(0.00560800765329845,-0.0169881307384658,0.));
#11413=CARTESIAN_POINT('',(0.0121080076461574,-0.0169881307384658,0.));
#11414=CARTESIAN_POINT('',(0.0104830028965702,0.032586869254423,0.));
#11415=CARTESIAN_POINT('',(0.00998300289657017,0.032586869254423,0.));
#11416=CARTESIAN_POINT('',(0.0104830028965702,0.033086869254423,0.));
#11417=CARTESIAN_POINT('',(0.0121080029037098,0.033086869254423,0.));
#11418=CARTESIAN_POINT('',(0.0137330029108494,0.033086869254423,0.));
#11419=CARTESIAN_POINT('',(0.0137330029108494,0.032586869254423,0.));
#11420=CARTESIAN_POINT('',(0.0142330029108494,0.032586869254423,0.));
#11421=CARTESIAN_POINT('',(0.0142330029108494,0.018886869254423,0.));
#11422=CARTESIAN_POINT('',(0.0142330029108494,0.00518686925442296,0.));
#11423=CARTESIAN_POINT('',(0.0147330029108494,0.00518686925442296,0.));
#11424=CARTESIAN_POINT('',(0.0147330029108494,0.00468686925442296,0.));
#11425=CARTESIAN_POINT('',(0.017820501667676,0.00468686925442296,0.));
#11426=CARTESIAN_POINT('',(0.0209080004245025,0.00468686925442296,0.));
#11427=CARTESIAN_POINT('',(0.0209080004245025,0.00418686925442296,0.));
#11428=CARTESIAN_POINT('',(0.0214080004245025,0.00418686925442296,0.));
#11429=CARTESIAN_POINT('',(0.0214080004245025,-0.0129006307420095,0.));
#11430=CARTESIAN_POINT('',(0.0214080004245025,-0.0299881307384419,0.));
#11431=CARTESIAN_POINT('',(0.0209080004245025,-0.0299881307384419,0.));
#11432=CARTESIAN_POINT('',(0.0209080004245025,-0.0304881307384419,0.));
#11433=CARTESIAN_POINT('',(0.0121080004316455,-0.0304881307384419,0.));
#11434=CARTESIAN_POINT('',(0.00330800043878846,-0.0304881307384419,0.));
#11435=CARTESIAN_POINT('',(0.00330800043878846,-0.0299881307384419,0.));
#11436=CARTESIAN_POINT('',(0.00280800043878846,-0.0299881307384419,0.));
#11437=CARTESIAN_POINT('',(0.00280800043878846,-0.0129006307420102,0.));
#11438=CARTESIAN_POINT('',(0.00280800043878846,0.00418686925442139,0.));
#11439=CARTESIAN_POINT('',(0.00330800043878846,0.00418686925442139,0.));
#11440=CARTESIAN_POINT('',(0.00330800043878846,0.00468686925442139,0.));
#11441=CARTESIAN_POINT('',(0.00639550166767931,0.00468686925442139,0.));
#11442=CARTESIAN_POINT('',(0.00948300289657017,0.00468686925442139,0.));
#11443=CARTESIAN_POINT('',(0.00948300289657017,0.00518686925442139,0.));
#11444=CARTESIAN_POINT('',(0.00998300289657017,0.00518686925442139,0.));
#11445=CARTESIAN_POINT('',(0.00998300289657017,0.0188868692544222,0.));
#11446=CARTESIAN_POINT('',(0.0104830028965702,0.032586869254423,0.0057));
#11447=CARTESIAN_POINT('',(0.00998300289657017,0.032586869254423,0.0057));
#11448=CARTESIAN_POINT('',(0.00998300289657017,0.032586869254423,0.0057));
#11449=CARTESIAN_POINT('',(0.0104830028965702,0.032586869254423,0.0057));
#11450=CARTESIAN_POINT('',(0.0104830028965702,0.033086869254423,0.0057));
#11451=CARTESIAN_POINT('',(0.0104830028965702,0.033086869254423,0.0057));
#11452=CARTESIAN_POINT('',(0.00998300289657017,0.0188868692544222,0.0057));
#11453=CARTESIAN_POINT('',(0.00998300289657017,0.00518686925442139,0.0057));
#11454=CARTESIAN_POINT('',(0.00998300289657017,0.00518686925442139,0.0057));
#11455=CARTESIAN_POINT('',(0.00998300289657017,0.0188868692544222,0.0057));
#11456=CARTESIAN_POINT('',(0.00948300289657017,0.00518686925442139,0.0057));
#11457=CARTESIAN_POINT('',(0.00948300289657017,0.00468686925442139,0.0057));
#11458=CARTESIAN_POINT('',(0.00948300289657017,0.00468686925442139,0.0057));
#11459=CARTESIAN_POINT('',(0.00948300289657017,0.00518686925442139,0.0057));
#11460=CARTESIAN_POINT('',(0.00639550166767931,0.00468686925442139,0.0057));
#11461=CARTESIAN_POINT('',(0.00330800043878846,0.00468686925442139,0.0057));
#11462=CARTESIAN_POINT('',(0.00330800043878846,0.00468686925442139,0.0057));
#11463=CARTESIAN_POINT('',(0.00639550166767931,0.00468686925442139,0.0057));
#11464=CARTESIAN_POINT('',(0.00330800043878846,0.00418686925442139,0.0057));
#11465=CARTESIAN_POINT('',(0.00280800043878846,0.00418686925442139,0.0057));
#11466=CARTESIAN_POINT('',(0.00280800043878846,0.00418686925442139,0.0057));
#11467=CARTESIAN_POINT('',(0.00330800043878846,0.00418686925442139,0.0057));
#11468=CARTESIAN_POINT('',(0.00280800043878846,-0.0129006307420102,0.0057));
#11469=CARTESIAN_POINT('',(0.00280800043878846,-0.0299881307384419,0.0057));
#11470=CARTESIAN_POINT('',(0.00280800043878846,-0.0299881307384419,0.0057));
#11471=CARTESIAN_POINT('',(0.00280800043878846,-0.0129006307420102,0.0057));
#11472=CARTESIAN_POINT('',(0.00330800043878846,-0.0299881307384419,0.0057));
#11473=CARTESIAN_POINT('',(0.00330800043878846,-0.0304881307384419,0.0057));
#11474=CARTESIAN_POINT('',(0.00330800043878846,-0.0304881307384419,0.0057));
#11475=CARTESIAN_POINT('',(0.00330800043878846,-0.0299881307384419,0.0057));
#11476=CARTESIAN_POINT('',(0.0121080004316455,-0.0304881307384419,0.0057));
#11477=CARTESIAN_POINT('',(0.0209080004245025,-0.0304881307384419,0.0057));
#11478=CARTESIAN_POINT('',(0.0209080004245025,-0.0304881307384419,0.0057));
#11479=CARTESIAN_POINT('',(0.0121080004316455,-0.0304881307384419,0.0057));
#11480=CARTESIAN_POINT('',(0.0209080004245025,-0.0299881307384419,0.0057));
#11481=CARTESIAN_POINT('',(0.0214080004245025,-0.0299881307384419,0.0057));
#11482=CARTESIAN_POINT('',(0.0214080004245025,-0.0299881307384419,0.0057));
#11483=CARTESIAN_POINT('',(0.0209080004245025,-0.0299881307384419,0.0057));
#11484=CARTESIAN_POINT('',(0.0214080004245025,-0.0129006307420095,0.0057));
#11485=CARTESIAN_POINT('',(0.0214080004245025,0.00418686925442296,0.0057));
#11486=CARTESIAN_POINT('',(0.0214080004245025,0.00418686925442296,0.0057));
#11487=CARTESIAN_POINT('',(0.0214080004245025,-0.0129006307420095,0.0057));
#11488=CARTESIAN_POINT('',(0.0209080004245025,0.00418686925442296,0.0057));
#11489=CARTESIAN_POINT('',(0.0209080004245025,0.00468686925442296,0.0057));
#11490=CARTESIAN_POINT('',(0.0209080004245025,0.00468686925442296,0.0057));
#11491=CARTESIAN_POINT('',(0.0209080004245025,0.00418686925442296,0.0057));
#11492=CARTESIAN_POINT('',(0.017820501667676,0.00468686925442296,0.0057));
#11493=CARTESIAN_POINT('',(0.0147330029108494,0.00468686925442296,0.0057));
#11494=CARTESIAN_POINT('',(0.0147330029108494,0.00468686925442296,0.0057));
#11495=CARTESIAN_POINT('',(0.017820501667676,0.00468686925442296,0.0057));
#11496=CARTESIAN_POINT('',(0.0147330029108494,0.00518686925442296,0.0057));
#11497=CARTESIAN_POINT('',(0.0142330029108494,0.00518686925442296,0.0057));
#11498=CARTESIAN_POINT('',(0.0142330029108494,0.00518686925442296,0.0057));
#11499=CARTESIAN_POINT('',(0.0147330029108494,0.00518686925442296,0.0057));
#11500=CARTESIAN_POINT('',(0.0142330029108494,0.018886869254423,0.0057));
#11501=CARTESIAN_POINT('',(0.0142330029108494,0.032586869254423,0.0057));
#11502=CARTESIAN_POINT('',(0.0142330029108494,0.032586869254423,0.0057));
#11503=CARTESIAN_POINT('',(0.0142330029108494,0.018886869254423,0.0057));
#11504=CARTESIAN_POINT('',(0.0137330029108494,0.032586869254423,0.0057));
#11505=CARTESIAN_POINT('',(0.0137330029108494,0.033086869254423,0.0057));
#11506=CARTESIAN_POINT('',(0.0137330029108494,0.033086869254423,0.0057));
#11507=CARTESIAN_POINT('',(0.0137330029108494,0.032586869254423,0.0057));
#11508=CARTESIAN_POINT('',(0.0121080029037098,0.033086869254423,0.0057));
#11509=CARTESIAN_POINT('',(0.0121080029037098,0.033086869254423,0.0057));
#11510=CARTESIAN_POINT('',(-0.0204734940810086,0.00129936925597761,0.0057));
#11511=CARTESIAN_POINT('',(0.0196080076390162,-0.00948813074560578,0.0032));
#11512=CARTESIAN_POINT('',(0.0196080076390164,-0.0159881307384658,0.0032));
#11513=CARTESIAN_POINT('',(0.0196080076390164,-0.0159881307384658,0.0032));
#11514=CARTESIAN_POINT('',(0.0196080076390162,-0.00948813074560578,0.0032));
#11515=CARTESIAN_POINT('',(0.019608007639016,-0.00298813075274571,0.0032));
#11516=CARTESIAN_POINT('',(0.019608007639016,-0.00298813075274571,0.0032));
#11517=CARTESIAN_POINT('',(0.018608007639016,-0.00298813075274573,0.0032));
#11518=CARTESIAN_POINT('',(0.018608007639016,-0.00298813075274573,0.0032));
#11519=CARTESIAN_POINT('',(0.018608007639016,-0.00198813075274574,0.0032));
#11520=CARTESIAN_POINT('',(0.018608007639016,-0.00198813075274574,0.0032));
#11521=CARTESIAN_POINT('',(0.0121080076461573,-0.00198813075274574,0.0032));
#11522=CARTESIAN_POINT('',(0.0121080076461573,-0.00198813075274574,0.0032));
#11523=CARTESIAN_POINT('',(0.0056080076532985,-0.00198813075274574,0.0032));
#11524=CARTESIAN_POINT('',(0.0056080076532985,-0.00198813075274574,0.0032));
#11525=CARTESIAN_POINT('',(0.00560800765329845,-0.00298813075274575,0.0032));
#11526=CARTESIAN_POINT('',(0.00560800765329845,-0.00298813075274575,0.0032));
#11527=CARTESIAN_POINT('',(0.00460800765329844,-0.00298813075274575,0.0032));
#11528=CARTESIAN_POINT('',(0.00460800765329844,-0.00298813075274575,0.0032));
#11529=CARTESIAN_POINT('',(0.00460800765329851,-0.00948813074560578,0.0032));
#11530=CARTESIAN_POINT('',(0.00460800765329851,-0.00948813074560578,0.0032));
#11531=CARTESIAN_POINT('',(0.00460800765329851,-0.0159881307384659,0.0032));
#11532=CARTESIAN_POINT('',(0.00460800765329851,-0.0159881307384659,0.0032));
#11533=CARTESIAN_POINT('',(0.00560800765329845,-0.0159881307384659,0.0032));
#11534=CARTESIAN_POINT('',(0.00560800765329845,-0.0159881307384659,0.0032));
#11535=CARTESIAN_POINT('',(0.00560800765329845,-0.0169881307384658,0.0032));
#11536=CARTESIAN_POINT('',(0.00560800765329845,-0.0169881307384658,0.0032));
#11537=CARTESIAN_POINT('',(0.0121080076461574,-0.0169881307384658,0.0032));
#11538=CARTESIAN_POINT('',(0.0121080076461574,-0.0169881307384658,0.0032));
#11539=CARTESIAN_POINT('',(0.0186080076390162,-0.0169881307384658,0.0032));
#11540=CARTESIAN_POINT('',(0.0186080076390162,-0.0169881307384658,0.0032));
#11541=CARTESIAN_POINT('',(0.0186080076390163,-0.0159881307384659,0.0032));
#11542=CARTESIAN_POINT('',(0.0186080076390163,-0.0159881307384659,0.0032));
#11543=CARTESIAN_POINT('',(0.0121080076461572,-0.00948813074560668,0.0032));
#11544=CARTESIAN_POINT('',(0.0121080076461572,-0.00948813074560668,0.0032));
#11545=CARTESIAN_POINT('',(0.0151080076461572,-0.00948813074560668,0.0032));
#11546=CARTESIAN_POINT('',(0.0121080076461572,-0.00948813074560668,0.));
#11547=CARTESIAN_POINT('',(0.0151080076461572,-0.00948813074560668,0.));
#11548=CARTESIAN_POINT('',(-0.0250919923150062,0.00129936925597759,0.0032));
#11549=CARTESIAN_POINT('',(-0.0204734940810086,0.00129936925597761,0.));
#11550=CARTESIAN_POINT('',(0.0134830076461572,-0.00873813074560668,0.));
#11551=CARTESIAN_POINT('',(0.0142080076461572,-0.00873813074560668,0.));
#11552=CARTESIAN_POINT('',(0.0127580076461572,-0.00873813074560668,0.));
#11553=CARTESIAN_POINT('',(0.0127580076461572,-0.00806313074560668,0.));
#11554=CARTESIAN_POINT('',(0.0127580076461572,-0.00738813074560668,0.));
#11555=CARTESIAN_POINT('',(0.0121080076461572,-0.00738813074560668,0.));
#11556=CARTESIAN_POINT('',(0.0114580076461572,-0.00738813074560668,0.));
#11557=CARTESIAN_POINT('',(0.0114580076461572,-0.00806313074560668,0.));
#11558=CARTESIAN_POINT('',(0.0114580076461572,-0.00873813074560668,0.));
#11559=CARTESIAN_POINT('',(0.0107330076461572,-0.00873813074560668,0.));
#11560=CARTESIAN_POINT('',(0.0100080076461572,-0.00873813074560668,0.));
#11561=CARTESIAN_POINT('',(0.0100080076461572,-0.00948813074560668,0.));
#11562=CARTESIAN_POINT('',(0.0100080076461572,-0.0102381307456067,0.));
#11563=CARTESIAN_POINT('',(0.0107330076461572,-0.0102381307456067,0.));
#11564=CARTESIAN_POINT('',(0.0114580076461572,-0.0102381307456067,0.));
#11565=CARTESIAN_POINT('',(0.0114580076461572,-0.0109131307456067,0.));
#11566=CARTESIAN_POINT('',(0.0114580076461572,-0.0115881307456067,0.));
#11567=CARTESIAN_POINT('',(0.0121080076461572,-0.0115881307456067,0.));
#11568=CARTESIAN_POINT('',(0.0127580076461572,-0.0115881307456067,0.));
#11569=CARTESIAN_POINT('',(0.0127580076461572,-0.0109131307456067,0.));
#11570=CARTESIAN_POINT('',(0.0127580076461572,-0.0102381307456067,0.));
#11571=CARTESIAN_POINT('',(0.0134830076461572,-0.0102381307456067,0.));
#11572=CARTESIAN_POINT('',(0.0142080076461572,-0.0102381307456067,0.));
#11573=CARTESIAN_POINT('',(0.0142080076461572,-0.00948813074560668,0.));
#11574=CARTESIAN_POINT('',(0.0134830076461572,-0.00873813074560668,0.0032));
#11575=CARTESIAN_POINT('',(0.0142080076461572,-0.00873813074560668,0.0032));
#11576=CARTESIAN_POINT('',(0.0142080076461572,-0.00873813074560668,0.0032));
#11577=CARTESIAN_POINT('',(0.0134830076461572,-0.00873813074560668,0.0032));
#11578=CARTESIAN_POINT('',(0.0127580076461572,-0.00873813074560668,0.0032));
#11579=CARTESIAN_POINT('',(0.0127580076461572,-0.00873813074560668,0.0032));
#11580=CARTESIAN_POINT('',(0.0127580076461572,-0.00806313074560668,0.0032));
#11581=CARTESIAN_POINT('',(0.0127580076461572,-0.00806313074560668,0.0032));
#11582=CARTESIAN_POINT('',(0.0127580076461572,-0.00738813074560668,0.0032));
#11583=CARTESIAN_POINT('',(0.0127580076461572,-0.00738813074560668,0.0032));
#11584=CARTESIAN_POINT('',(0.0121080076461572,-0.00738813074560668,0.0032));
#11585=CARTESIAN_POINT('',(0.0121080076461572,-0.00738813074560668,0.0032));
#11586=CARTESIAN_POINT('',(0.0114580076461572,-0.00738813074560668,0.0032));
#11587=CARTESIAN_POINT('',(0.0114580076461572,-0.00738813074560668,0.0032));
#11588=CARTESIAN_POINT('',(0.0114580076461572,-0.00806313074560668,0.0032));
#11589=CARTESIAN_POINT('',(0.0114580076461572,-0.00806313074560668,0.0032));
#11590=CARTESIAN_POINT('',(0.0114580076461572,-0.00873813074560668,0.0032));
#11591=CARTESIAN_POINT('',(0.0114580076461572,-0.00873813074560668,0.0032));
#11592=CARTESIAN_POINT('',(0.0107330076461572,-0.00873813074560668,0.0032));
#11593=CARTESIAN_POINT('',(0.0107330076461572,-0.00873813074560668,0.0032));
#11594=CARTESIAN_POINT('',(0.0100080076461572,-0.00873813074560668,0.0032));
#11595=CARTESIAN_POINT('',(0.0100080076461572,-0.00873813074560668,0.0032));
#11596=CARTESIAN_POINT('',(0.0100080076461572,-0.00948813074560668,0.0032));
#11597=CARTESIAN_POINT('',(0.0100080076461572,-0.00948813074560668,0.0032));
#11598=CARTESIAN_POINT('',(0.0100080076461572,-0.0102381307456067,0.0032));
#11599=CARTESIAN_POINT('',(0.0100080076461572,-0.0102381307456067,0.0032));
#11600=CARTESIAN_POINT('',(0.0107330076461572,-0.0102381307456067,0.0032));
#11601=CARTESIAN_POINT('',(0.0107330076461572,-0.0102381307456067,0.0032));
#11602=CARTESIAN_POINT('',(0.0114580076461572,-0.0102381307456067,0.0032));
#11603=CARTESIAN_POINT('',(0.0114580076461572,-0.0102381307456067,0.0032));
#11604=CARTESIAN_POINT('',(0.0114580076461572,-0.0109131307456067,0.0032));
#11605=CARTESIAN_POINT('',(0.0114580076461572,-0.0109131307456067,0.0032));
#11606=CARTESIAN_POINT('',(0.0114580076461572,-0.0115881307456067,0.0032));
#11607=CARTESIAN_POINT('',(0.0114580076461572,-0.0115881307456067,0.0032));
#11608=CARTESIAN_POINT('',(0.0121080076461572,-0.0115881307456067,0.0032));
#11609=CARTESIAN_POINT('',(0.0121080076461572,-0.0115881307456067,0.0032));
#11610=CARTESIAN_POINT('',(0.0127580076461572,-0.0115881307456067,0.0032));
#11611=CARTESIAN_POINT('',(0.0127580076461572,-0.0115881307456067,0.0032));
#11612=CARTESIAN_POINT('',(0.0127580076461572,-0.0109131307456067,0.0032));
#11613=CARTESIAN_POINT('',(0.0127580076461572,-0.0109131307456067,0.0032));
#11614=CARTESIAN_POINT('',(0.0127580076461572,-0.0102381307456067,0.0032));
#11615=CARTESIAN_POINT('',(0.0127580076461572,-0.0102381307456067,0.0032));
#11616=CARTESIAN_POINT('',(0.0134830076461572,-0.0102381307456067,0.0032));
#11617=CARTESIAN_POINT('',(0.0134830076461572,-0.0102381307456067,0.0032));
#11618=CARTESIAN_POINT('',(0.0142080076461572,-0.0102381307456067,0.0032));
#11619=CARTESIAN_POINT('',(0.0142080076461572,-0.0102381307456067,0.0032));
#11620=CARTESIAN_POINT('',(0.0142080076461572,-0.00948813074560668,0.0032));
#11621=CARTESIAN_POINT('',(0.0142080076461572,-0.00948813074560668,0.0032));
#11622=CARTESIAN_POINT('',(-0.0250919923150062,0.00129936925597759,0.0032));
#11623=CARTESIAN_POINT('',(0.,0.,0.));
#11624=CARTESIAN_POINT('',(-0.0204734940810086,0.00129936925597761,0.));
#11625=CARTESIAN_POINT('',(-0.0766419923609837,-0.0159881307384659,0.));
#11626=CARTESIAN_POINT('',(-0.0766419923609838,-0.0169881307384658,0.));
#11627=CARTESIAN_POINT('',(-0.0756419923609837,-0.0159881307384659,0.));
#11628=CARTESIAN_POINT('',(-0.0756419923609838,-0.00948813074560578,0.));
#11629=CARTESIAN_POINT('',(-0.075641992360984,-0.00298813075274571,0.));
#11630=CARTESIAN_POINT('',(-0.076641992360984,-0.00298813075274573,0.));
#11631=CARTESIAN_POINT('',(-0.076641992360984,-0.00198813075274574,0.));
#11632=CARTESIAN_POINT('',(-0.0831419923538428,-0.00198813075274574,0.));
#11633=CARTESIAN_POINT('',(-0.0896419923467016,-0.00198813075274574,0.));
#11634=CARTESIAN_POINT('',(-0.0896419923467016,-0.00298813075274575,0.));
#11635=CARTESIAN_POINT('',(-0.0906419923467016,-0.00298813075274575,0.));
#11636=CARTESIAN_POINT('',(-0.0906419923467015,-0.00948813074560578,0.));
#11637=CARTESIAN_POINT('',(-0.0906419923467015,-0.0159881307384659,0.));
#11638=CARTESIAN_POINT('',(-0.0896419923467016,-0.0159881307384659,0.));
#11639=CARTESIAN_POINT('',(-0.0896419923467016,-0.0169881307384658,0.));
#11640=CARTESIAN_POINT('',(-0.0831419923538427,-0.0169881307384658,0.));
#11641=CARTESIAN_POINT('',(-0.092441992230066,-0.014259672468435,0.));
#11642=CARTESIAN_POINT('',(-0.092441992230066,-0.0299881307424678,0.));
#11643=CARTESIAN_POINT('',(-0.092441992230066,0.032586869254423,0.));
#11644=CARTESIAN_POINT('',(-0.091941992230066,0.032586869254423,0.));
#11645=CARTESIAN_POINT('',(-0.091941992230066,0.033086869254423,0.));
#11646=CARTESIAN_POINT('',(-0.0867294934758395,0.033086869254423,0.));
#11647=CARTESIAN_POINT('',(-0.0815169947216131,0.033086869254423,0.));
#11648=CARTESIAN_POINT('',(-0.0815169947216131,0.032586869254423,0.));
#11649=CARTESIAN_POINT('',(-0.081016994721613,0.032586869254423,0.));
#11650=CARTESIAN_POINT('',(-0.081016994721613,0.018886869254423,0.));
#11651=CARTESIAN_POINT('',(-0.081016994721613,0.00518686925442295,0.));
#11652=CARTESIAN_POINT('',(-0.080516994721613,0.00518686925442293,0.));
#11653=CARTESIAN_POINT('',(-0.080516994721613,0.00468686925442294,0.));
#11654=CARTESIAN_POINT('',(-0.0774294934830056,0.00468686925442295,0.));
#11655=CARTESIAN_POINT('',(-0.0743419922443981,0.00468686925442295,0.));
#11656=CARTESIAN_POINT('',(-0.0743419922443981,0.00418686925442293,0.));
#11657=CARTESIAN_POINT('',(-0.0738419922443981,0.00418686925442295,0.));
#11658=CARTESIAN_POINT('',(-0.0738419922443981,-0.0129006307440224,0.));
#11659=CARTESIAN_POINT('',(-0.0738419922443981,-0.0299881307424678,0.));
#11660=CARTESIAN_POINT('',(-0.0743419922443981,-0.0299881307424678,0.));
#11661=CARTESIAN_POINT('',(-0.0743419922443981,-0.0304881307424678,0.));
#11662=CARTESIAN_POINT('',(-0.083141992237232,-0.0304881307424678,0.));
#11663=CARTESIAN_POINT('',(-0.091941992230066,-0.0304881307424678,0.));
#11664=CARTESIAN_POINT('',(-0.091941992230066,-0.0299881307424677,0.));
#11665=CARTESIAN_POINT('',(-0.092441992230066,-0.014259672468435,0.0057));
#11666=CARTESIAN_POINT('',(-0.092441992230066,-0.0299881307424678,0.0057));
#11667=CARTESIAN_POINT('',(-0.092441992230066,-0.0299881307424678,0.0057));
#11668=CARTESIAN_POINT('',(-0.092441992230066,-0.014259672468435,0.0057));
#11669=CARTESIAN_POINT('',(-0.092441992230066,0.032586869254423,0.0057));
#11670=CARTESIAN_POINT('',(-0.092441992230066,0.032586869254423,0.0057));
#11671=CARTESIAN_POINT('',(-0.091941992230066,-0.0299881307424677,0.0057));
#11672=CARTESIAN_POINT('',(-0.091941992230066,-0.0304881307424678,0.0057));
#11673=CARTESIAN_POINT('',(-0.091941992230066,-0.0304881307424678,0.0057));
#11674=CARTESIAN_POINT('',(-0.091941992230066,-0.0299881307424677,0.0057));
#11675=CARTESIAN_POINT('',(-0.083141992237232,-0.0304881307424678,0.0057));
#11676=CARTESIAN_POINT('',(-0.0743419922443981,-0.0304881307424678,0.0057));
#11677=CARTESIAN_POINT('',(-0.0743419922443981,-0.0304881307424678,0.0057));
#11678=CARTESIAN_POINT('',(-0.083141992237232,-0.0304881307424678,0.0057));
#11679=CARTESIAN_POINT('',(-0.0743419922443981,-0.0299881307424678,0.0057));
#11680=CARTESIAN_POINT('',(-0.0738419922443981,-0.0299881307424678,0.0057));
#11681=CARTESIAN_POINT('',(-0.0738419922443981,-0.0299881307424678,0.0057));
#11682=CARTESIAN_POINT('',(-0.0743419922443981,-0.0299881307424678,0.0057));
#11683=CARTESIAN_POINT('',(-0.0738419922443981,-0.0129006307440224,0.0057));
#11684=CARTESIAN_POINT('',(-0.0738419922443981,0.00418686925442295,0.0057));
#11685=CARTESIAN_POINT('',(-0.0738419922443981,0.00418686925442295,0.0057));
#11686=CARTESIAN_POINT('',(-0.0738419922443981,-0.0129006307440224,0.0057));
#11687=CARTESIAN_POINT('',(-0.0743419922443981,0.00418686925442293,0.0057));
#11688=CARTESIAN_POINT('',(-0.0743419922443981,0.00468686925442295,0.0057));
#11689=CARTESIAN_POINT('',(-0.0743419922443981,0.00468686925442295,0.0057));
#11690=CARTESIAN_POINT('',(-0.0743419922443981,0.00418686925442293,0.0057));
#11691=CARTESIAN_POINT('',(-0.0774294934830056,0.00468686925442295,0.0057));
#11692=CARTESIAN_POINT('',(-0.080516994721613,0.00468686925442294,0.0057));
#11693=CARTESIAN_POINT('',(-0.080516994721613,0.00468686925442294,0.0057));
#11694=CARTESIAN_POINT('',(-0.0774294934830056,0.00468686925442295,0.0057));
#11695=CARTESIAN_POINT('',(-0.080516994721613,0.00518686925442293,0.0057));
#11696=CARTESIAN_POINT('',(-0.081016994721613,0.00518686925442295,0.0057));
#11697=CARTESIAN_POINT('',(-0.081016994721613,0.00518686925442295,0.0057));
#11698=CARTESIAN_POINT('',(-0.080516994721613,0.00518686925442293,0.0057));
#11699=CARTESIAN_POINT('',(-0.081016994721613,0.018886869254423,0.0057));
#11700=CARTESIAN_POINT('',(-0.081016994721613,0.032586869254423,0.0057));
#11701=CARTESIAN_POINT('',(-0.081016994721613,0.032586869254423,0.0057));
#11702=CARTESIAN_POINT('',(-0.081016994721613,0.018886869254423,0.0057));
#11703=CARTESIAN_POINT('',(-0.0815169947216131,0.032586869254423,0.0057));
#11704=CARTESIAN_POINT('',(-0.0815169947216131,0.033086869254423,0.0057));
#11705=CARTESIAN_POINT('',(-0.0815169947216131,0.033086869254423,0.0057));
#11706=CARTESIAN_POINT('',(-0.0815169947216131,0.032586869254423,0.0057));
#11707=CARTESIAN_POINT('',(-0.0867294934758395,0.033086869254423,0.0057));
#11708=CARTESIAN_POINT('',(-0.091941992230066,0.033086869254423,0.0057));
#11709=CARTESIAN_POINT('',(-0.091941992230066,0.033086869254423,0.0057));
#11710=CARTESIAN_POINT('',(-0.0867294934758395,0.033086869254423,0.0057));
#11711=CARTESIAN_POINT('',(-0.091941992230066,0.032586869254423,0.0057));
#11712=CARTESIAN_POINT('',(-0.091941992230066,0.032586869254423,0.0057));
#11713=CARTESIAN_POINT('',(-0.0204734940810086,0.00129936925597761,0.0057));
#11714=CARTESIAN_POINT('',(-0.0756419923609838,-0.00948813074560578,0.0032));
#11715=CARTESIAN_POINT('',(-0.0756419923609837,-0.0159881307384658,0.0032));
#11716=CARTESIAN_POINT('',(-0.0756419923609837,-0.0159881307384658,0.0032));
#11717=CARTESIAN_POINT('',(-0.0756419923609838,-0.00948813074560578,0.0032));
#11718=CARTESIAN_POINT('',(-0.075641992360984,-0.00298813075274571,0.0032));
#11719=CARTESIAN_POINT('',(-0.075641992360984,-0.00298813075274571,0.0032));
#11720=CARTESIAN_POINT('',(-0.076641992360984,-0.00298813075274573,0.0032));
#11721=CARTESIAN_POINT('',(-0.076641992360984,-0.00298813075274573,0.0032));
#11722=CARTESIAN_POINT('',(-0.076641992360984,-0.00198813075274574,0.0032));
#11723=CARTESIAN_POINT('',(-0.076641992360984,-0.00198813075274574,0.0032));
#11724=CARTESIAN_POINT('',(-0.0831419923538428,-0.00198813075274574,0.0032));
#11725=CARTESIAN_POINT('',(-0.0831419923538428,-0.00198813075274574,0.0032));
#11726=CARTESIAN_POINT('',(-0.0896419923467016,-0.00198813075274574,0.0032));
#11727=CARTESIAN_POINT('',(-0.0896419923467016,-0.00198813075274574,0.0032));
#11728=CARTESIAN_POINT('',(-0.0896419923467016,-0.00298813075274575,0.0032));
#11729=CARTESIAN_POINT('',(-0.0896419923467016,-0.00298813075274575,0.0032));
#11730=CARTESIAN_POINT('',(-0.0906419923467016,-0.00298813075274575,0.0032));
#11731=CARTESIAN_POINT('',(-0.0906419923467016,-0.00298813075274575,0.0032));
#11732=CARTESIAN_POINT('',(-0.0906419923467015,-0.00948813074560578,0.0032));
#11733=CARTESIAN_POINT('',(-0.0906419923467015,-0.00948813074560578,0.0032));
#11734=CARTESIAN_POINT('',(-0.0906419923467015,-0.0159881307384659,0.0032));
#11735=CARTESIAN_POINT('',(-0.0906419923467015,-0.0159881307384659,0.0032));
#11736=CARTESIAN_POINT('',(-0.0896419923467016,-0.0159881307384659,0.0032));
#11737=CARTESIAN_POINT('',(-0.0896419923467016,-0.0159881307384659,0.0032));
#11738=CARTESIAN_POINT('',(-0.0896419923467016,-0.0169881307384658,0.0032));
#11739=CARTESIAN_POINT('',(-0.0896419923467016,-0.0169881307384658,0.0032));
#11740=CARTESIAN_POINT('',(-0.0831419923538427,-0.0169881307384658,0.0032));
#11741=CARTESIAN_POINT('',(-0.0831419923538427,-0.0169881307384658,0.0032));
#11742=CARTESIAN_POINT('',(-0.0766419923609838,-0.0169881307384658,0.0032));
#11743=CARTESIAN_POINT('',(-0.0766419923609838,-0.0169881307384658,0.0032));
#11744=CARTESIAN_POINT('',(-0.0766419923609837,-0.0159881307384659,0.0032));
#11745=CARTESIAN_POINT('',(-0.0766419923609837,-0.0159881307384659,0.0032));
#11746=CARTESIAN_POINT('',(-0.0831419923538428,-0.00948813074560668,0.0032));
#11747=CARTESIAN_POINT('',(-0.0831419923538428,-0.00948813074560668,0.0032));
#11748=CARTESIAN_POINT('',(-0.0801419923538428,-0.00948813074560668,0.0032));
#11749=CARTESIAN_POINT('',(-0.0831419923538428,-0.00948813074560668,0.));
#11750=CARTESIAN_POINT('',(-0.0801419923538428,-0.00948813074560668,0.));
#11751=CARTESIAN_POINT('',(-0.0250919923150062,0.00129936925597759,0.0032));
#11752=CARTESIAN_POINT('',(-0.0204734940810086,0.00129936925597761,0.));
#11753=CARTESIAN_POINT('',(-0.0817669923538428,-0.00873813074560668,0.));
#11754=CARTESIAN_POINT('',(-0.0810419923538428,-0.00873813074560668,0.));
#11755=CARTESIAN_POINT('',(-0.0824919923538428,-0.00873813074560668,0.));
#11756=CARTESIAN_POINT('',(-0.0824919923538428,-0.00806313074560668,0.));
#11757=CARTESIAN_POINT('',(-0.0824919923538428,-0.00738813074560668,0.));
#11758=CARTESIAN_POINT('',(-0.0831419923538428,-0.00738813074560668,0.));
#11759=CARTESIAN_POINT('',(-0.0837919923538428,-0.00738813074560668,0.));
#11760=CARTESIAN_POINT('',(-0.0837919923538428,-0.00806313074560668,0.));
#11761=CARTESIAN_POINT('',(-0.0837919923538428,-0.00873813074560668,0.));
#11762=CARTESIAN_POINT('',(-0.0845169923538428,-0.00873813074560668,0.));
#11763=CARTESIAN_POINT('',(-0.0852419923538428,-0.00873813074560668,0.));
#11764=CARTESIAN_POINT('',(-0.0852419923538428,-0.00948813074560668,0.));
#11765=CARTESIAN_POINT('',(-0.0852419923538428,-0.0102381307456067,0.));
#11766=CARTESIAN_POINT('',(-0.0845169923538428,-0.0102381307456067,0.));
#11767=CARTESIAN_POINT('',(-0.0837919923538428,-0.0102381307456067,0.));
#11768=CARTESIAN_POINT('',(-0.0837919923538428,-0.0109131307456067,0.));
#11769=CARTESIAN_POINT('',(-0.0837919923538428,-0.0115881307456067,0.));
#11770=CARTESIAN_POINT('',(-0.0831419923538428,-0.0115881307456067,0.));
#11771=CARTESIAN_POINT('',(-0.0824919923538428,-0.0115881307456067,0.));
#11772=CARTESIAN_POINT('',(-0.0824919923538428,-0.0109131307456067,0.));
#11773=CARTESIAN_POINT('',(-0.0824919923538428,-0.0102381307456067,0.));
#11774=CARTESIAN_POINT('',(-0.0817669923538428,-0.0102381307456067,0.));
#11775=CARTESIAN_POINT('',(-0.0810419923538428,-0.0102381307456067,0.));
#11776=CARTESIAN_POINT('',(-0.0810419923538428,-0.00948813074560668,0.));
#11777=CARTESIAN_POINT('',(-0.0817669923538428,-0.00873813074560668,0.0032));
#11778=CARTESIAN_POINT('',(-0.0810419923538428,-0.00873813074560668,0.0032));
#11779=CARTESIAN_POINT('',(-0.0810419923538428,-0.00873813074560668,0.0032));
#11780=CARTESIAN_POINT('',(-0.0817669923538428,-0.00873813074560668,0.0032));
#11781=CARTESIAN_POINT('',(-0.0824919923538428,-0.00873813074560668,0.0032));
#11782=CARTESIAN_POINT('',(-0.0824919923538428,-0.00873813074560668,0.0032));
#11783=CARTESIAN_POINT('',(-0.0824919923538428,-0.00806313074560668,0.0032));
#11784=CARTESIAN_POINT('',(-0.0824919923538428,-0.00806313074560668,0.0032));
#11785=CARTESIAN_POINT('',(-0.0824919923538428,-0.00738813074560668,0.0032));
#11786=CARTESIAN_POINT('',(-0.0824919923538428,-0.00738813074560668,0.0032));
#11787=CARTESIAN_POINT('',(-0.0831419923538428,-0.00738813074560668,0.0032));
#11788=CARTESIAN_POINT('',(-0.0831419923538428,-0.00738813074560668,0.0032));
#11789=CARTESIAN_POINT('',(-0.0837919923538428,-0.00738813074560668,0.0032));
#11790=CARTESIAN_POINT('',(-0.0837919923538428,-0.00738813074560668,0.0032));
#11791=CARTESIAN_POINT('',(-0.0837919923538428,-0.00806313074560668,0.0032));
#11792=CARTESIAN_POINT('',(-0.0837919923538428,-0.00806313074560668,0.0032));
#11793=CARTESIAN_POINT('',(-0.0837919923538428,-0.00873813074560668,0.0032));
#11794=CARTESIAN_POINT('',(-0.0837919923538428,-0.00873813074560668,0.0032));
#11795=CARTESIAN_POINT('',(-0.0845169923538428,-0.00873813074560668,0.0032));
#11796=CARTESIAN_POINT('',(-0.0845169923538428,-0.00873813074560668,0.0032));
#11797=CARTESIAN_POINT('',(-0.0852419923538428,-0.00873813074560668,0.0032));
#11798=CARTESIAN_POINT('',(-0.0852419923538428,-0.00873813074560668,0.0032));
#11799=CARTESIAN_POINT('',(-0.0852419923538428,-0.00948813074560668,0.0032));
#11800=CARTESIAN_POINT('',(-0.0852419923538428,-0.00948813074560668,0.0032));
#11801=CARTESIAN_POINT('',(-0.0852419923538428,-0.0102381307456067,0.0032));
#11802=CARTESIAN_POINT('',(-0.0852419923538428,-0.0102381307456067,0.0032));
#11803=CARTESIAN_POINT('',(-0.0845169923538428,-0.0102381307456067,0.0032));
#11804=CARTESIAN_POINT('',(-0.0845169923538428,-0.0102381307456067,0.0032));
#11805=CARTESIAN_POINT('',(-0.0837919923538428,-0.0102381307456067,0.0032));
#11806=CARTESIAN_POINT('',(-0.0837919923538428,-0.0102381307456067,0.0032));
#11807=CARTESIAN_POINT('',(-0.0837919923538428,-0.0109131307456067,0.0032));
#11808=CARTESIAN_POINT('',(-0.0837919923538428,-0.0109131307456067,0.0032));
#11809=CARTESIAN_POINT('',(-0.0837919923538428,-0.0115881307456067,0.0032));
#11810=CARTESIAN_POINT('',(-0.0837919923538428,-0.0115881307456067,0.0032));
#11811=CARTESIAN_POINT('',(-0.0831419923538428,-0.0115881307456067,0.0032));
#11812=CARTESIAN_POINT('',(-0.0831419923538428,-0.0115881307456067,0.0032));
#11813=CARTESIAN_POINT('',(-0.0824919923538428,-0.0115881307456067,0.0032));
#11814=CARTESIAN_POINT('',(-0.0824919923538428,-0.0115881307456067,0.0032));
#11815=CARTESIAN_POINT('',(-0.0824919923538428,-0.0109131307456067,0.0032));
#11816=CARTESIAN_POINT('',(-0.0824919923538428,-0.0109131307456067,0.0032));
#11817=CARTESIAN_POINT('',(-0.0824919923538428,-0.0102381307456067,0.0032));
#11818=CARTESIAN_POINT('',(-0.0824919923538428,-0.0102381307456067,0.0032));
#11819=CARTESIAN_POINT('',(-0.0817669923538428,-0.0102381307456067,0.0032));
#11820=CARTESIAN_POINT('',(-0.0817669923538428,-0.0102381307456067,0.0032));
#11821=CARTESIAN_POINT('',(-0.0810419923538428,-0.0102381307456067,0.0032));
#11822=CARTESIAN_POINT('',(-0.0810419923538428,-0.0102381307456067,0.0032));
#11823=CARTESIAN_POINT('',(-0.0810419923538428,-0.00948813074560668,0.0032));
#11824=CARTESIAN_POINT('',(-0.0810419923538428,-0.00948813074560668,0.0032));
#11825=CARTESIAN_POINT('',(-0.0250919923150062,0.00129936925597759,0.0032));
#11826=CARTESIAN_POINT('',(0.,0.,0.));
#11827=CARTESIAN_POINT('',(-0.0204734940810086,0.00129936925597761,0.));
#11828=CARTESIAN_POINT('',(-0.000441992360983641,-0.0159881307384659,0.));
#11829=CARTESIAN_POINT('',(-0.000441992360983745,-0.0169881307384658,0.));
#11830=CARTESIAN_POINT('',(0.000558007639016347,-0.0159881307384659,0.));
#11831=CARTESIAN_POINT('',(0.000558007639016178,-0.00948813074560578,0.));
#11832=CARTESIAN_POINT('',(0.000558007639015999,-0.00298813075274571,0.));
#11833=CARTESIAN_POINT('',(-0.000441992360984002,-0.00298813075274573,0.));
#11834=CARTESIAN_POINT('',(-0.000441992360983967,-0.00198813075274574,0.));
#11835=CARTESIAN_POINT('',(-0.00694199235384274,-0.00198813075274574,0.));
#11836=CARTESIAN_POINT('',(-0.0134419923467015,-0.00198813075274574,0.));
#11837=CARTESIAN_POINT('',(-0.0134419923467015,-0.00298813075274575,0.));
#11838=CARTESIAN_POINT('',(-0.0144419923467016,-0.00298813075274575,0.));
#11839=CARTESIAN_POINT('',(-0.0144419923467015,-0.00948813074560578,0.));
#11840=CARTESIAN_POINT('',(-0.0144419923467015,-0.0159881307384659,0.));
#11841=CARTESIAN_POINT('',(-0.0134419923467016,-0.0159881307384659,0.));
#11842=CARTESIAN_POINT('',(-0.0134419923467016,-0.0169881307384658,0.));
#11843=CARTESIAN_POINT('',(-0.00694199235384263,-0.0169881307384658,0.));
#11844=CARTESIAN_POINT('',(0.00235800773616867,-0.0129006307420102,0.));
#11845=CARTESIAN_POINT('',(0.00235800773616867,0.00418686925442139,0.));
#11846=CARTESIAN_POINT('',(0.00235800773616867,-0.0299881307384419,0.));
#11847=CARTESIAN_POINT('',(0.00185800773616866,-0.0299881307384419,0.));
#11848=CARTESIAN_POINT('',(0.00185800773616867,-0.0304881307384419,0.));
#11849=CARTESIAN_POINT('',(-0.00694199225668835,-0.0304881307384419,0.));
#11850=CARTESIAN_POINT('',(-0.0157419922495453,-0.0304881307384419,0.));
#11851=CARTESIAN_POINT('',(-0.0157419922495453,-0.0299881307384419,0.));
#11852=CARTESIAN_POINT('',(-0.0162419922495453,-0.0299881307384419,0.));
#11853=CARTESIAN_POINT('',(-0.0162419922495453,-0.0129006307420095,0.));
#11854=CARTESIAN_POINT('',(-0.0162419922495453,0.00418686925442296,0.));
#11855=CARTESIAN_POINT('',(-0.0157419922495453,0.00418686925442296,0.));
#11856=CARTESIAN_POINT('',(-0.0157419922495453,0.00468686925442296,0.));
#11857=CARTESIAN_POINT('',(-0.0126544934927188,0.00468686925442296,0.));
#11858=CARTESIAN_POINT('',(-0.00956699473589229,0.00468686925442296,0.));
#11859=CARTESIAN_POINT('',(-0.00956699473589229,0.00518686925442296,0.));
#11860=CARTESIAN_POINT('',(-0.00906699473589229,0.00518686925442296,0.));
#11861=CARTESIAN_POINT('',(-0.00906699473589228,0.018886869254423,0.));
#11862=CARTESIAN_POINT('',(-0.00906699473589228,0.032586869254423,0.));
#11863=CARTESIAN_POINT('',(-0.00856699473589228,0.032586869254423,0.));
#11864=CARTESIAN_POINT('',(-0.00856699473589228,0.033086869254423,0.));
#11865=CARTESIAN_POINT('',(-0.00694199472875266,0.033086869254423,0.));
#11866=CARTESIAN_POINT('',(-0.00531699472161304,0.033086869254423,0.));
#11867=CARTESIAN_POINT('',(-0.00531699472161304,0.032586869254423,0.));
#11868=CARTESIAN_POINT('',(-0.00481699472161304,0.032586869254423,0.));
#11869=CARTESIAN_POINT('',(-0.00481699472161304,0.0188868692544222,0.));
#11870=CARTESIAN_POINT('',(-0.00481699472161304,0.00518686925442139,0.));
#11871=CARTESIAN_POINT('',(-0.00431699472161304,0.00518686925442139,0.));
#11872=CARTESIAN_POINT('',(-0.00431699472161304,0.00468686925442139,0.));
#11873=CARTESIAN_POINT('',(-0.00122949349272219,0.00468686925442139,0.));
#11874=CARTESIAN_POINT('',(0.00185800773616867,0.0046868692544214,0.));
#11875=CARTESIAN_POINT('',(0.00185800773616867,0.00418686925442139,0.));
#11876=CARTESIAN_POINT('',(0.00235800773616867,-0.0129006307420102,0.0057));
#11877=CARTESIAN_POINT('',(0.00235800773616867,0.00418686925442139,0.0057));
#11878=CARTESIAN_POINT('',(0.00235800773616867,0.00418686925442139,0.0057));
#11879=CARTESIAN_POINT('',(0.00235800773616867,-0.0129006307420102,0.0057));
#11880=CARTESIAN_POINT('',(0.00235800773616867,-0.0299881307384419,0.0057));
#11881=CARTESIAN_POINT('',(0.00235800773616867,-0.0299881307384419,0.0057));
#11882=CARTESIAN_POINT('',(0.00185800773616867,0.00418686925442139,0.0057));
#11883=CARTESIAN_POINT('',(0.00185800773616867,0.0046868692544214,0.0057));
#11884=CARTESIAN_POINT('',(0.00185800773616867,0.0046868692544214,0.0057));
#11885=CARTESIAN_POINT('',(0.00185800773616867,0.00418686925442139,0.0057));
#11886=CARTESIAN_POINT('',(-0.00122949349272219,0.00468686925442139,0.0057));
#11887=CARTESIAN_POINT('',(-0.00431699472161304,0.00468686925442139,0.0057));
#11888=CARTESIAN_POINT('',(-0.00431699472161304,0.00468686925442139,0.0057));
#11889=CARTESIAN_POINT('',(-0.00122949349272219,0.00468686925442139,0.0057));
#11890=CARTESIAN_POINT('',(-0.00431699472161304,0.00518686925442139,0.0057));
#11891=CARTESIAN_POINT('',(-0.00481699472161304,0.00518686925442139,0.0057));
#11892=CARTESIAN_POINT('',(-0.00481699472161304,0.00518686925442139,0.0057));
#11893=CARTESIAN_POINT('',(-0.00431699472161304,0.00518686925442139,0.0057));
#11894=CARTESIAN_POINT('',(-0.00481699472161304,0.0188868692544222,0.0057));
#11895=CARTESIAN_POINT('',(-0.00481699472161304,0.032586869254423,0.0057));
#11896=CARTESIAN_POINT('',(-0.00481699472161304,0.032586869254423,0.0057));
#11897=CARTESIAN_POINT('',(-0.00481699472161304,0.0188868692544222,0.0057));
#11898=CARTESIAN_POINT('',(-0.00531699472161304,0.032586869254423,0.0057));
#11899=CARTESIAN_POINT('',(-0.00531699472161304,0.033086869254423,0.0057));
#11900=CARTESIAN_POINT('',(-0.00531699472161304,0.033086869254423,0.0057));
#11901=CARTESIAN_POINT('',(-0.00531699472161304,0.032586869254423,0.0057));
#11902=CARTESIAN_POINT('',(-0.00694199472875266,0.033086869254423,0.0057));
#11903=CARTESIAN_POINT('',(-0.00856699473589228,0.033086869254423,0.0057));
#11904=CARTESIAN_POINT('',(-0.00856699473589228,0.033086869254423,0.0057));
#11905=CARTESIAN_POINT('',(-0.00694199472875266,0.033086869254423,0.0057));
#11906=CARTESIAN_POINT('',(-0.00856699473589228,0.032586869254423,0.0057));
#11907=CARTESIAN_POINT('',(-0.00906699473589228,0.032586869254423,0.0057));
#11908=CARTESIAN_POINT('',(-0.00906699473589228,0.032586869254423,0.0057));
#11909=CARTESIAN_POINT('',(-0.00856699473589228,0.032586869254423,0.0057));
#11910=CARTESIAN_POINT('',(-0.00906699473589228,0.018886869254423,0.0057));
#11911=CARTESIAN_POINT('',(-0.00906699473589229,0.00518686925442296,0.0057));
#11912=CARTESIAN_POINT('',(-0.00906699473589229,0.00518686925442296,0.0057));
#11913=CARTESIAN_POINT('',(-0.00906699473589228,0.018886869254423,0.0057));
#11914=CARTESIAN_POINT('',(-0.00956699473589229,0.00518686925442296,0.0057));
#11915=CARTESIAN_POINT('',(-0.00956699473589229,0.00468686925442296,0.0057));
#11916=CARTESIAN_POINT('',(-0.00956699473589229,0.00468686925442296,0.0057));
#11917=CARTESIAN_POINT('',(-0.00956699473589229,0.00518686925442296,0.0057));
#11918=CARTESIAN_POINT('',(-0.0126544934927188,0.00468686925442296,0.0057));
#11919=CARTESIAN_POINT('',(-0.0157419922495453,0.00468686925442296,0.0057));
#11920=CARTESIAN_POINT('',(-0.0157419922495453,0.00468686925442296,0.0057));
#11921=CARTESIAN_POINT('',(-0.0126544934927188,0.00468686925442296,0.0057));
#11922=CARTESIAN_POINT('',(-0.0157419922495453,0.00418686925442296,0.0057));
#11923=CARTESIAN_POINT('',(-0.0162419922495453,0.00418686925442296,0.0057));
#11924=CARTESIAN_POINT('',(-0.0162419922495453,0.00418686925442296,0.0057));
#11925=CARTESIAN_POINT('',(-0.0157419922495453,0.00418686925442296,0.0057));
#11926=CARTESIAN_POINT('',(-0.0162419922495453,-0.0129006307420095,0.0057));
#11927=CARTESIAN_POINT('',(-0.0162419922495453,-0.0299881307384419,0.0057));
#11928=CARTESIAN_POINT('',(-0.0162419922495453,-0.0299881307384419,0.0057));
#11929=CARTESIAN_POINT('',(-0.0162419922495453,-0.0129006307420095,0.0057));
#11930=CARTESIAN_POINT('',(-0.0157419922495453,-0.0299881307384419,0.0057));
#11931=CARTESIAN_POINT('',(-0.0157419922495453,-0.0304881307384419,0.0057));
#11932=CARTESIAN_POINT('',(-0.0157419922495453,-0.0304881307384419,0.0057));
#11933=CARTESIAN_POINT('',(-0.0157419922495453,-0.0299881307384419,0.0057));
#11934=CARTESIAN_POINT('',(-0.00694199225668835,-0.0304881307384419,0.0057));
#11935=CARTESIAN_POINT('',(0.00185800773616867,-0.0304881307384419,0.0057));
#11936=CARTESIAN_POINT('',(0.00185800773616867,-0.0304881307384419,0.0057));
#11937=CARTESIAN_POINT('',(-0.00694199225668835,-0.0304881307384419,0.0057));
#11938=CARTESIAN_POINT('',(0.00185800773616866,-0.0299881307384419,0.0057));
#11939=CARTESIAN_POINT('',(0.00185800773616866,-0.0299881307384419,0.0057));
#11940=CARTESIAN_POINT('',(-0.0204734940810086,0.00129936925597761,0.0057));
#11941=CARTESIAN_POINT('',(0.000558007639016178,-0.00948813074560578,0.0032));
#11942=CARTESIAN_POINT('',(0.000558007639016347,-0.0159881307384658,0.0032));
#11943=CARTESIAN_POINT('',(0.000558007639016347,-0.0159881307384658,0.0032));
#11944=CARTESIAN_POINT('',(0.000558007639016178,-0.00948813074560578,0.0032));
#11945=CARTESIAN_POINT('',(0.000558007639015999,-0.00298813075274571,0.0032));
#11946=CARTESIAN_POINT('',(0.000558007639015999,-0.00298813075274571,0.0032));
#11947=CARTESIAN_POINT('',(-0.000441992360984002,-0.00298813075274573,0.0032));
#11948=CARTESIAN_POINT('',(-0.000441992360984002,-0.00298813075274573,0.0032));
#11949=CARTESIAN_POINT('',(-0.000441992360983967,-0.00198813075274574,0.0032));
#11950=CARTESIAN_POINT('',(-0.000441992360983967,-0.00198813075274574,0.0032));
#11951=CARTESIAN_POINT('',(-0.00694199235384274,-0.00198813075274574,0.0032));
#11952=CARTESIAN_POINT('',(-0.00694199235384274,-0.00198813075274574,0.0032));
#11953=CARTESIAN_POINT('',(-0.0134419923467015,-0.00198813075274574,0.0032));
#11954=CARTESIAN_POINT('',(-0.0134419923467015,-0.00198813075274574,0.0032));
#11955=CARTESIAN_POINT('',(-0.0134419923467015,-0.00298813075274575,0.0032));
#11956=CARTESIAN_POINT('',(-0.0134419923467015,-0.00298813075274575,0.0032));
#11957=CARTESIAN_POINT('',(-0.0144419923467016,-0.00298813075274575,0.0032));
#11958=CARTESIAN_POINT('',(-0.0144419923467016,-0.00298813075274575,0.0032));
#11959=CARTESIAN_POINT('',(-0.0144419923467015,-0.00948813074560578,0.0032));
#11960=CARTESIAN_POINT('',(-0.0144419923467015,-0.00948813074560578,0.0032));
#11961=CARTESIAN_POINT('',(-0.0144419923467015,-0.0159881307384659,0.0032));
#11962=CARTESIAN_POINT('',(-0.0144419923467015,-0.0159881307384659,0.0032));
#11963=CARTESIAN_POINT('',(-0.0134419923467016,-0.0159881307384659,0.0032));
#11964=CARTESIAN_POINT('',(-0.0134419923467016,-0.0159881307384659,0.0032));
#11965=CARTESIAN_POINT('',(-0.0134419923467016,-0.0169881307384658,0.0032));
#11966=CARTESIAN_POINT('',(-0.0134419923467016,-0.0169881307384658,0.0032));
#11967=CARTESIAN_POINT('',(-0.00694199235384263,-0.0169881307384658,0.0032));
#11968=CARTESIAN_POINT('',(-0.00694199235384263,-0.0169881307384658,0.0032));
#11969=CARTESIAN_POINT('',(-0.000441992360983745,-0.0169881307384658,0.0032));
#11970=CARTESIAN_POINT('',(-0.000441992360983745,-0.0169881307384658,0.0032));
#11971=CARTESIAN_POINT('',(-0.000441992360983641,-0.0159881307384659,0.0032));
#11972=CARTESIAN_POINT('',(-0.000441992360983641,-0.0159881307384659,0.0032));
#11973=CARTESIAN_POINT('',(-0.00694199235384277,-0.00948813074560668,0.0032));
#11974=CARTESIAN_POINT('',(-0.00694199235384277,-0.00948813074560668,0.0032));
#11975=CARTESIAN_POINT('',(-0.00394199235384277,-0.00948813074560668,0.0032));
#11976=CARTESIAN_POINT('',(-0.00694199235384277,-0.00948813074560668,0.));
#11977=CARTESIAN_POINT('',(-0.00394199235384277,-0.00948813074560668,0.));
#11978=CARTESIAN_POINT('',(-0.0250919923150062,0.00129936925597759,0.0032));
#11979=CARTESIAN_POINT('',(-0.0204734940810086,0.00129936925597761,0.));
#11980=CARTESIAN_POINT('',(-0.00556699235384276,-0.00873813074560668,0.));
#11981=CARTESIAN_POINT('',(-0.00484199235384276,-0.00873813074560668,0.));
#11982=CARTESIAN_POINT('',(-0.00629199235384276,-0.00873813074560668,0.));
#11983=CARTESIAN_POINT('',(-0.00629199235384276,-0.00806313074560668,0.));
#11984=CARTESIAN_POINT('',(-0.00629199235384277,-0.00738813074560668,0.));
#11985=CARTESIAN_POINT('',(-0.00694199235384277,-0.00738813074560668,0.));
#11986=CARTESIAN_POINT('',(-0.00759199235384277,-0.00738813074560668,0.));
#11987=CARTESIAN_POINT('',(-0.00759199235384277,-0.00806313074560668,0.));
#11988=CARTESIAN_POINT('',(-0.00759199235384277,-0.00873813074560668,0.));
#11989=CARTESIAN_POINT('',(-0.00831699235384277,-0.00873813074560668,0.));
#11990=CARTESIAN_POINT('',(-0.00904199235384277,-0.00873813074560668,0.));
#11991=CARTESIAN_POINT('',(-0.00904199235384277,-0.00948813074560668,0.));
#11992=CARTESIAN_POINT('',(-0.00904199235384277,-0.0102381307456067,0.));
#11993=CARTESIAN_POINT('',(-0.00831699235384277,-0.0102381307456067,0.));
#11994=CARTESIAN_POINT('',(-0.00759199235384277,-0.0102381307456067,0.));
#11995=CARTESIAN_POINT('',(-0.00759199235384277,-0.0109131307456067,0.));
#11996=CARTESIAN_POINT('',(-0.00759199235384277,-0.0115881307456067,0.));
#11997=CARTESIAN_POINT('',(-0.00694199235384277,-0.0115881307456067,0.));
#11998=CARTESIAN_POINT('',(-0.00629199235384277,-0.0115881307456067,0.));
#11999=CARTESIAN_POINT('',(-0.00629199235384276,-0.0109131307456067,0.));
#12000=CARTESIAN_POINT('',(-0.00629199235384276,-0.0102381307456067,0.));
#12001=CARTESIAN_POINT('',(-0.00556699235384276,-0.0102381307456067,0.));
#12002=CARTESIAN_POINT('',(-0.00484199235384276,-0.0102381307456067,0.));
#12003=CARTESIAN_POINT('',(-0.00484199235384276,-0.00948813074560668,0.));
#12004=CARTESIAN_POINT('',(-0.00556699235384276,-0.00873813074560668,0.0032));
#12005=CARTESIAN_POINT('',(-0.00484199235384276,-0.00873813074560668,0.0032));
#12006=CARTESIAN_POINT('',(-0.00484199235384276,-0.00873813074560668,0.0032));
#12007=CARTESIAN_POINT('',(-0.00556699235384276,-0.00873813074560668,0.0032));
#12008=CARTESIAN_POINT('',(-0.00629199235384276,-0.00873813074560668,0.0032));
#12009=CARTESIAN_POINT('',(-0.00629199235384276,-0.00873813074560668,0.0032));
#12010=CARTESIAN_POINT('',(-0.00629199235384276,-0.00806313074560668,0.0032));
#12011=CARTESIAN_POINT('',(-0.00629199235384276,-0.00806313074560668,0.0032));
#12012=CARTESIAN_POINT('',(-0.00629199235384277,-0.00738813074560668,0.0032));
#12013=CARTESIAN_POINT('',(-0.00629199235384277,-0.00738813074560668,0.0032));
#12014=CARTESIAN_POINT('',(-0.00694199235384277,-0.00738813074560668,0.0032));
#12015=CARTESIAN_POINT('',(-0.00694199235384277,-0.00738813074560668,0.0032));
#12016=CARTESIAN_POINT('',(-0.00759199235384277,-0.00738813074560668,0.0032));
#12017=CARTESIAN_POINT('',(-0.00759199235384277,-0.00738813074560668,0.0032));
#12018=CARTESIAN_POINT('',(-0.00759199235384277,-0.00806313074560668,0.0032));
#12019=CARTESIAN_POINT('',(-0.00759199235384277,-0.00806313074560668,0.0032));
#12020=CARTESIAN_POINT('',(-0.00759199235384277,-0.00873813074560668,0.0032));
#12021=CARTESIAN_POINT('',(-0.00759199235384277,-0.00873813074560668,0.0032));
#12022=CARTESIAN_POINT('',(-0.00831699235384277,-0.00873813074560668,0.0032));
#12023=CARTESIAN_POINT('',(-0.00831699235384277,-0.00873813074560668,0.0032));
#12024=CARTESIAN_POINT('',(-0.00904199235384277,-0.00873813074560668,0.0032));
#12025=CARTESIAN_POINT('',(-0.00904199235384277,-0.00873813074560668,0.0032));
#12026=CARTESIAN_POINT('',(-0.00904199235384277,-0.00948813074560668,0.0032));
#12027=CARTESIAN_POINT('',(-0.00904199235384277,-0.00948813074560668,0.0032));
#12028=CARTESIAN_POINT('',(-0.00904199235384277,-0.0102381307456067,0.0032));
#12029=CARTESIAN_POINT('',(-0.00904199235384277,-0.0102381307456067,0.0032));
#12030=CARTESIAN_POINT('',(-0.00831699235384277,-0.0102381307456067,0.0032));
#12031=CARTESIAN_POINT('',(-0.00831699235384277,-0.0102381307456067,0.0032));
#12032=CARTESIAN_POINT('',(-0.00759199235384277,-0.0102381307456067,0.0032));
#12033=CARTESIAN_POINT('',(-0.00759199235384277,-0.0102381307456067,0.0032));
#12034=CARTESIAN_POINT('',(-0.00759199235384277,-0.0109131307456067,0.0032));
#12035=CARTESIAN_POINT('',(-0.00759199235384277,-0.0109131307456067,0.0032));
#12036=CARTESIAN_POINT('',(-0.00759199235384277,-0.0115881307456067,0.0032));
#12037=CARTESIAN_POINT('',(-0.00759199235384277,-0.0115881307456067,0.0032));
#12038=CARTESIAN_POINT('',(-0.00694199235384277,-0.0115881307456067,0.0032));
#12039=CARTESIAN_POINT('',(-0.00694199235384277,-0.0115881307456067,0.0032));
#12040=CARTESIAN_POINT('',(-0.00629199235384277,-0.0115881307456067,0.0032));
#12041=CARTESIAN_POINT('',(-0.00629199235384277,-0.0115881307456067,0.0032));
#12042=CARTESIAN_POINT('',(-0.00629199235384276,-0.0109131307456067,0.0032));
#12043=CARTESIAN_POINT('',(-0.00629199235384276,-0.0109131307456067,0.0032));
#12044=CARTESIAN_POINT('',(-0.00629199235384276,-0.0102381307456067,0.0032));
#12045=CARTESIAN_POINT('',(-0.00629199235384276,-0.0102381307456067,0.0032));
#12046=CARTESIAN_POINT('',(-0.00556699235384276,-0.0102381307456067,0.0032));
#12047=CARTESIAN_POINT('',(-0.00556699235384276,-0.0102381307456067,0.0032));
#12048=CARTESIAN_POINT('',(-0.00484199235384276,-0.0102381307456067,0.0032));
#12049=CARTESIAN_POINT('',(-0.00484199235384276,-0.0102381307456067,0.0032));
#12050=CARTESIAN_POINT('',(-0.00484199235384276,-0.00948813074560668,0.0032));
#12051=CARTESIAN_POINT('',(-0.00484199235384276,-0.00948813074560668,0.0032));
#12052=CARTESIAN_POINT('',(-0.0250919923150062,0.00129936925597759,0.0032));
#12053=CARTESIAN_POINT('',(0.,0.,0.));
#12054=CARTESIAN_POINT('',(-0.0475669947358922,0.019086869254423,0.0077));
#12055=CARTESIAN_POINT('',(-0.0475669959390924,0.019086869264109,0.0032));
#12056=CARTESIAN_POINT('',(-0.0475669959391009,0.0120868692712491,0.0032));
#12057=CARTESIAN_POINT('',(-0.0475669959390839,0.0260868692569689,0.0032));
#12058=CARTESIAN_POINT('',(-0.0475669959390839,0.0260868692569689,0.0032));
#12059=CARTESIAN_POINT('',(-0.0475669959390839,0.0260868692569689,0.));
#12060=CARTESIAN_POINT('',(-0.0475669947358922,0.019086869254423,0.));
#12061=CARTESIAN_POINT('',(-0.0475669947358922,0.032586869254423,0.));
#12062=CARTESIAN_POINT('',(-0.0475669947358922,0.032586869254423,0.0077));
#12063=CARTESIAN_POINT('',(-0.0475669947358922,0.032586869254423,0.0077));
#12064=CARTESIAN_POINT('',(-0.0475669947358922,0.019086869254423,0.0077));
#12065=CARTESIAN_POINT('',(-0.0475669947358922,0.00558686925442297,0.0077));
#12066=CARTESIAN_POINT('',(-0.0475669947358922,0.00558686925442297,0.0077));
#12067=CARTESIAN_POINT('',(-0.0475669947358922,0.00558686925442297,0.));
#12068=CARTESIAN_POINT('',(-0.0475669947358922,0.019086869254423,0.));
#12069=CARTESIAN_POINT('',(-0.0475669959391009,0.0120868692712491,0.));
#12070=CARTESIAN_POINT('',(-0.0475669959391009,0.0120868692712491,0.0032));
#12071=CARTESIAN_POINT('',(-0.0615669947216131,0.019086869254423,0.0077));
#12072=CARTESIAN_POINT('',(-0.0615669959248099,0.0190868692641089,0.0032));
#12073=CARTESIAN_POINT('',(-0.0615669947216131,0.0120868692712487,0.0032));
#12074=CARTESIAN_POINT('',(-0.0615669959248099,0.0260868692569692,0.0032));
#12075=CARTESIAN_POINT('',(-0.06156699592481,0.0120868692712487,0.0032));
#12076=CARTESIAN_POINT('',(-0.06156699592481,0.0120868692712487,0.));
#12077=CARTESIAN_POINT('',(-0.0615669947216131,0.019086869254423,0.));
#12078=CARTESIAN_POINT('',(-0.0615669947216131,0.00558686925442297,0.));
#12079=CARTESIAN_POINT('',(-0.0615669947216131,0.00558686925442297,0.0077));
#12080=CARTESIAN_POINT('',(-0.0615669947216131,0.00558686925442297,0.0077));
#12081=CARTESIAN_POINT('',(-0.0615669947216131,0.019086869254423,0.0077));
#12082=CARTESIAN_POINT('',(-0.0615669947216131,0.032586869254423,0.0077));
#12083=CARTESIAN_POINT('',(-0.0615669947216131,0.032586869254423,0.0077));
#12084=CARTESIAN_POINT('',(-0.0615669947216131,0.032586869254423,0.));
#12085=CARTESIAN_POINT('',(-0.0615669947216131,0.019086869254423,0.));
#12086=CARTESIAN_POINT('',(-0.0615669959248099,0.0260868692569692,0.));
#12087=CARTESIAN_POINT('',(-0.0615669959248099,0.0260868692569692,0.0032));
#12088=CARTESIAN_POINT('',(-0.0204734940810086,0.00129936925597761,0.));
#12089=CARTESIAN_POINT('',(-0.0545669959319469,0.026086869256969,0.));
#12090=CARTESIAN_POINT('',(-0.0610669947216131,0.032586869254423,0.));
#12091=CARTESIAN_POINT('',(-0.0610669947216131,0.033086869254423,0.));
#12092=CARTESIAN_POINT('',(-0.0545669947287526,0.0330868692544211,0.));
#12093=CARTESIAN_POINT('',(-0.0480669947358922,0.0330868692544211,0.));
#12094=CARTESIAN_POINT('',(-0.0480669947358922,0.032586869254423,0.));
#12095=CARTESIAN_POINT('',(-0.0204734940810086,0.00129936925597761,0.));
#12096=CARTESIAN_POINT('',(-0.0545669959319555,0.0120868692712489,0.));
#12097=CARTESIAN_POINT('',(-0.0480669947358922,0.00558686925442297,0.));
#12098=CARTESIAN_POINT('',(-0.0480669947358922,0.00508686925442295,0.));
#12099=CARTESIAN_POINT('',(-0.0545669947287526,0.00508686925442295,0.));
#12100=CARTESIAN_POINT('',(-0.061066994721613,0.00508686925442295,0.));
#12101=CARTESIAN_POINT('',(-0.061066994721613,0.00558686925442298,0.));
#12102=CARTESIAN_POINT('',(-0.0480669947358922,0.032586869254423,0.0077));
#12103=CARTESIAN_POINT('',(-0.0480669947358922,0.0330868692544211,0.0077));
#12104=CARTESIAN_POINT('',(-0.0480669947358922,0.0330868692544211,0.0077));
#12105=CARTESIAN_POINT('',(-0.0480669947358922,0.032586869254423,0.0077));
#12106=CARTESIAN_POINT('',(-0.0545669947287526,0.0330868692544211,0.0077));
#12107=CARTESIAN_POINT('',(-0.0610669947216131,0.033086869254423,0.0077));
#12108=CARTESIAN_POINT('',(-0.0610669947216131,0.033086869254423,0.0077));
#12109=CARTESIAN_POINT('',(-0.0545669947287526,0.0330868692544211,0.0077));
#12110=CARTESIAN_POINT('',(-0.0610669947216131,0.032586869254423,0.0077));
#12111=CARTESIAN_POINT('',(-0.0610669947216131,0.032586869254423,0.0077));
#12112=CARTESIAN_POINT('',(-0.061066994721613,0.00558686925442298,0.0077));
#12113=CARTESIAN_POINT('',(-0.061066994721613,0.00508686925442295,0.0077));
#12114=CARTESIAN_POINT('',(-0.061066994721613,0.00508686925442295,0.0077));
#12115=CARTESIAN_POINT('',(-0.061066994721613,0.00558686925442298,0.0077));
#12116=CARTESIAN_POINT('',(-0.0545669947287526,0.00508686925442295,0.0077));
#12117=CARTESIAN_POINT('',(-0.0480669947358922,0.00508686925442295,0.0077));
#12118=CARTESIAN_POINT('',(-0.0480669947358922,0.00508686925442295,0.0077));
#12119=CARTESIAN_POINT('',(-0.0545669947287526,0.00508686925442295,0.0077));
#12120=CARTESIAN_POINT('',(-0.0480669947358922,0.00558686925442297,0.0077));
#12121=CARTESIAN_POINT('',(-0.0480669947358922,0.00558686925442297,0.0077));
#12122=CARTESIAN_POINT('',(-0.0204734940810086,0.00129936925597761,0.0077));
#12123=CARTESIAN_POINT('',(-0.0545669959319469,0.026086869256969,0.0032));
#12124=CARTESIAN_POINT('',(-0.0545669959319469,0.026086869256969,0.0032));
#12125=CARTESIAN_POINT('',(-0.0545669959319555,0.0120868692712489,0.0032));
#12126=CARTESIAN_POINT('',(-0.0545669959319555,0.0120868692712489,0.0032));
#12127=CARTESIAN_POINT('',(-0.0545669959319512,0.0190868692641097,0.0032));
#12128=CARTESIAN_POINT('',(-0.0545669959319512,0.0190868692641097,0.0032));
#12129=CARTESIAN_POINT('',(-0.0515669959319512,0.0190868692641097,0.0032));
#12130=CARTESIAN_POINT('',(-0.0545669959319512,0.0190868692641097,0.));
#12131=CARTESIAN_POINT('',(-0.0515669959319512,0.0190868692641097,0.));
#12132=CARTESIAN_POINT('',(-0.0250919923150062,0.00129936925597759,0.0032));
#12133=CARTESIAN_POINT('',(-0.0204734940810086,0.00129936925597761,0.));
#12134=CARTESIAN_POINT('',(-0.0566669959319512,0.0190868692641097,0.));
#12135=CARTESIAN_POINT('',(-0.0566669959319512,0.0198368692641097,0.));
#12136=CARTESIAN_POINT('',(-0.0566669959319512,0.0183368692641097,0.));
#12137=CARTESIAN_POINT('',(-0.0559419959319512,0.0183368692641097,0.));
#12138=CARTESIAN_POINT('',(-0.0552169959319512,0.0183368692641097,0.));
#12139=CARTESIAN_POINT('',(-0.0552169959319512,0.0176618692641097,0.));
#12140=CARTESIAN_POINT('',(-0.0552169959319512,0.0169868692641097,0.));
#12141=CARTESIAN_POINT('',(-0.0545669959319512,0.0169868692641097,0.));
#12142=CARTESIAN_POINT('',(-0.0539169959319512,0.0169868692641097,0.));
#12143=CARTESIAN_POINT('',(-0.0539169959319512,0.0176618692641097,0.));
#12144=CARTESIAN_POINT('',(-0.0539169959319512,0.0183368692641097,0.));
#12145=CARTESIAN_POINT('',(-0.0531919959319512,0.0183368692641097,0.));
#12146=CARTESIAN_POINT('',(-0.0524669959319512,0.0183368692641097,0.));
#12147=CARTESIAN_POINT('',(-0.0524669959319512,0.0190868692641097,0.));
#12148=CARTESIAN_POINT('',(-0.0524669959319512,0.0198368692641097,0.));
#12149=CARTESIAN_POINT('',(-0.0531919959319512,0.0198368692641097,0.));
#12150=CARTESIAN_POINT('',(-0.0539169959319512,0.0198368692641097,0.));
#12151=CARTESIAN_POINT('',(-0.0539169959319512,0.0205118692641097,0.));
#12152=CARTESIAN_POINT('',(-0.0539169959319512,0.0211868692641097,0.));
#12153=CARTESIAN_POINT('',(-0.0545669959319512,0.0211868692641097,0.));
#12154=CARTESIAN_POINT('',(-0.0552169959319512,0.0211868692641097,0.));
#12155=CARTESIAN_POINT('',(-0.0552169959319512,0.0205118692641097,0.));
#12156=CARTESIAN_POINT('',(-0.0552169959319512,0.0198368692641097,0.));
#12157=CARTESIAN_POINT('',(-0.0559419959319512,0.0198368692641097,0.));
#12158=CARTESIAN_POINT('',(-0.0566669959319512,0.0190868692641097,0.0032));
#12159=CARTESIAN_POINT('',(-0.0566669959319512,0.0198368692641097,0.0032));
#12160=CARTESIAN_POINT('',(-0.0566669959319512,0.0198368692641097,0.0032));
#12161=CARTESIAN_POINT('',(-0.0566669959319512,0.0190868692641097,0.0032));
#12162=CARTESIAN_POINT('',(-0.0566669959319512,0.0183368692641097,0.0032));
#12163=CARTESIAN_POINT('',(-0.0566669959319512,0.0183368692641097,0.0032));
#12164=CARTESIAN_POINT('',(-0.0559419959319512,0.0183368692641097,0.0032));
#12165=CARTESIAN_POINT('',(-0.0559419959319512,0.0183368692641097,0.0032));
#12166=CARTESIAN_POINT('',(-0.0552169959319512,0.0183368692641097,0.0032));
#12167=CARTESIAN_POINT('',(-0.0552169959319512,0.0183368692641097,0.0032));
#12168=CARTESIAN_POINT('',(-0.0552169959319512,0.0176618692641097,0.0032));
#12169=CARTESIAN_POINT('',(-0.0552169959319512,0.0176618692641097,0.0032));
#12170=CARTESIAN_POINT('',(-0.0552169959319512,0.0169868692641097,0.0032));
#12171=CARTESIAN_POINT('',(-0.0552169959319512,0.0169868692641097,0.0032));
#12172=CARTESIAN_POINT('',(-0.0545669959319512,0.0169868692641097,0.0032));
#12173=CARTESIAN_POINT('',(-0.0545669959319512,0.0169868692641097,0.0032));
#12174=CARTESIAN_POINT('',(-0.0539169959319512,0.0169868692641097,0.0032));
#12175=CARTESIAN_POINT('',(-0.0539169959319512,0.0169868692641097,0.0032));
#12176=CARTESIAN_POINT('',(-0.0539169959319512,0.0176618692641097,0.0032));
#12177=CARTESIAN_POINT('',(-0.0539169959319512,0.0176618692641097,0.0032));
#12178=CARTESIAN_POINT('',(-0.0539169959319512,0.0183368692641097,0.0032));
#12179=CARTESIAN_POINT('',(-0.0539169959319512,0.0183368692641097,0.0032));
#12180=CARTESIAN_POINT('',(-0.0531919959319512,0.0183368692641097,0.0032));
#12181=CARTESIAN_POINT('',(-0.0531919959319512,0.0183368692641097,0.0032));
#12182=CARTESIAN_POINT('',(-0.0524669959319512,0.0183368692641097,0.0032));
#12183=CARTESIAN_POINT('',(-0.0524669959319512,0.0183368692641097,0.0032));
#12184=CARTESIAN_POINT('',(-0.0524669959319512,0.0190868692641097,0.0032));
#12185=CARTESIAN_POINT('',(-0.0524669959319512,0.0190868692641097,0.0032));
#12186=CARTESIAN_POINT('',(-0.0524669959319512,0.0198368692641097,0.0032));
#12187=CARTESIAN_POINT('',(-0.0524669959319512,0.0198368692641097,0.0032));
#12188=CARTESIAN_POINT('',(-0.0531919959319512,0.0198368692641097,0.0032));
#12189=CARTESIAN_POINT('',(-0.0531919959319512,0.0198368692641097,0.0032));
#12190=CARTESIAN_POINT('',(-0.0539169959319512,0.0198368692641097,0.0032));
#12191=CARTESIAN_POINT('',(-0.0539169959319512,0.0198368692641097,0.0032));
#12192=CARTESIAN_POINT('',(-0.0539169959319512,0.0205118692641097,0.0032));
#12193=CARTESIAN_POINT('',(-0.0539169959319512,0.0205118692641097,0.0032));
#12194=CARTESIAN_POINT('',(-0.0539169959319512,0.0211868692641097,0.0032));
#12195=CARTESIAN_POINT('',(-0.0539169959319512,0.0211868692641097,0.0032));
#12196=CARTESIAN_POINT('',(-0.0545669959319512,0.0211868692641097,0.0032));
#12197=CARTESIAN_POINT('',(-0.0545669959319512,0.0211868692641097,0.0032));
#12198=CARTESIAN_POINT('',(-0.0552169959319512,0.0211868692641097,0.0032));
#12199=CARTESIAN_POINT('',(-0.0552169959319512,0.0211868692641097,0.0032));
#12200=CARTESIAN_POINT('',(-0.0552169959319512,0.0205118692641097,0.0032));
#12201=CARTESIAN_POINT('',(-0.0552169959319512,0.0205118692641097,0.0032));
#12202=CARTESIAN_POINT('',(-0.0552169959319512,0.0198368692641097,0.0032));
#12203=CARTESIAN_POINT('',(-0.0552169959319512,0.0198368692641097,0.0032));
#12204=CARTESIAN_POINT('',(-0.0559419959319512,0.0198368692641097,0.0032));
#12205=CARTESIAN_POINT('',(-0.0559419959319512,0.0198368692641097,0.0032));
#12206=CARTESIAN_POINT('',(-0.0250919923150062,0.00129936925597759,0.0032));
#12207=CARTESIAN_POINT('',(0.,0.,0.));
#12208=CARTESIAN_POINT('',(-0.0204734940810086,0.00129936925597761,0.));
#12209=CARTESIAN_POINT('',(-0.0575919923609836,-0.0159881307384658,0.));
#12210=CARTESIAN_POINT('',(-0.0575919923609838,-0.0169881307384658,0.));
#12211=CARTESIAN_POINT('',(-0.0565919923609837,-0.0159881307384658,0.));
#12212=CARTESIAN_POINT('',(-0.0565919923609838,-0.00948813074560578,0.));
#12213=CARTESIAN_POINT('',(-0.056591992360984,-0.00298813075274571,0.));
#12214=CARTESIAN_POINT('',(-0.057591992360984,-0.00298813075274573,0.));
#12215=CARTESIAN_POINT('',(-0.057591992360984,-0.00198813075274574,0.));
#12216=CARTESIAN_POINT('',(-0.0640919923538428,-0.00198813075274574,0.));
#12217=CARTESIAN_POINT('',(-0.0705919923467016,-0.00198813075274574,0.));
#12218=CARTESIAN_POINT('',(-0.0705919923467016,-0.00298813075274575,0.));
#12219=CARTESIAN_POINT('',(-0.0715919923467016,-0.00298813075274575,0.));
#12220=CARTESIAN_POINT('',(-0.0715919923467015,-0.00948813074560578,0.));
#12221=CARTESIAN_POINT('',(-0.0715919923467015,-0.0159881307384659,0.));
#12222=CARTESIAN_POINT('',(-0.0705919923467016,-0.0159881307384659,0.));
#12223=CARTESIAN_POINT('',(-0.0705919923467016,-0.0169881307384658,0.));
#12224=CARTESIAN_POINT('',(-0.0640919923538427,-0.0169881307384658,0.));
#12225=CARTESIAN_POINT('',(-0.0547919922638313,-0.0129006307420102,0.));
#12226=CARTESIAN_POINT('',(-0.0547919922638313,0.00418686925442139,0.));
#12227=CARTESIAN_POINT('',(-0.0547919922638313,-0.0299881307384419,0.));
#12228=CARTESIAN_POINT('',(-0.0552919922638313,-0.0299881307384419,0.));
#12229=CARTESIAN_POINT('',(-0.0552919922638313,-0.0304881307384419,0.));
#12230=CARTESIAN_POINT('',(-0.0640919922566884,-0.0304881307384419,0.));
#12231=CARTESIAN_POINT('',(-0.0728919922495454,-0.0304881307384419,0.));
#12232=CARTESIAN_POINT('',(-0.0728919922495454,-0.0299881307384419,0.));
#12233=CARTESIAN_POINT('',(-0.0733919922495454,-0.0299881307384419,0.));
#12234=CARTESIAN_POINT('',(-0.0733919922495454,-0.0129006307420095,0.));
#12235=CARTESIAN_POINT('',(-0.0733919922495454,0.00418686925442296,0.));
#12236=CARTESIAN_POINT('',(-0.0728919922495454,0.00418686925442296,0.));
#12237=CARTESIAN_POINT('',(-0.0728919922495454,0.00468686925442296,0.));
#12238=CARTESIAN_POINT('',(-0.0698044934927188,0.00468686925442296,0.));
#12239=CARTESIAN_POINT('',(-0.0667169947358923,0.00468686925442296,0.));
#12240=CARTESIAN_POINT('',(-0.0667169947358923,0.00518686925442296,0.));
#12241=CARTESIAN_POINT('',(-0.0662169947358923,0.00518686925442296,0.));
#12242=CARTESIAN_POINT('',(-0.0662169947358923,0.018886869254422,0.));
#12243=CARTESIAN_POINT('',(-0.0662169947358923,0.0325868692544211,0.));
#12244=CARTESIAN_POINT('',(-0.0657169947358923,0.0325868692544211,0.));
#12245=CARTESIAN_POINT('',(-0.0657169947358923,0.0330868692544211,0.));
#12246=CARTESIAN_POINT('',(-0.0640919947287527,0.0330868692544211,0.));
#12247=CARTESIAN_POINT('',(-0.0624669947216131,0.0330868692544211,0.));
#12248=CARTESIAN_POINT('',(-0.0624669947216131,0.0325868692544211,0.));
#12249=CARTESIAN_POINT('',(-0.0619669947216131,0.0325868692544211,0.));
#12250=CARTESIAN_POINT('',(-0.0619669947216131,0.0188868692544213,0.));
#12251=CARTESIAN_POINT('',(-0.0619669947216131,0.00518686925442139,0.));
#12252=CARTESIAN_POINT('',(-0.0614669947216131,0.00518686925442139,0.));
#12253=CARTESIAN_POINT('',(-0.0614669947216131,0.0046868692544214,0.));
#12254=CARTESIAN_POINT('',(-0.0583794934927222,0.00468686925442139,0.));
#12255=CARTESIAN_POINT('',(-0.0552919922638313,0.0046868692544214,0.));
#12256=CARTESIAN_POINT('',(-0.0552919922638313,0.00418686925442141,0.));
#12257=CARTESIAN_POINT('',(-0.0547919922638313,-0.0129006307420102,0.0057));
#12258=CARTESIAN_POINT('',(-0.0547919922638313,0.00418686925442139,0.0057));
#12259=CARTESIAN_POINT('',(-0.0547919922638313,0.00418686925442139,0.0057));
#12260=CARTESIAN_POINT('',(-0.0547919922638313,-0.0129006307420102,0.0057));
#12261=CARTESIAN_POINT('',(-0.0547919922638313,-0.0299881307384419,0.0057));
#12262=CARTESIAN_POINT('',(-0.0547919922638313,-0.0299881307384419,0.0057));
#12263=CARTESIAN_POINT('',(-0.0552919922638313,0.00418686925442141,0.0057));
#12264=CARTESIAN_POINT('',(-0.0552919922638313,0.0046868692544214,0.0057));
#12265=CARTESIAN_POINT('',(-0.0552919922638313,0.0046868692544214,0.0057));
#12266=CARTESIAN_POINT('',(-0.0552919922638313,0.00418686925442141,0.0057));
#12267=CARTESIAN_POINT('',(-0.0583794934927222,0.00468686925442139,0.0057));
#12268=CARTESIAN_POINT('',(-0.0614669947216131,0.0046868692544214,0.0057));
#12269=CARTESIAN_POINT('',(-0.0614669947216131,0.0046868692544214,0.0057));
#12270=CARTESIAN_POINT('',(-0.0583794934927222,0.00468686925442139,0.0057));
#12271=CARTESIAN_POINT('',(-0.0614669947216131,0.00518686925442139,0.0057));
#12272=CARTESIAN_POINT('',(-0.0619669947216131,0.00518686925442139,0.0057));
#12273=CARTESIAN_POINT('',(-0.0619669947216131,0.00518686925442139,0.0057));
#12274=CARTESIAN_POINT('',(-0.0614669947216131,0.00518686925442139,0.0057));
#12275=CARTESIAN_POINT('',(-0.0619669947216131,0.0188868692544213,0.0057));
#12276=CARTESIAN_POINT('',(-0.0619669947216131,0.0325868692544211,0.0057));
#12277=CARTESIAN_POINT('',(-0.0619669947216131,0.0325868692544211,0.0057));
#12278=CARTESIAN_POINT('',(-0.0619669947216131,0.0188868692544213,0.0057));
#12279=CARTESIAN_POINT('',(-0.0624669947216131,0.0325868692544211,0.0057));
#12280=CARTESIAN_POINT('',(-0.0624669947216131,0.0330868692544211,0.0057));
#12281=CARTESIAN_POINT('',(-0.0624669947216131,0.0330868692544211,0.0057));
#12282=CARTESIAN_POINT('',(-0.0624669947216131,0.0325868692544211,0.0057));
#12283=CARTESIAN_POINT('',(-0.0640919947287527,0.0330868692544211,0.0057));
#12284=CARTESIAN_POINT('',(-0.0657169947358923,0.0330868692544211,0.0057));
#12285=CARTESIAN_POINT('',(-0.0657169947358923,0.0330868692544211,0.0057));
#12286=CARTESIAN_POINT('',(-0.0640919947287527,0.0330868692544211,0.0057));
#12287=CARTESIAN_POINT('',(-0.0657169947358923,0.0325868692544211,0.0057));
#12288=CARTESIAN_POINT('',(-0.0662169947358923,0.0325868692544211,0.0057));
#12289=CARTESIAN_POINT('',(-0.0662169947358923,0.0325868692544211,0.0057));
#12290=CARTESIAN_POINT('',(-0.0657169947358923,0.0325868692544211,0.0057));
#12291=CARTESIAN_POINT('',(-0.0662169947358923,0.018886869254422,0.0057));
#12292=CARTESIAN_POINT('',(-0.0662169947358923,0.00518686925442296,0.0057));
#12293=CARTESIAN_POINT('',(-0.0662169947358923,0.00518686925442296,0.0057));
#12294=CARTESIAN_POINT('',(-0.0662169947358923,0.018886869254422,0.0057));
#12295=CARTESIAN_POINT('',(-0.0667169947358923,0.00518686925442296,0.0057));
#12296=CARTESIAN_POINT('',(-0.0667169947358923,0.00468686925442296,0.0057));
#12297=CARTESIAN_POINT('',(-0.0667169947358923,0.00468686925442296,0.0057));
#12298=CARTESIAN_POINT('',(-0.0667169947358923,0.00518686925442296,0.0057));
#12299=CARTESIAN_POINT('',(-0.0698044934927188,0.00468686925442296,0.0057));
#12300=CARTESIAN_POINT('',(-0.0728919922495454,0.00468686925442296,0.0057));
#12301=CARTESIAN_POINT('',(-0.0728919922495454,0.00468686925442296,0.0057));
#12302=CARTESIAN_POINT('',(-0.0698044934927188,0.00468686925442296,0.0057));
#12303=CARTESIAN_POINT('',(-0.0728919922495454,0.00418686925442296,0.0057));
#12304=CARTESIAN_POINT('',(-0.0733919922495454,0.00418686925442296,0.0057));
#12305=CARTESIAN_POINT('',(-0.0733919922495454,0.00418686925442296,0.0057));
#12306=CARTESIAN_POINT('',(-0.0728919922495454,0.00418686925442296,0.0057));
#12307=CARTESIAN_POINT('',(-0.0733919922495454,-0.0129006307420095,0.0057));
#12308=CARTESIAN_POINT('',(-0.0733919922495454,-0.0299881307384419,0.0057));
#12309=CARTESIAN_POINT('',(-0.0733919922495454,-0.0299881307384419,0.0057));
#12310=CARTESIAN_POINT('',(-0.0733919922495454,-0.0129006307420095,0.0057));
#12311=CARTESIAN_POINT('',(-0.0728919922495454,-0.0299881307384419,0.0057));
#12312=CARTESIAN_POINT('',(-0.0728919922495454,-0.0304881307384419,0.0057));
#12313=CARTESIAN_POINT('',(-0.0728919922495454,-0.0304881307384419,0.0057));
#12314=CARTESIAN_POINT('',(-0.0728919922495454,-0.0299881307384419,0.0057));
#12315=CARTESIAN_POINT('',(-0.0640919922566884,-0.0304881307384419,0.0057));
#12316=CARTESIAN_POINT('',(-0.0552919922638313,-0.0304881307384419,0.0057));
#12317=CARTESIAN_POINT('',(-0.0552919922638313,-0.0304881307384419,0.0057));
#12318=CARTESIAN_POINT('',(-0.0640919922566884,-0.0304881307384419,0.0057));
#12319=CARTESIAN_POINT('',(-0.0552919922638313,-0.0299881307384419,0.0057));
#12320=CARTESIAN_POINT('',(-0.0552919922638313,-0.0299881307384419,0.0057));
#12321=CARTESIAN_POINT('',(-0.0204734940810086,0.00129936925597761,0.0057));
#12322=CARTESIAN_POINT('',(-0.0565919923609838,-0.00948813074560578,0.0032));
#12323=CARTESIAN_POINT('',(-0.0565919923609837,-0.0159881307384658,0.0032));
#12324=CARTESIAN_POINT('',(-0.0565919923609837,-0.0159881307384658,0.0032));
#12325=CARTESIAN_POINT('',(-0.0565919923609838,-0.00948813074560578,0.0032));
#12326=CARTESIAN_POINT('',(-0.056591992360984,-0.00298813075274571,0.0032));
#12327=CARTESIAN_POINT('',(-0.056591992360984,-0.00298813075274571,0.0032));
#12328=CARTESIAN_POINT('',(-0.057591992360984,-0.00298813075274573,0.0032));
#12329=CARTESIAN_POINT('',(-0.057591992360984,-0.00298813075274573,0.0032));
#12330=CARTESIAN_POINT('',(-0.057591992360984,-0.00198813075274574,0.0032));
#12331=CARTESIAN_POINT('',(-0.057591992360984,-0.00198813075274574,0.0032));
#12332=CARTESIAN_POINT('',(-0.0640919923538428,-0.00198813075274574,0.0032));
#12333=CARTESIAN_POINT('',(-0.0640919923538428,-0.00198813075274574,0.0032));
#12334=CARTESIAN_POINT('',(-0.0705919923467016,-0.00198813075274574,0.0032));
#12335=CARTESIAN_POINT('',(-0.0705919923467016,-0.00198813075274574,0.0032));
#12336=CARTESIAN_POINT('',(-0.0705919923467016,-0.00298813075274575,0.0032));
#12337=CARTESIAN_POINT('',(-0.0705919923467016,-0.00298813075274575,0.0032));
#12338=CARTESIAN_POINT('',(-0.0715919923467016,-0.00298813075274575,0.0032));
#12339=CARTESIAN_POINT('',(-0.0715919923467016,-0.00298813075274575,0.0032));
#12340=CARTESIAN_POINT('',(-0.0715919923467015,-0.00948813074560578,0.0032));
#12341=CARTESIAN_POINT('',(-0.0715919923467015,-0.00948813074560578,0.0032));
#12342=CARTESIAN_POINT('',(-0.0715919923467015,-0.0159881307384659,0.0032));
#12343=CARTESIAN_POINT('',(-0.0715919923467015,-0.0159881307384659,0.0032));
#12344=CARTESIAN_POINT('',(-0.0705919923467016,-0.0159881307384659,0.0032));
#12345=CARTESIAN_POINT('',(-0.0705919923467016,-0.0159881307384659,0.0032));
#12346=CARTESIAN_POINT('',(-0.0705919923467016,-0.0169881307384658,0.0032));
#12347=CARTESIAN_POINT('',(-0.0705919923467016,-0.0169881307384658,0.0032));
#12348=CARTESIAN_POINT('',(-0.0640919923538427,-0.0169881307384658,0.0032));
#12349=CARTESIAN_POINT('',(-0.0640919923538427,-0.0169881307384658,0.0032));
#12350=CARTESIAN_POINT('',(-0.0575919923609838,-0.0169881307384658,0.0032));
#12351=CARTESIAN_POINT('',(-0.0575919923609838,-0.0169881307384658,0.0032));
#12352=CARTESIAN_POINT('',(-0.0575919923609836,-0.0159881307384658,0.0032));
#12353=CARTESIAN_POINT('',(-0.0575919923609836,-0.0159881307384658,0.0032));
#12354=CARTESIAN_POINT('',(-0.0640919923538428,-0.00948813074560668,0.0032));
#12355=CARTESIAN_POINT('',(-0.0640919923538428,-0.00948813074560668,0.0032));
#12356=CARTESIAN_POINT('',(-0.0610919923538428,-0.00948813074560668,0.0032));
#12357=CARTESIAN_POINT('',(-0.0640919923538428,-0.00948813074560668,0.));
#12358=CARTESIAN_POINT('',(-0.0610919923538428,-0.00948813074560668,0.));
#12359=CARTESIAN_POINT('',(-0.0250919923150062,0.00129936925597759,0.0032));
#12360=CARTESIAN_POINT('',(-0.0204734940810086,0.00129936925597761,0.));
#12361=CARTESIAN_POINT('',(-0.0627169923538428,-0.00873813074560668,0.));
#12362=CARTESIAN_POINT('',(-0.0619919923538428,-0.00873813074560668,0.));
#12363=CARTESIAN_POINT('',(-0.0634419923538428,-0.00873813074560668,0.));
#12364=CARTESIAN_POINT('',(-0.0634419923538428,-0.00806313074560668,0.));
#12365=CARTESIAN_POINT('',(-0.0634419923538428,-0.00738813074560668,0.));
#12366=CARTESIAN_POINT('',(-0.0640919923538428,-0.00738813074560668,0.));
#12367=CARTESIAN_POINT('',(-0.0647419923538428,-0.00738813074560668,0.));
#12368=CARTESIAN_POINT('',(-0.0647419923538428,-0.00806313074560668,0.));
#12369=CARTESIAN_POINT('',(-0.0647419923538428,-0.00873813074560668,0.));
#12370=CARTESIAN_POINT('',(-0.0654669923538428,-0.00873813074560668,0.));
#12371=CARTESIAN_POINT('',(-0.0661919923538428,-0.00873813074560668,0.));
#12372=CARTESIAN_POINT('',(-0.0661919923538428,-0.00948813074560668,0.));
#12373=CARTESIAN_POINT('',(-0.0661919923538428,-0.0102381307456067,0.));
#12374=CARTESIAN_POINT('',(-0.0654669923538428,-0.0102381307456067,0.));
#12375=CARTESIAN_POINT('',(-0.0647419923538428,-0.0102381307456067,0.));
#12376=CARTESIAN_POINT('',(-0.0647419923538428,-0.0109131307456067,0.));
#12377=CARTESIAN_POINT('',(-0.0647419923538428,-0.0115881307456067,0.));
#12378=CARTESIAN_POINT('',(-0.0640919923538428,-0.0115881307456067,0.));
#12379=CARTESIAN_POINT('',(-0.0634419923538428,-0.0115881307456067,0.));
#12380=CARTESIAN_POINT('',(-0.0634419923538428,-0.0109131307456067,0.));
#12381=CARTESIAN_POINT('',(-0.0634419923538428,-0.0102381307456067,0.));
#12382=CARTESIAN_POINT('',(-0.0627169923538428,-0.0102381307456067,0.));
#12383=CARTESIAN_POINT('',(-0.0619919923538428,-0.0102381307456067,0.));
#12384=CARTESIAN_POINT('',(-0.0619919923538428,-0.00948813074560668,0.));
#12385=CARTESIAN_POINT('',(-0.0627169923538428,-0.00873813074560668,0.0032));
#12386=CARTESIAN_POINT('',(-0.0619919923538428,-0.00873813074560668,0.0032));
#12387=CARTESIAN_POINT('',(-0.0619919923538428,-0.00873813074560668,0.0032));
#12388=CARTESIAN_POINT('',(-0.0627169923538428,-0.00873813074560668,0.0032));
#12389=CARTESIAN_POINT('',(-0.0634419923538428,-0.00873813074560668,0.0032));
#12390=CARTESIAN_POINT('',(-0.0634419923538428,-0.00873813074560668,0.0032));
#12391=CARTESIAN_POINT('',(-0.0634419923538428,-0.00806313074560668,0.0032));
#12392=CARTESIAN_POINT('',(-0.0634419923538428,-0.00806313074560668,0.0032));
#12393=CARTESIAN_POINT('',(-0.0634419923538428,-0.00738813074560668,0.0032));
#12394=CARTESIAN_POINT('',(-0.0634419923538428,-0.00738813074560668,0.0032));
#12395=CARTESIAN_POINT('',(-0.0640919923538428,-0.00738813074560668,0.0032));
#12396=CARTESIAN_POINT('',(-0.0640919923538428,-0.00738813074560668,0.0032));
#12397=CARTESIAN_POINT('',(-0.0647419923538428,-0.00738813074560668,0.0032));
#12398=CARTESIAN_POINT('',(-0.0647419923538428,-0.00738813074560668,0.0032));
#12399=CARTESIAN_POINT('',(-0.0647419923538428,-0.00806313074560668,0.0032));
#12400=CARTESIAN_POINT('',(-0.0647419923538428,-0.00806313074560668,0.0032));
#12401=CARTESIAN_POINT('',(-0.0647419923538428,-0.00873813074560668,0.0032));
#12402=CARTESIAN_POINT('',(-0.0647419923538428,-0.00873813074560668,0.0032));
#12403=CARTESIAN_POINT('',(-0.0654669923538428,-0.00873813074560668,0.0032));
#12404=CARTESIAN_POINT('',(-0.0654669923538428,-0.00873813074560668,0.0032));
#12405=CARTESIAN_POINT('',(-0.0661919923538428,-0.00873813074560668,0.0032));
#12406=CARTESIAN_POINT('',(-0.0661919923538428,-0.00873813074560668,0.0032));
#12407=CARTESIAN_POINT('',(-0.0661919923538428,-0.00948813074560668,0.0032));
#12408=CARTESIAN_POINT('',(-0.0661919923538428,-0.00948813074560668,0.0032));
#12409=CARTESIAN_POINT('',(-0.0661919923538428,-0.0102381307456067,0.0032));
#12410=CARTESIAN_POINT('',(-0.0661919923538428,-0.0102381307456067,0.0032));
#12411=CARTESIAN_POINT('',(-0.0654669923538428,-0.0102381307456067,0.0032));
#12412=CARTESIAN_POINT('',(-0.0654669923538428,-0.0102381307456067,0.0032));
#12413=CARTESIAN_POINT('',(-0.0647419923538428,-0.0102381307456067,0.0032));
#12414=CARTESIAN_POINT('',(-0.0647419923538428,-0.0102381307456067,0.0032));
#12415=CARTESIAN_POINT('',(-0.0647419923538428,-0.0109131307456067,0.0032));
#12416=CARTESIAN_POINT('',(-0.0647419923538428,-0.0109131307456067,0.0032));
#12417=CARTESIAN_POINT('',(-0.0647419923538428,-0.0115881307456067,0.0032));
#12418=CARTESIAN_POINT('',(-0.0647419923538428,-0.0115881307456067,0.0032));
#12419=CARTESIAN_POINT('',(-0.0640919923538428,-0.0115881307456067,0.0032));
#12420=CARTESIAN_POINT('',(-0.0640919923538428,-0.0115881307456067,0.0032));
#12421=CARTESIAN_POINT('',(-0.0634419923538428,-0.0115881307456067,0.0032));
#12422=CARTESIAN_POINT('',(-0.0634419923538428,-0.0115881307456067,0.0032));
#12423=CARTESIAN_POINT('',(-0.0634419923538428,-0.0109131307456067,0.0032));
#12424=CARTESIAN_POINT('',(-0.0634419923538428,-0.0109131307456067,0.0032));
#12425=CARTESIAN_POINT('',(-0.0634419923538428,-0.0102381307456067,0.0032));
#12426=CARTESIAN_POINT('',(-0.0634419923538428,-0.0102381307456067,0.0032));
#12427=CARTESIAN_POINT('',(-0.0627169923538428,-0.0102381307456067,0.0032));
#12428=CARTESIAN_POINT('',(-0.0627169923538428,-0.0102381307456067,0.0032));
#12429=CARTESIAN_POINT('',(-0.0619919923538428,-0.0102381307456067,0.0032));
#12430=CARTESIAN_POINT('',(-0.0619919923538428,-0.0102381307456067,0.0032));
#12431=CARTESIAN_POINT('',(-0.0619919923538428,-0.00948813074560668,0.0032));
#12432=CARTESIAN_POINT('',(-0.0619919923538428,-0.00948813074560668,0.0032));
#12433=CARTESIAN_POINT('',(-0.0250919923150062,0.00129936925597759,0.0032));
#12434=CARTESIAN_POINT('',(0.,0.,0.));
#12435=CARTESIAN_POINT('',(-0.0204734940810086,0.00129936925597761,0.));
#12436=CARTESIAN_POINT('',(0.0376580076390164,-0.0159881307384659,0.));
#12437=CARTESIAN_POINT('',(0.0376580076390163,-0.0169881307384658,0.));
#12438=CARTESIAN_POINT('',(0.0386580076390164,-0.0159881307384659,0.));
#12439=CARTESIAN_POINT('',(0.0386580076390162,-0.00948813074560578,0.));
#12440=CARTESIAN_POINT('',(0.038658007639016,-0.00298813075274573,0.));
#12441=CARTESIAN_POINT('',(0.037658007639016,-0.00298813075274573,0.));
#12442=CARTESIAN_POINT('',(0.037658007639016,-0.00198813075274574,0.));
#12443=CARTESIAN_POINT('',(0.0311580076461573,-0.00198813075274574,0.));
#12444=CARTESIAN_POINT('',(0.0246580076532985,-0.00198813075274574,0.));
#12445=CARTESIAN_POINT('',(0.0246580076532984,-0.00298813075274575,0.));
#12446=CARTESIAN_POINT('',(0.0236580076532984,-0.00298813075274575,0.));
#12447=CARTESIAN_POINT('',(0.0236580076532985,-0.00948813074560578,0.));
#12448=CARTESIAN_POINT('',(0.0236580076532985,-0.0159881307384659,0.));
#12449=CARTESIAN_POINT('',(0.0246580076532984,-0.0159881307384659,0.));
#12450=CARTESIAN_POINT('',(0.0246580076532984,-0.0169881307384658,0.));
#12451=CARTESIAN_POINT('',(0.0311580076461574,-0.0169881307384658,0.));
#12452=CARTESIAN_POINT('',(0.0399580077166892,-0.0299881307424678,0.));
#12453=CARTESIAN_POINT('',(0.0404580077166892,-0.0299881307424678,0.));
#12454=CARTESIAN_POINT('',(0.0399580077166892,-0.0304881307424678,0.));
#12455=CARTESIAN_POINT('',(0.0311580077238553,-0.0304881307424678,0.));
#12456=CARTESIAN_POINT('',(0.0223580077310214,-0.0304881307424678,0.));
#12457=CARTESIAN_POINT('',(0.0223580077310214,-0.0299881307424678,0.));
#12458=CARTESIAN_POINT('',(0.0218580077310213,-0.0299881307424678,0.));
#12459=CARTESIAN_POINT('',(0.0218580077310213,-0.0129006307440224,0.));
#12460=CARTESIAN_POINT('',(0.0218580077310213,0.00418686925442295,0.));
#12461=CARTESIAN_POINT('',(0.0223580077310214,0.00418686925442294,0.));
#12462=CARTESIAN_POINT('',(0.0223580077310214,0.00468686925442295,0.));
#12463=CARTESIAN_POINT('',(0.0254455089696288,0.00468686925442295,0.));
#12464=CARTESIAN_POINT('',(0.0285330102082363,0.00468686925442295,0.));
#12465=CARTESIAN_POINT('',(0.0285330102082363,0.00518686925442296,0.));
#12466=CARTESIAN_POINT('',(0.0290330102082363,0.00518686925442295,0.));
#12467=CARTESIAN_POINT('',(0.0290330102082363,0.018886869254423,0.));
#12468=CARTESIAN_POINT('',(0.0290330102082363,0.032586869254423,0.));
#12469=CARTESIAN_POINT('',(0.0295330102082363,0.0325868692544229,0.));
#12470=CARTESIAN_POINT('',(0.0295330102082363,0.033086869254423,0.));
#12471=CARTESIAN_POINT('',(0.0347455089624628,0.033086869254423,0.));
#12472=CARTESIAN_POINT('',(0.0399580077166892,0.033086869254423,0.));
#12473=CARTESIAN_POINT('',(0.0399580077166892,0.0325868692544229,0.));
#12474=CARTESIAN_POINT('',(0.0404580077166892,0.032586869254423,0.));
#12475=CARTESIAN_POINT('',(0.0404580077166892,0.0293618692592565,0.));
#12476=CARTESIAN_POINT('',(0.0404580077166892,0.0261368692640899,0.));
#12477=CARTESIAN_POINT('',(0.0399580077166892,0.0261368692640899,0.));
#12478=CARTESIAN_POINT('',(0.0399580077166892,0.0256368692640899,0.));
#12479=CARTESIAN_POINT('',(0.039476505892369,0.0256368692640899,0.));
#12480=CARTESIAN_POINT('',(0.0389950040680487,0.0256368692640899,0.));
#12481=CARTESIAN_POINT('',(0.0389950040680487,0.0251368692640899,0.));
#12482=CARTESIAN_POINT('',(0.0384950040680487,0.0251368692640899,0.));
#12483=CARTESIAN_POINT('',(0.0384950040680487,0.01908686926409,0.));
#12484=CARTESIAN_POINT('',(0.0384950040680487,0.01303686926409,0.));
#12485=CARTESIAN_POINT('',(0.0389950040680487,0.01303686926409,0.));
#12486=CARTESIAN_POINT('',(0.0389950040680487,0.01253686926409,0.));
#12487=CARTESIAN_POINT('',(0.039476505892369,0.01253686926409,0.));
#12488=CARTESIAN_POINT('',(0.0399580077166892,0.01253686926409,0.));
#12489=CARTESIAN_POINT('',(0.0399580077166892,0.0120368692640899,0.));
#12490=CARTESIAN_POINT('',(0.0404580077166892,0.0120368692640899,0.));
#12491=CARTESIAN_POINT('',(0.0404580077166892,-0.014259672468435,0.));
#12492=CARTESIAN_POINT('',(0.0399580077166892,-0.0299881307424678,0.0057));
#12493=CARTESIAN_POINT('',(0.0404580077166892,-0.0299881307424678,0.0057));
#12494=CARTESIAN_POINT('',(0.0404580077166892,-0.0299881307424678,0.0057));
#12495=CARTESIAN_POINT('',(0.0399580077166892,-0.0299881307424678,0.0057));
#12496=CARTESIAN_POINT('',(0.0399580077166892,-0.0304881307424678,0.0057));
#12497=CARTESIAN_POINT('',(0.0399580077166892,-0.0304881307424678,0.0057));
#12498=CARTESIAN_POINT('',(0.0404580077166892,-0.014259672468435,0.0057));
#12499=CARTESIAN_POINT('',(0.0404580077166892,0.0120368692640899,0.0057));
#12500=CARTESIAN_POINT('',(0.0404580077166892,0.0120368692640899,0.0057));
#12501=CARTESIAN_POINT('',(0.0404580077166892,-0.014259672468435,0.0057));
#12502=CARTESIAN_POINT('',(0.0399580077166892,0.0120368692640899,0.0057));
#12503=CARTESIAN_POINT('',(0.0399580077166892,0.01253686926409,0.0057));
#12504=CARTESIAN_POINT('',(0.0399580077166892,0.01253686926409,0.0057));
#12505=CARTESIAN_POINT('',(0.0399580077166892,0.0120368692640899,0.0057));
#12506=CARTESIAN_POINT('',(0.039476505892369,0.01253686926409,0.0057));
#12507=CARTESIAN_POINT('',(0.0389950040680487,0.01253686926409,0.0057));
#12508=CARTESIAN_POINT('',(0.0389950040680487,0.01253686926409,0.0057));
#12509=CARTESIAN_POINT('',(0.039476505892369,0.01253686926409,0.0057));
#12510=CARTESIAN_POINT('',(0.0389950040680487,0.01303686926409,0.0057));
#12511=CARTESIAN_POINT('',(0.0384950040680487,0.01303686926409,0.0057));
#12512=CARTESIAN_POINT('',(0.0384950040680487,0.01303686926409,0.0057));
#12513=CARTESIAN_POINT('',(0.0389950040680487,0.01303686926409,0.0057));
#12514=CARTESIAN_POINT('',(0.0384950040680487,0.01908686926409,0.0057));
#12515=CARTESIAN_POINT('',(0.0384950040680487,0.0251368692640899,0.0057));
#12516=CARTESIAN_POINT('',(0.0384950040680487,0.0251368692640899,0.0057));
#12517=CARTESIAN_POINT('',(0.0384950040680487,0.01908686926409,0.0057));
#12518=CARTESIAN_POINT('',(0.0389950040680487,0.0251368692640899,0.0057));
#12519=CARTESIAN_POINT('',(0.0389950040680487,0.0256368692640899,0.0057));
#12520=CARTESIAN_POINT('',(0.0389950040680487,0.0256368692640899,0.0057));
#12521=CARTESIAN_POINT('',(0.0389950040680487,0.0251368692640899,0.0057));
#12522=CARTESIAN_POINT('',(0.039476505892369,0.0256368692640899,0.0057));
#12523=CARTESIAN_POINT('',(0.0399580077166892,0.0256368692640899,0.0057));
#12524=CARTESIAN_POINT('',(0.0399580077166892,0.0256368692640899,0.0057));
#12525=CARTESIAN_POINT('',(0.039476505892369,0.0256368692640899,0.0057));
#12526=CARTESIAN_POINT('',(0.0399580077166892,0.0261368692640899,0.0057));
#12527=CARTESIAN_POINT('',(0.0404580077166892,0.0261368692640899,0.0057));
#12528=CARTESIAN_POINT('',(0.0404580077166892,0.0261368692640899,0.0057));
#12529=CARTESIAN_POINT('',(0.0399580077166892,0.0261368692640899,0.0057));
#12530=CARTESIAN_POINT('',(0.0404580077166892,0.0293618692592565,0.0057));
#12531=CARTESIAN_POINT('',(0.0404580077166892,0.032586869254423,0.0057));
#12532=CARTESIAN_POINT('',(0.0404580077166892,0.032586869254423,0.0057));
#12533=CARTESIAN_POINT('',(0.0404580077166892,0.0293618692592565,0.0057));
#12534=CARTESIAN_POINT('',(0.0399580077166892,0.0325868692544229,0.0057));
#12535=CARTESIAN_POINT('',(0.0399580077166892,0.033086869254423,0.0057));
#12536=CARTESIAN_POINT('',(0.0399580077166892,0.033086869254423,0.0057));
#12537=CARTESIAN_POINT('',(0.0399580077166892,0.0325868692544229,0.0057));
#12538=CARTESIAN_POINT('',(0.0347455089624628,0.033086869254423,0.0057));
#12539=CARTESIAN_POINT('',(0.0295330102082363,0.033086869254423,0.0057));
#12540=CARTESIAN_POINT('',(0.0295330102082363,0.033086869254423,0.0057));
#12541=CARTESIAN_POINT('',(0.0347455089624628,0.033086869254423,0.0057));
#12542=CARTESIAN_POINT('',(0.0295330102082363,0.0325868692544229,0.0057));
#12543=CARTESIAN_POINT('',(0.0290330102082363,0.032586869254423,0.0057));
#12544=CARTESIAN_POINT('',(0.0290330102082363,0.032586869254423,0.0057));
#12545=CARTESIAN_POINT('',(0.0295330102082363,0.0325868692544229,0.0057));
#12546=CARTESIAN_POINT('',(0.0290330102082363,0.018886869254423,0.0057));
#12547=CARTESIAN_POINT('',(0.0290330102082363,0.00518686925442295,0.0057));
#12548=CARTESIAN_POINT('',(0.0290330102082363,0.00518686925442295,0.0057));
#12549=CARTESIAN_POINT('',(0.0290330102082363,0.018886869254423,0.0057));
#12550=CARTESIAN_POINT('',(0.0285330102082363,0.00518686925442296,0.0057));
#12551=CARTESIAN_POINT('',(0.0285330102082363,0.00468686925442295,0.0057));
#12552=CARTESIAN_POINT('',(0.0285330102082363,0.00468686925442295,0.0057));
#12553=CARTESIAN_POINT('',(0.0285330102082363,0.00518686925442296,0.0057));
#12554=CARTESIAN_POINT('',(0.0254455089696288,0.00468686925442295,0.0057));
#12555=CARTESIAN_POINT('',(0.0223580077310214,0.00468686925442295,0.0057));
#12556=CARTESIAN_POINT('',(0.0223580077310214,0.00468686925442295,0.0057));
#12557=CARTESIAN_POINT('',(0.0254455089696288,0.00468686925442295,0.0057));
#12558=CARTESIAN_POINT('',(0.0223580077310214,0.00418686925442294,0.0057));
#12559=CARTESIAN_POINT('',(0.0218580077310213,0.00418686925442295,0.0057));
#12560=CARTESIAN_POINT('',(0.0218580077310213,0.00418686925442295,0.0057));
#12561=CARTESIAN_POINT('',(0.0223580077310214,0.00418686925442294,0.0057));
#12562=CARTESIAN_POINT('',(0.0218580077310213,-0.0129006307440224,0.0057));
#12563=CARTESIAN_POINT('',(0.0218580077310213,-0.0299881307424678,0.0057));
#12564=CARTESIAN_POINT('',(0.0218580077310213,-0.0299881307424678,0.0057));
#12565=CARTESIAN_POINT('',(0.0218580077310213,-0.0129006307440224,0.0057));
#12566=CARTESIAN_POINT('',(0.0223580077310214,-0.0299881307424678,0.0057));
#12567=CARTESIAN_POINT('',(0.0223580077310214,-0.0304881307424678,0.0057));
#12568=CARTESIAN_POINT('',(0.0223580077310214,-0.0304881307424678,0.0057));
#12569=CARTESIAN_POINT('',(0.0223580077310214,-0.0299881307424678,0.0057));
#12570=CARTESIAN_POINT('',(0.0311580077238553,-0.0304881307424678,0.0057));
#12571=CARTESIAN_POINT('',(0.0311580077238553,-0.0304881307424678,0.0057));
#12572=CARTESIAN_POINT('',(-0.0204734940810086,0.00129936925597761,0.0057));
#12573=CARTESIAN_POINT('',(0.0386580076390162,-0.00948813074560578,0.0032));
#12574=CARTESIAN_POINT('',(0.0386580076390164,-0.0159881307384658,0.0032));
#12575=CARTESIAN_POINT('',(0.0386580076390164,-0.0159881307384658,0.0032));
#12576=CARTESIAN_POINT('',(0.0386580076390162,-0.00948813074560578,0.0032));
#12577=CARTESIAN_POINT('',(0.038658007639016,-0.00298813075274573,0.0032));
#12578=CARTESIAN_POINT('',(0.038658007639016,-0.00298813075274573,0.0032));
#12579=CARTESIAN_POINT('',(0.037658007639016,-0.00298813075274573,0.0032));
#12580=CARTESIAN_POINT('',(0.037658007639016,-0.00298813075274573,0.0032));
#12581=CARTESIAN_POINT('',(0.037658007639016,-0.00198813075274574,0.0032));
#12582=CARTESIAN_POINT('',(0.037658007639016,-0.00198813075274574,0.0032));
#12583=CARTESIAN_POINT('',(0.0311580076461573,-0.00198813075274574,0.0032));
#12584=CARTESIAN_POINT('',(0.0311580076461573,-0.00198813075274574,0.0032));
#12585=CARTESIAN_POINT('',(0.0246580076532985,-0.00198813075274574,0.0032));
#12586=CARTESIAN_POINT('',(0.0246580076532985,-0.00198813075274574,0.0032));
#12587=CARTESIAN_POINT('',(0.0246580076532984,-0.00298813075274575,0.0032));
#12588=CARTESIAN_POINT('',(0.0246580076532984,-0.00298813075274575,0.0032));
#12589=CARTESIAN_POINT('',(0.0236580076532984,-0.00298813075274575,0.0032));
#12590=CARTESIAN_POINT('',(0.0236580076532984,-0.00298813075274575,0.0032));
#12591=CARTESIAN_POINT('',(0.0236580076532985,-0.00948813074560578,0.0032));
#12592=CARTESIAN_POINT('',(0.0236580076532985,-0.00948813074560578,0.0032));
#12593=CARTESIAN_POINT('',(0.0236580076532985,-0.0159881307384659,0.0032));
#12594=CARTESIAN_POINT('',(0.0236580076532985,-0.0159881307384659,0.0032));
#12595=CARTESIAN_POINT('',(0.0246580076532984,-0.0159881307384659,0.0032));
#12596=CARTESIAN_POINT('',(0.0246580076532984,-0.0159881307384659,0.0032));
#12597=CARTESIAN_POINT('',(0.0246580076532984,-0.0169881307384658,0.0032));
#12598=CARTESIAN_POINT('',(0.0246580076532984,-0.0169881307384658,0.0032));
#12599=CARTESIAN_POINT('',(0.0311580076461574,-0.0169881307384658,0.0032));
#12600=CARTESIAN_POINT('',(0.0311580076461574,-0.0169881307384658,0.0032));
#12601=CARTESIAN_POINT('',(0.0376580076390163,-0.0169881307384658,0.0032));
#12602=CARTESIAN_POINT('',(0.0376580076390163,-0.0169881307384658,0.0032));
#12603=CARTESIAN_POINT('',(0.0311580076461573,-0.00948813074560668,0.0032));
#12604=CARTESIAN_POINT('',(0.0311580076461573,-0.00948813074560668,0.0032));
#12605=CARTESIAN_POINT('',(0.0341580076461572,-0.00948813074560668,0.0032));
#12606=CARTESIAN_POINT('',(0.0311580076461573,-0.00948813074560668,0.));
#12607=CARTESIAN_POINT('',(0.0341580076461572,-0.00948813074560668,0.));
#12608=CARTESIAN_POINT('',(0.0376580076390164,-0.0159881307384659,0.0032));
#12609=CARTESIAN_POINT('',(0.0376580076390164,-0.0159881307384659,0.0032));
#12610=CARTESIAN_POINT('',(-0.0250919923150062,0.00129936925597759,0.0032));
#12611=CARTESIAN_POINT('',(-0.0204734940810086,0.00129936925597761,0.));
#12612=CARTESIAN_POINT('',(0.0325330076461572,-0.00873813074560668,0.));
#12613=CARTESIAN_POINT('',(0.0332580076461573,-0.00873813074560668,0.));
#12614=CARTESIAN_POINT('',(0.0318080076461573,-0.00873813074560668,0.));
#12615=CARTESIAN_POINT('',(0.0318080076461573,-0.00806313074560668,0.));
#12616=CARTESIAN_POINT('',(0.0318080076461573,-0.00738813074560668,0.));
#12617=CARTESIAN_POINT('',(0.0311580076461573,-0.00738813074560668,0.));
#12618=CARTESIAN_POINT('',(0.0305080076461573,-0.00738813074560668,0.));
#12619=CARTESIAN_POINT('',(0.0305080076461573,-0.00806313074560668,0.));
#12620=CARTESIAN_POINT('',(0.0305080076461573,-0.00873813074560668,0.));
#12621=CARTESIAN_POINT('',(0.0297830076461573,-0.00873813074560668,0.));
#12622=CARTESIAN_POINT('',(0.0290580076461573,-0.00873813074560668,0.));
#12623=CARTESIAN_POINT('',(0.0290580076461573,-0.00948813074560668,0.));
#12624=CARTESIAN_POINT('',(0.0290580076461573,-0.0102381307456067,0.));
#12625=CARTESIAN_POINT('',(0.0297830076461573,-0.0102381307456067,0.));
#12626=CARTESIAN_POINT('',(0.0305080076461573,-0.0102381307456067,0.));
#12627=CARTESIAN_POINT('',(0.0305080076461573,-0.0109131307456067,0.));
#12628=CARTESIAN_POINT('',(0.0305080076461573,-0.0115881307456067,0.));
#12629=CARTESIAN_POINT('',(0.0311580076461573,-0.0115881307456067,0.));
#12630=CARTESIAN_POINT('',(0.0318080076461573,-0.0115881307456067,0.));
#12631=CARTESIAN_POINT('',(0.0318080076461573,-0.0109131307456067,0.));
#12632=CARTESIAN_POINT('',(0.0318080076461573,-0.0102381307456067,0.));
#12633=CARTESIAN_POINT('',(0.0325330076461572,-0.0102381307456067,0.));
#12634=CARTESIAN_POINT('',(0.0332580076461573,-0.0102381307456067,0.));
#12635=CARTESIAN_POINT('',(0.0332580076461573,-0.00948813074560668,0.));
#12636=CARTESIAN_POINT('',(0.0325330076461572,-0.00873813074560668,0.0032));
#12637=CARTESIAN_POINT('',(0.0332580076461573,-0.00873813074560668,0.0032));
#12638=CARTESIAN_POINT('',(0.0332580076461573,-0.00873813074560668,0.0032));
#12639=CARTESIAN_POINT('',(0.0325330076461572,-0.00873813074560668,0.0032));
#12640=CARTESIAN_POINT('',(0.0318080076461573,-0.00873813074560668,0.0032));
#12641=CARTESIAN_POINT('',(0.0318080076461573,-0.00873813074560668,0.0032));
#12642=CARTESIAN_POINT('',(0.0318080076461573,-0.00806313074560668,0.0032));
#12643=CARTESIAN_POINT('',(0.0318080076461573,-0.00806313074560668,0.0032));
#12644=CARTESIAN_POINT('',(0.0318080076461573,-0.00738813074560668,0.0032));
#12645=CARTESIAN_POINT('',(0.0318080076461573,-0.00738813074560668,0.0032));
#12646=CARTESIAN_POINT('',(0.0311580076461573,-0.00738813074560668,0.0032));
#12647=CARTESIAN_POINT('',(0.0311580076461573,-0.00738813074560668,0.0032));
#12648=CARTESIAN_POINT('',(0.0305080076461573,-0.00738813074560668,0.0032));
#12649=CARTESIAN_POINT('',(0.0305080076461573,-0.00738813074560668,0.0032));
#12650=CARTESIAN_POINT('',(0.0305080076461573,-0.00806313074560668,0.0032));
#12651=CARTESIAN_POINT('',(0.0305080076461573,-0.00806313074560668,0.0032));
#12652=CARTESIAN_POINT('',(0.0305080076461573,-0.00873813074560668,0.0032));
#12653=CARTESIAN_POINT('',(0.0305080076461573,-0.00873813074560668,0.0032));
#12654=CARTESIAN_POINT('',(0.0297830076461573,-0.00873813074560668,0.0032));
#12655=CARTESIAN_POINT('',(0.0297830076461573,-0.00873813074560668,0.0032));
#12656=CARTESIAN_POINT('',(0.0290580076461573,-0.00873813074560668,0.0032));
#12657=CARTESIAN_POINT('',(0.0290580076461573,-0.00873813074560668,0.0032));
#12658=CARTESIAN_POINT('',(0.0290580076461573,-0.00948813074560668,0.0032));
#12659=CARTESIAN_POINT('',(0.0290580076461573,-0.00948813074560668,0.0032));
#12660=CARTESIAN_POINT('',(0.0290580076461573,-0.0102381307456067,0.0032));
#12661=CARTESIAN_POINT('',(0.0290580076461573,-0.0102381307456067,0.0032));
#12662=CARTESIAN_POINT('',(0.0297830076461573,-0.0102381307456067,0.0032));
#12663=CARTESIAN_POINT('',(0.0297830076461573,-0.0102381307456067,0.0032));
#12664=CARTESIAN_POINT('',(0.0305080076461573,-0.0102381307456067,0.0032));
#12665=CARTESIAN_POINT('',(0.0305080076461573,-0.0102381307456067,0.0032));
#12666=CARTESIAN_POINT('',(0.0305080076461573,-0.0109131307456067,0.0032));
#12667=CARTESIAN_POINT('',(0.0305080076461573,-0.0109131307456067,0.0032));
#12668=CARTESIAN_POINT('',(0.0305080076461573,-0.0115881307456067,0.0032));
#12669=CARTESIAN_POINT('',(0.0305080076461573,-0.0115881307456067,0.0032));
#12670=CARTESIAN_POINT('',(0.0311580076461573,-0.0115881307456067,0.0032));
#12671=CARTESIAN_POINT('',(0.0311580076461573,-0.0115881307456067,0.0032));
#12672=CARTESIAN_POINT('',(0.0318080076461573,-0.0115881307456067,0.0032));
#12673=CARTESIAN_POINT('',(0.0318080076461573,-0.0115881307456067,0.0032));
#12674=CARTESIAN_POINT('',(0.0318080076461573,-0.0109131307456067,0.0032));
#12675=CARTESIAN_POINT('',(0.0318080076461573,-0.0109131307456067,0.0032));
#12676=CARTESIAN_POINT('',(0.0318080076461573,-0.0102381307456067,0.0032));
#12677=CARTESIAN_POINT('',(0.0318080076461573,-0.0102381307456067,0.0032));
#12678=CARTESIAN_POINT('',(0.0325330076461572,-0.0102381307456067,0.0032));
#12679=CARTESIAN_POINT('',(0.0325330076461572,-0.0102381307456067,0.0032));
#12680=CARTESIAN_POINT('',(0.0332580076461573,-0.0102381307456067,0.0032));
#12681=CARTESIAN_POINT('',(0.0332580076461573,-0.0102381307456067,0.0032));
#12682=CARTESIAN_POINT('',(0.0332580076461573,-0.00948813074560668,0.0032));
#12683=CARTESIAN_POINT('',(0.0332580076461573,-0.00948813074560668,0.0032));
#12684=CARTESIAN_POINT('',(-0.0250919923150062,0.00129936925597759,0.0032));
#12685=CARTESIAN_POINT('',(0.,0.,0.));
#12686=CARTESIAN_POINT('',(-0.00946699473589216,0.019086869254423,0.0077));
#12687=CARTESIAN_POINT('',(-0.00946699593909239,0.019086869264109,0.0032));
#12688=CARTESIAN_POINT('',(-0.00946699593910092,0.0120868692712491,0.0032));
#12689=CARTESIAN_POINT('',(-0.00946699593908385,0.0260868692569689,0.0032));
#12690=CARTESIAN_POINT('',(-0.00946699593908385,0.0260868692569689,0.0032));
#12691=CARTESIAN_POINT('',(-0.00946699593908385,0.0260868692569689,0.));
#12692=CARTESIAN_POINT('',(-0.00946699473589216,0.019086869254423,0.));
#12693=CARTESIAN_POINT('',(-0.00946699473589216,0.032586869254423,0.));
#12694=CARTESIAN_POINT('',(-0.00946699473589216,0.032586869254423,0.0077));
#12695=CARTESIAN_POINT('',(-0.00946699473589216,0.032586869254423,0.0077));
#12696=CARTESIAN_POINT('',(-0.00946699473589216,0.019086869254423,0.0077));
#12697=CARTESIAN_POINT('',(-0.00946699473589217,0.00558686925442297,0.0077));
#12698=CARTESIAN_POINT('',(-0.00946699473589217,0.00558686925442297,0.0077));
#12699=CARTESIAN_POINT('',(-0.00946699473589217,0.00558686925442297,0.));
#12700=CARTESIAN_POINT('',(-0.00946699473589216,0.019086869254423,0.));
#12701=CARTESIAN_POINT('',(-0.00946699593910092,0.0120868692712491,0.));
#12702=CARTESIAN_POINT('',(-0.00946699593910092,0.0120868692712491,0.0032));
#12703=CARTESIAN_POINT('',(-0.0234669947216131,0.019086869254423,0.0077));
#12704=CARTESIAN_POINT('',(-0.0234669959248099,0.0190868692641089,0.0032));
#12705=CARTESIAN_POINT('',(-0.0234669947216131,0.0120868692712487,0.0032));
#12706=CARTESIAN_POINT('',(-0.0234669959248099,0.0260868692569692,0.0032));
#12707=CARTESIAN_POINT('',(-0.0234669959248099,0.0120868692712487,0.0032));
#12708=CARTESIAN_POINT('',(-0.0234669959248099,0.0120868692712487,0.));
#12709=CARTESIAN_POINT('',(-0.0234669947216131,0.019086869254423,0.));
#12710=CARTESIAN_POINT('',(-0.0234669947216131,0.00558686925442297,0.));
#12711=CARTESIAN_POINT('',(-0.0234669947216131,0.00558686925442297,0.0077));
#12712=CARTESIAN_POINT('',(-0.0234669947216131,0.00558686925442297,0.0077));
#12713=CARTESIAN_POINT('',(-0.0234669947216131,0.019086869254423,0.0077));
#12714=CARTESIAN_POINT('',(-0.0234669947216131,0.032586869254423,0.0077));
#12715=CARTESIAN_POINT('',(-0.0234669947216131,0.032586869254423,0.0077));
#12716=CARTESIAN_POINT('',(-0.0234669947216131,0.032586869254423,0.));
#12717=CARTESIAN_POINT('',(-0.0234669947216131,0.019086869254423,0.));
#12718=CARTESIAN_POINT('',(-0.0234669959248099,0.0260868692569692,0.));
#12719=CARTESIAN_POINT('',(-0.0234669959248099,0.0260868692569692,0.0032));
#12720=CARTESIAN_POINT('',(-0.0204734940810086,0.00129936925597761,0.));
#12721=CARTESIAN_POINT('',(-0.0164669959319469,0.026086869256969,0.));
#12722=CARTESIAN_POINT('',(-0.0229669947216131,0.032586869254423,0.));
#12723=CARTESIAN_POINT('',(-0.0229669947216131,0.033086869254423,0.));
#12724=CARTESIAN_POINT('',(-0.0164669947287526,0.0330868692544211,0.));
#12725=CARTESIAN_POINT('',(-0.00996699473589216,0.0330868692544211,0.));
#12726=CARTESIAN_POINT('',(-0.00996699473589217,0.032586869254423,0.));
#12727=CARTESIAN_POINT('',(-0.0204734940810086,0.00129936925597761,0.));
#12728=CARTESIAN_POINT('',(-0.0164669959319554,0.0120868692712489,0.));
#12729=CARTESIAN_POINT('',(-0.00996699473589218,0.00558686925442297,0.));
#12730=CARTESIAN_POINT('',(-0.00996699473589217,0.00508686925442295,0.));
#12731=CARTESIAN_POINT('',(-0.0164669947287526,0.00508686925442295,0.));
#12732=CARTESIAN_POINT('',(-0.0229669947216131,0.00508686925442295,0.));
#12733=CARTESIAN_POINT('',(-0.0229669947216131,0.00558686925442297,0.));
#12734=CARTESIAN_POINT('',(-0.00996699473589217,0.032586869254423,0.0077));
#12735=CARTESIAN_POINT('',(-0.00996699473589216,0.0330868692544211,0.0077));
#12736=CARTESIAN_POINT('',(-0.00996699473589216,0.0330868692544211,0.0077));
#12737=CARTESIAN_POINT('',(-0.00996699473589217,0.032586869254423,0.0077));
#12738=CARTESIAN_POINT('',(-0.0164669947287526,0.0330868692544211,0.0077));
#12739=CARTESIAN_POINT('',(-0.0229669947216131,0.033086869254423,0.0077));
#12740=CARTESIAN_POINT('',(-0.0229669947216131,0.033086869254423,0.0077));
#12741=CARTESIAN_POINT('',(-0.0164669947287526,0.0330868692544211,0.0077));
#12742=CARTESIAN_POINT('',(-0.0229669947216131,0.032586869254423,0.0077));
#12743=CARTESIAN_POINT('',(-0.0229669947216131,0.032586869254423,0.0077));
#12744=CARTESIAN_POINT('',(-0.0229669947216131,0.00558686925442297,0.0077));
#12745=CARTESIAN_POINT('',(-0.0229669947216131,0.00508686925442295,0.0077));
#12746=CARTESIAN_POINT('',(-0.0229669947216131,0.00508686925442295,0.0077));
#12747=CARTESIAN_POINT('',(-0.0229669947216131,0.00558686925442297,0.0077));
#12748=CARTESIAN_POINT('',(-0.0164669947287526,0.00508686925442295,0.0077));
#12749=CARTESIAN_POINT('',(-0.00996699473589217,0.00508686925442295,0.0077));
#12750=CARTESIAN_POINT('',(-0.00996699473589217,0.00508686925442295,0.0077));
#12751=CARTESIAN_POINT('',(-0.0164669947287526,0.00508686925442295,0.0077));
#12752=CARTESIAN_POINT('',(-0.00996699473589218,0.00558686925442297,0.0077));
#12753=CARTESIAN_POINT('',(-0.00996699473589218,0.00558686925442297,0.0077));
#12754=CARTESIAN_POINT('',(-0.0204734940810086,0.00129936925597761,0.0077));
#12755=CARTESIAN_POINT('',(-0.0164669959319469,0.026086869256969,0.0032));
#12756=CARTESIAN_POINT('',(-0.0164669959319469,0.026086869256969,0.0032));
#12757=CARTESIAN_POINT('',(-0.0164669959319554,0.0120868692712489,0.0032));
#12758=CARTESIAN_POINT('',(-0.0164669959319554,0.0120868692712489,0.0032));
#12759=CARTESIAN_POINT('',(-0.0164669959319512,0.0190868692641097,0.0032));
#12760=CARTESIAN_POINT('',(-0.0164669959319512,0.0190868692641097,0.0032));
#12761=CARTESIAN_POINT('',(-0.0134669959319512,0.0190868692641097,0.0032));
#12762=CARTESIAN_POINT('',(-0.0164669959319512,0.0190868692641097,0.));
#12763=CARTESIAN_POINT('',(-0.0134669959319512,0.0190868692641097,0.));
#12764=CARTESIAN_POINT('',(-0.0250919923150062,0.00129936925597759,0.0032));
#12765=CARTESIAN_POINT('',(-0.0204734940810086,0.00129936925597761,0.));
#12766=CARTESIAN_POINT('',(-0.0185669959319512,0.0190868692641097,0.));
#12767=CARTESIAN_POINT('',(-0.0185669959319512,0.0198368692641097,0.));
#12768=CARTESIAN_POINT('',(-0.0185669959319512,0.0183368692641097,0.));
#12769=CARTESIAN_POINT('',(-0.0178419959319512,0.0183368692641097,0.));
#12770=CARTESIAN_POINT('',(-0.0171169959319512,0.0183368692641097,0.));
#12771=CARTESIAN_POINT('',(-0.0171169959319512,0.0176618692641097,0.));
#12772=CARTESIAN_POINT('',(-0.0171169959319512,0.0169868692641097,0.));
#12773=CARTESIAN_POINT('',(-0.0164669959319512,0.0169868692641097,0.));
#12774=CARTESIAN_POINT('',(-0.0158169959319512,0.0169868692641097,0.));
#12775=CARTESIAN_POINT('',(-0.0158169959319512,0.0176618692641097,0.));
#12776=CARTESIAN_POINT('',(-0.0158169959319512,0.0183368692641097,0.));
#12777=CARTESIAN_POINT('',(-0.0150919959319512,0.0183368692641097,0.));
#12778=CARTESIAN_POINT('',(-0.0143669959319512,0.0183368692641097,0.));
#12779=CARTESIAN_POINT('',(-0.0143669959319512,0.0190868692641097,0.));
#12780=CARTESIAN_POINT('',(-0.0143669959319512,0.0198368692641097,0.));
#12781=CARTESIAN_POINT('',(-0.0150919959319512,0.0198368692641097,0.));
#12782=CARTESIAN_POINT('',(-0.0158169959319513,0.0198368692641097,0.));
#12783=CARTESIAN_POINT('',(-0.0158169959319513,0.0205118692641097,0.));
#12784=CARTESIAN_POINT('',(-0.0158169959319513,0.0211868692641097,0.));
#12785=CARTESIAN_POINT('',(-0.0164669959319512,0.0211868692641097,0.));
#12786=CARTESIAN_POINT('',(-0.0171169959319512,0.0211868692641097,0.));
#12787=CARTESIAN_POINT('',(-0.0171169959319512,0.0205118692641097,0.));
#12788=CARTESIAN_POINT('',(-0.0171169959319512,0.0198368692641097,0.));
#12789=CARTESIAN_POINT('',(-0.0178419959319512,0.0198368692641097,0.));
#12790=CARTESIAN_POINT('',(-0.0185669959319512,0.0190868692641097,0.0032));
#12791=CARTESIAN_POINT('',(-0.0185669959319512,0.0198368692641097,0.0032));
#12792=CARTESIAN_POINT('',(-0.0185669959319512,0.0198368692641097,0.0032));
#12793=CARTESIAN_POINT('',(-0.0185669959319512,0.0190868692641097,0.0032));
#12794=CARTESIAN_POINT('',(-0.0185669959319512,0.0183368692641097,0.0032));
#12795=CARTESIAN_POINT('',(-0.0185669959319512,0.0183368692641097,0.0032));
#12796=CARTESIAN_POINT('',(-0.0178419959319512,0.0183368692641097,0.0032));
#12797=CARTESIAN_POINT('',(-0.0178419959319512,0.0183368692641097,0.0032));
#12798=CARTESIAN_POINT('',(-0.0171169959319512,0.0183368692641097,0.0032));
#12799=CARTESIAN_POINT('',(-0.0171169959319512,0.0183368692641097,0.0032));
#12800=CARTESIAN_POINT('',(-0.0171169959319512,0.0176618692641097,0.0032));
#12801=CARTESIAN_POINT('',(-0.0171169959319512,0.0176618692641097,0.0032));
#12802=CARTESIAN_POINT('',(-0.0171169959319512,0.0169868692641097,0.0032));
#12803=CARTESIAN_POINT('',(-0.0171169959319512,0.0169868692641097,0.0032));
#12804=CARTESIAN_POINT('',(-0.0164669959319512,0.0169868692641097,0.0032));
#12805=CARTESIAN_POINT('',(-0.0164669959319512,0.0169868692641097,0.0032));
#12806=CARTESIAN_POINT('',(-0.0158169959319512,0.0169868692641097,0.0032));
#12807=CARTESIAN_POINT('',(-0.0158169959319512,0.0169868692641097,0.0032));
#12808=CARTESIAN_POINT('',(-0.0158169959319512,0.0176618692641097,0.0032));
#12809=CARTESIAN_POINT('',(-0.0158169959319512,0.0176618692641097,0.0032));
#12810=CARTESIAN_POINT('',(-0.0158169959319512,0.0183368692641097,0.0032));
#12811=CARTESIAN_POINT('',(-0.0158169959319512,0.0183368692641097,0.0032));
#12812=CARTESIAN_POINT('',(-0.0150919959319512,0.0183368692641097,0.0032));
#12813=CARTESIAN_POINT('',(-0.0150919959319512,0.0183368692641097,0.0032));
#12814=CARTESIAN_POINT('',(-0.0143669959319512,0.0183368692641097,0.0032));
#12815=CARTESIAN_POINT('',(-0.0143669959319512,0.0183368692641097,0.0032));
#12816=CARTESIAN_POINT('',(-0.0143669959319512,0.0190868692641097,0.0032));
#12817=CARTESIAN_POINT('',(-0.0143669959319512,0.0190868692641097,0.0032));
#12818=CARTESIAN_POINT('',(-0.0143669959319512,0.0198368692641097,0.0032));
#12819=CARTESIAN_POINT('',(-0.0143669959319512,0.0198368692641097,0.0032));
#12820=CARTESIAN_POINT('',(-0.0150919959319512,0.0198368692641097,0.0032));
#12821=CARTESIAN_POINT('',(-0.0150919959319512,0.0198368692641097,0.0032));
#12822=CARTESIAN_POINT('',(-0.0158169959319513,0.0198368692641097,0.0032));
#12823=CARTESIAN_POINT('',(-0.0158169959319513,0.0198368692641097,0.0032));
#12824=CARTESIAN_POINT('',(-0.0158169959319513,0.0205118692641097,0.0032));
#12825=CARTESIAN_POINT('',(-0.0158169959319513,0.0205118692641097,0.0032));
#12826=CARTESIAN_POINT('',(-0.0158169959319513,0.0211868692641097,0.0032));
#12827=CARTESIAN_POINT('',(-0.0158169959319513,0.0211868692641097,0.0032));
#12828=CARTESIAN_POINT('',(-0.0164669959319512,0.0211868692641097,0.0032));
#12829=CARTESIAN_POINT('',(-0.0164669959319512,0.0211868692641097,0.0032));
#12830=CARTESIAN_POINT('',(-0.0171169959319512,0.0211868692641097,0.0032));
#12831=CARTESIAN_POINT('',(-0.0171169959319512,0.0211868692641097,0.0032));
#12832=CARTESIAN_POINT('',(-0.0171169959319512,0.0205118692641097,0.0032));
#12833=CARTESIAN_POINT('',(-0.0171169959319512,0.0205118692641097,0.0032));
#12834=CARTESIAN_POINT('',(-0.0171169959319512,0.0198368692641097,0.0032));
#12835=CARTESIAN_POINT('',(-0.0171169959319512,0.0198368692641097,0.0032));
#12836=CARTESIAN_POINT('',(-0.0178419959319512,0.0198368692641097,0.0032));
#12837=CARTESIAN_POINT('',(-0.0178419959319512,0.0198368692641097,0.0032));
#12838=CARTESIAN_POINT('',(-0.0250919923150062,0.00129936925597759,0.0032));
#12839=CARTESIAN_POINT('',(0.,0.,0.));
#12840=CARTESIAN_POINT('',(-0.0204734940810086,0.00129936925597761,0.));
#12841=CARTESIAN_POINT('',(-0.0385419923609836,-0.0159881307384659,0.));
#12842=CARTESIAN_POINT('',(-0.0385419923609838,-0.0169881307384658,0.));
#12843=CARTESIAN_POINT('',(-0.0375419923609836,-0.0159881307384659,0.));
#12844=CARTESIAN_POINT('',(-0.0375419923609838,-0.00948813074560578,0.));
#12845=CARTESIAN_POINT('',(-0.037541992360984,-0.00298813075274571,0.));
#12846=CARTESIAN_POINT('',(-0.038541992360984,-0.00298813075274573,0.));
#12847=CARTESIAN_POINT('',(-0.038541992360984,-0.00198813075274574,0.));
#12848=CARTESIAN_POINT('',(-0.0450419923538428,-0.00198813075274574,0.));
#12849=CARTESIAN_POINT('',(-0.0515419923467015,-0.00198813075274574,0.));
#12850=CARTESIAN_POINT('',(-0.0515419923467016,-0.00298813075274575,0.));
#12851=CARTESIAN_POINT('',(-0.0525419923467016,-0.00298813075274575,0.));
#12852=CARTESIAN_POINT('',(-0.0525419923467015,-0.00948813074560578,0.));
#12853=CARTESIAN_POINT('',(-0.0525419923467015,-0.0159881307384659,0.));
#12854=CARTESIAN_POINT('',(-0.0515419923467016,-0.0159881307384659,0.));
#12855=CARTESIAN_POINT('',(-0.0515419923467016,-0.0169881307384658,0.));
#12856=CARTESIAN_POINT('',(-0.0450419923538427,-0.0169881307384658,0.));
#12857=CARTESIAN_POINT('',(-0.0538419922689787,-0.0299881307424678,0.));
#12858=CARTESIAN_POINT('',(-0.0538419922689787,-0.0304881307424678,0.));
#12859=CARTESIAN_POINT('',(-0.0543419922689787,-0.0299881307424678,0.));
#12860=CARTESIAN_POINT('',(-0.0543419922689787,-0.0129006307440224,0.));
#12861=CARTESIAN_POINT('',(-0.0543419922689787,0.00418686925442295,0.));
#12862=CARTESIAN_POINT('',(-0.0538419922689787,0.00418686925442296,0.));
#12863=CARTESIAN_POINT('',(-0.0538419922689787,0.00468686925442295,0.));
#12864=CARTESIAN_POINT('',(-0.0419544910375372,0.00468686925442295,0.));
#12865=CARTESIAN_POINT('',(-0.0362419922833108,0.00468686925442295,0.));
#12866=CARTESIAN_POINT('',(-0.0362419922833108,0.00418686925442295,0.));
#12867=CARTESIAN_POINT('',(-0.0357419922833108,0.00418686925442295,0.));
#12868=CARTESIAN_POINT('',(-0.0357419922833108,-0.014259672468435,0.));
#12869=CARTESIAN_POINT('',(-0.0357419922833108,-0.0299881307424678,0.));
#12870=CARTESIAN_POINT('',(-0.0362419922833108,-0.0299881307424678,0.));
#12871=CARTESIAN_POINT('',(-0.0362419922833108,-0.0304881307424678,0.));
#12872=CARTESIAN_POINT('',(-0.0450419922761447,-0.0304881307424678,0.));
#12873=CARTESIAN_POINT('',(-0.0538419922689787,-0.0299881307424678,0.0057));
#12874=CARTESIAN_POINT('',(-0.0538419922689787,-0.0304881307424678,0.0057));
#12875=CARTESIAN_POINT('',(-0.0538419922689787,-0.0304881307424678,0.0057));
#12876=CARTESIAN_POINT('',(-0.0538419922689787,-0.0299881307424678,0.0057));
#12877=CARTESIAN_POINT('',(-0.0543419922689787,-0.0299881307424678,0.0057));
#12878=CARTESIAN_POINT('',(-0.0543419922689787,-0.0299881307424678,0.0057));
#12879=CARTESIAN_POINT('',(-0.0450419922761447,-0.0304881307424678,0.0057));
#12880=CARTESIAN_POINT('',(-0.0362419922833108,-0.0304881307424678,0.0057));
#12881=CARTESIAN_POINT('',(-0.0362419922833108,-0.0304881307424678,0.0057));
#12882=CARTESIAN_POINT('',(-0.0450419922761447,-0.0304881307424678,0.0057));
#12883=CARTESIAN_POINT('',(-0.0362419922833108,-0.0299881307424678,0.0057));
#12884=CARTESIAN_POINT('',(-0.0357419922833108,-0.0299881307424678,0.0057));
#12885=CARTESIAN_POINT('',(-0.0357419922833108,-0.0299881307424678,0.0057));
#12886=CARTESIAN_POINT('',(-0.0362419922833108,-0.0299881307424678,0.0057));
#12887=CARTESIAN_POINT('',(-0.0357419922833108,-0.014259672468435,0.0057));
#12888=CARTESIAN_POINT('',(-0.0357419922833108,0.00418686925442295,0.0057));
#12889=CARTESIAN_POINT('',(-0.0357419922833108,0.00418686925442295,0.0057));
#12890=CARTESIAN_POINT('',(-0.0357419922833108,-0.014259672468435,0.0057));
#12891=CARTESIAN_POINT('',(-0.0362419922833108,0.00418686925442295,0.0057));
#12892=CARTESIAN_POINT('',(-0.0362419922833108,0.00468686925442295,0.0057));
#12893=CARTESIAN_POINT('',(-0.0362419922833108,0.00468686925442295,0.0057));
#12894=CARTESIAN_POINT('',(-0.0362419922833108,0.00418686925442295,0.0057));
#12895=CARTESIAN_POINT('',(-0.0419544910375372,0.00468686925442295,0.0057));
#12896=CARTESIAN_POINT('',(-0.0538419922689787,0.00468686925442295,0.0057));
#12897=CARTESIAN_POINT('',(-0.0538419922689787,0.00468686925442295,0.0057));
#12898=CARTESIAN_POINT('',(-0.0419544910375372,0.00468686925442295,0.0057));
#12899=CARTESIAN_POINT('',(-0.0538419922689787,0.00418686925442296,0.0057));
#12900=CARTESIAN_POINT('',(-0.0543419922689787,0.00418686925442295,0.0057));
#12901=CARTESIAN_POINT('',(-0.0543419922689787,0.00418686925442295,0.0057));
#12902=CARTESIAN_POINT('',(-0.0538419922689787,0.00418686925442296,0.0057));
#12903=CARTESIAN_POINT('',(-0.0543419922689787,-0.0129006307440224,0.0057));
#12904=CARTESIAN_POINT('',(-0.0543419922689787,-0.0129006307440224,0.0057));
#12905=CARTESIAN_POINT('',(-0.0204734940810086,0.00129936925597761,0.0057));
#12906=CARTESIAN_POINT('',(-0.0375419923609838,-0.00948813074560578,0.0032));
#12907=CARTESIAN_POINT('',(-0.0375419923609836,-0.0159881307384658,0.0032));
#12908=CARTESIAN_POINT('',(-0.0375419923609836,-0.0159881307384658,0.0032));
#12909=CARTESIAN_POINT('',(-0.0375419923609838,-0.00948813074560578,0.0032));
#12910=CARTESIAN_POINT('',(-0.037541992360984,-0.00298813075274571,0.0032));
#12911=CARTESIAN_POINT('',(-0.037541992360984,-0.00298813075274571,0.0032));
#12912=CARTESIAN_POINT('',(-0.038541992360984,-0.00298813075274573,0.0032));
#12913=CARTESIAN_POINT('',(-0.038541992360984,-0.00298813075274573,0.0032));
#12914=CARTESIAN_POINT('',(-0.038541992360984,-0.00198813075274574,0.0032));
#12915=CARTESIAN_POINT('',(-0.038541992360984,-0.00198813075274574,0.0032));
#12916=CARTESIAN_POINT('',(-0.0450419923538428,-0.00198813075274574,0.0032));
#12917=CARTESIAN_POINT('',(-0.0450419923538428,-0.00198813075274574,0.0032));
#12918=CARTESIAN_POINT('',(-0.0515419923467015,-0.00198813075274574,0.0032));
#12919=CARTESIAN_POINT('',(-0.0515419923467015,-0.00198813075274574,0.0032));
#12920=CARTESIAN_POINT('',(-0.0515419923467016,-0.00298813075274575,0.0032));
#12921=CARTESIAN_POINT('',(-0.0515419923467016,-0.00298813075274575,0.0032));
#12922=CARTESIAN_POINT('',(-0.0525419923467016,-0.00298813075274575,0.0032));
#12923=CARTESIAN_POINT('',(-0.0525419923467016,-0.00298813075274575,0.0032));
#12924=CARTESIAN_POINT('',(-0.0525419923467015,-0.00948813074560578,0.0032));
#12925=CARTESIAN_POINT('',(-0.0525419923467015,-0.00948813074560578,0.0032));
#12926=CARTESIAN_POINT('',(-0.0525419923467015,-0.0159881307384659,0.0032));
#12927=CARTESIAN_POINT('',(-0.0525419923467015,-0.0159881307384659,0.0032));
#12928=CARTESIAN_POINT('',(-0.0515419923467016,-0.0159881307384659,0.0032));
#12929=CARTESIAN_POINT('',(-0.0515419923467016,-0.0159881307384659,0.0032));
#12930=CARTESIAN_POINT('',(-0.0515419923467016,-0.0169881307384658,0.0032));
#12931=CARTESIAN_POINT('',(-0.0515419923467016,-0.0169881307384658,0.0032));
#12932=CARTESIAN_POINT('',(-0.0450419923538427,-0.0169881307384658,0.0032));
#12933=CARTESIAN_POINT('',(-0.0450419923538427,-0.0169881307384658,0.0032));
#12934=CARTESIAN_POINT('',(-0.0385419923609838,-0.0169881307384658,0.0032));
#12935=CARTESIAN_POINT('',(-0.0385419923609838,-0.0169881307384658,0.0032));
#12936=CARTESIAN_POINT('',(-0.0385419923609836,-0.0159881307384659,0.0032));
#12937=CARTESIAN_POINT('',(-0.0385419923609836,-0.0159881307384659,0.0032));
#12938=CARTESIAN_POINT('',(-0.0450419923538428,-0.00948813074560668,0.0032));
#12939=CARTESIAN_POINT('',(-0.0450419923538428,-0.00948813074560668,0.0032));
#12940=CARTESIAN_POINT('',(-0.0420419923538428,-0.00948813074560668,0.0032));
#12941=CARTESIAN_POINT('',(-0.0450419923538428,-0.00948813074560668,0.));
#12942=CARTESIAN_POINT('',(-0.0420419923538428,-0.00948813074560668,0.));
#12943=CARTESIAN_POINT('',(-0.0250919923150062,0.00129936925597759,0.0032));
#12944=CARTESIAN_POINT('',(-0.0204734940810086,0.00129936925597761,0.));
#12945=CARTESIAN_POINT('',(-0.0436669923538427,-0.00873813074560668,0.));
#12946=CARTESIAN_POINT('',(-0.0429419923538428,-0.00873813074560668,0.));
#12947=CARTESIAN_POINT('',(-0.0443919923538428,-0.00873813074560668,0.));
#12948=CARTESIAN_POINT('',(-0.0443919923538428,-0.00806313074560668,0.));
#12949=CARTESIAN_POINT('',(-0.0443919923538428,-0.00738813074560668,0.));
#12950=CARTESIAN_POINT('',(-0.0450419923538428,-0.00738813074560668,0.));
#12951=CARTESIAN_POINT('',(-0.0456919923538428,-0.00738813074560668,0.));
#12952=CARTESIAN_POINT('',(-0.0456919923538428,-0.00806313074560668,0.));
#12953=CARTESIAN_POINT('',(-0.0456919923538428,-0.00873813074560668,0.));
#12954=CARTESIAN_POINT('',(-0.0464169923538428,-0.00873813074560668,0.));
#12955=CARTESIAN_POINT('',(-0.0471419923538428,-0.00873813074560668,0.));
#12956=CARTESIAN_POINT('',(-0.0471419923538428,-0.00948813074560668,0.));
#12957=CARTESIAN_POINT('',(-0.0471419923538428,-0.0102381307456067,0.));
#12958=CARTESIAN_POINT('',(-0.0464169923538428,-0.0102381307456067,0.));
#12959=CARTESIAN_POINT('',(-0.0456919923538428,-0.0102381307456067,0.));
#12960=CARTESIAN_POINT('',(-0.0456919923538428,-0.0109131307456067,0.));
#12961=CARTESIAN_POINT('',(-0.0456919923538428,-0.0115881307456067,0.));
#12962=CARTESIAN_POINT('',(-0.0450419923538428,-0.0115881307456067,0.));
#12963=CARTESIAN_POINT('',(-0.0443919923538428,-0.0115881307456067,0.));
#12964=CARTESIAN_POINT('',(-0.0443919923538428,-0.0109131307456067,0.));
#12965=CARTESIAN_POINT('',(-0.0443919923538428,-0.0102381307456067,0.));
#12966=CARTESIAN_POINT('',(-0.0436669923538427,-0.0102381307456067,0.));
#12967=CARTESIAN_POINT('',(-0.0429419923538428,-0.0102381307456067,0.));
#12968=CARTESIAN_POINT('',(-0.0429419923538428,-0.00948813074560668,0.));
#12969=CARTESIAN_POINT('',(-0.0436669923538427,-0.00873813074560668,0.0032));
#12970=CARTESIAN_POINT('',(-0.0429419923538428,-0.00873813074560668,0.0032));
#12971=CARTESIAN_POINT('',(-0.0429419923538428,-0.00873813074560668,0.0032));
#12972=CARTESIAN_POINT('',(-0.0436669923538427,-0.00873813074560668,0.0032));
#12973=CARTESIAN_POINT('',(-0.0443919923538428,-0.00873813074560668,0.0032));
#12974=CARTESIAN_POINT('',(-0.0443919923538428,-0.00873813074560668,0.0032));
#12975=CARTESIAN_POINT('',(-0.0443919923538428,-0.00806313074560668,0.0032));
#12976=CARTESIAN_POINT('',(-0.0443919923538428,-0.00806313074560668,0.0032));
#12977=CARTESIAN_POINT('',(-0.0443919923538428,-0.00738813074560668,0.0032));
#12978=CARTESIAN_POINT('',(-0.0443919923538428,-0.00738813074560668,0.0032));
#12979=CARTESIAN_POINT('',(-0.0450419923538428,-0.00738813074560668,0.0032));
#12980=CARTESIAN_POINT('',(-0.0450419923538428,-0.00738813074560668,0.0032));
#12981=CARTESIAN_POINT('',(-0.0456919923538428,-0.00738813074560668,0.0032));
#12982=CARTESIAN_POINT('',(-0.0456919923538428,-0.00738813074560668,0.0032));
#12983=CARTESIAN_POINT('',(-0.0456919923538428,-0.00806313074560668,0.0032));
#12984=CARTESIAN_POINT('',(-0.0456919923538428,-0.00806313074560668,0.0032));
#12985=CARTESIAN_POINT('',(-0.0456919923538428,-0.00873813074560668,0.0032));
#12986=CARTESIAN_POINT('',(-0.0456919923538428,-0.00873813074560668,0.0032));
#12987=CARTESIAN_POINT('',(-0.0464169923538428,-0.00873813074560668,0.0032));
#12988=CARTESIAN_POINT('',(-0.0464169923538428,-0.00873813074560668,0.0032));
#12989=CARTESIAN_POINT('',(-0.0471419923538428,-0.00873813074560668,0.0032));
#12990=CARTESIAN_POINT('',(-0.0471419923538428,-0.00873813074560668,0.0032));
#12991=CARTESIAN_POINT('',(-0.0471419923538428,-0.00948813074560668,0.0032));
#12992=CARTESIAN_POINT('',(-0.0471419923538428,-0.00948813074560668,0.0032));
#12993=CARTESIAN_POINT('',(-0.0471419923538428,-0.0102381307456067,0.0032));
#12994=CARTESIAN_POINT('',(-0.0471419923538428,-0.0102381307456067,0.0032));
#12995=CARTESIAN_POINT('',(-0.0464169923538428,-0.0102381307456067,0.0032));
#12996=CARTESIAN_POINT('',(-0.0464169923538428,-0.0102381307456067,0.0032));
#12997=CARTESIAN_POINT('',(-0.0456919923538428,-0.0102381307456067,0.0032));
#12998=CARTESIAN_POINT('',(-0.0456919923538428,-0.0102381307456067,0.0032));
#12999=CARTESIAN_POINT('',(-0.0456919923538428,-0.0109131307456067,0.0032));
#13000=CARTESIAN_POINT('',(-0.0456919923538428,-0.0109131307456067,0.0032));
#13001=CARTESIAN_POINT('',(-0.0456919923538428,-0.0115881307456067,0.0032));
#13002=CARTESIAN_POINT('',(-0.0456919923538428,-0.0115881307456067,0.0032));
#13003=CARTESIAN_POINT('',(-0.0450419923538428,-0.0115881307456067,0.0032));
#13004=CARTESIAN_POINT('',(-0.0450419923538428,-0.0115881307456067,0.0032));
#13005=CARTESIAN_POINT('',(-0.0443919923538428,-0.0115881307456067,0.0032));
#13006=CARTESIAN_POINT('',(-0.0443919923538428,-0.0115881307456067,0.0032));
#13007=CARTESIAN_POINT('',(-0.0443919923538428,-0.0109131307456067,0.0032));
#13008=CARTESIAN_POINT('',(-0.0443919923538428,-0.0109131307456067,0.0032));
#13009=CARTESIAN_POINT('',(-0.0443919923538428,-0.0102381307456067,0.0032));
#13010=CARTESIAN_POINT('',(-0.0443919923538428,-0.0102381307456067,0.0032));
#13011=CARTESIAN_POINT('',(-0.0436669923538427,-0.0102381307456067,0.0032));
#13012=CARTESIAN_POINT('',(-0.0436669923538427,-0.0102381307456067,0.0032));
#13013=CARTESIAN_POINT('',(-0.0429419923538428,-0.0102381307456067,0.0032));
#13014=CARTESIAN_POINT('',(-0.0429419923538428,-0.0102381307456067,0.0032));
#13015=CARTESIAN_POINT('',(-0.0429419923538428,-0.00948813074560668,0.0032));
#13016=CARTESIAN_POINT('',(-0.0429419923538428,-0.00948813074560668,0.0032));
#13017=CARTESIAN_POINT('',(-0.0250919923150062,0.00129936925597759,0.0032));
#13018=MECHANICAL_DESIGN_GEOMETRIC_PRESENTATION_REPRESENTATION('',(#7805),
#13030);
#13019=MECHANICAL_DESIGN_GEOMETRIC_PRESENTATION_REPRESENTATION('',(#7806),
#13031);
#13020=MECHANICAL_DESIGN_GEOMETRIC_PRESENTATION_REPRESENTATION('',(#7807),
#13032);
#13021=MECHANICAL_DESIGN_GEOMETRIC_PRESENTATION_REPRESENTATION('',(#7808),
#13033);
#13022=MECHANICAL_DESIGN_GEOMETRIC_PRESENTATION_REPRESENTATION('',(#7809),
#13034);
#13023=MECHANICAL_DESIGN_GEOMETRIC_PRESENTATION_REPRESENTATION('',(#7810),
#13035);
#13024=MECHANICAL_DESIGN_GEOMETRIC_PRESENTATION_REPRESENTATION('',(#7811),
#13036);
#13025=MECHANICAL_DESIGN_GEOMETRIC_PRESENTATION_REPRESENTATION('',(#7812),
#13037);
#13026=MECHANICAL_DESIGN_GEOMETRIC_PRESENTATION_REPRESENTATION('',(#7813),
#13038);
#13027=MECHANICAL_DESIGN_GEOMETRIC_PRESENTATION_REPRESENTATION('',(#7814),
#13039);
#13028=MECHANICAL_DESIGN_GEOMETRIC_PRESENTATION_REPRESENTATION('',(#7815),
#13040);
#13029=MECHANICAL_DESIGN_GEOMETRIC_PRESENTATION_REPRESENTATION('',(#7816),
#13041);
#13030=(
GEOMETRIC_REPRESENTATION_CONTEXT(3)
GLOBAL_UNCERTAINTY_ASSIGNED_CONTEXT((#13042))
GLOBAL_UNIT_ASSIGNED_CONTEXT((#13078,#13066,#13054))
REPRESENTATION_CONTEXT('Part 11','TOP_LEVEL_ASSEMBLY_PART')
);
#13031=(
GEOMETRIC_REPRESENTATION_CONTEXT(3)
GLOBAL_UNCERTAINTY_ASSIGNED_CONTEXT((#13043))
GLOBAL_UNIT_ASSIGNED_CONTEXT((#13079,#13067,#13055))
REPRESENTATION_CONTEXT('Part 4','TOP_LEVEL_ASSEMBLY_PART')
);
#13032=(
GEOMETRIC_REPRESENTATION_CONTEXT(3)
GLOBAL_UNCERTAINTY_ASSIGNED_CONTEXT((#13044))
GLOBAL_UNIT_ASSIGNED_CONTEXT((#13080,#13068,#13056))
REPRESENTATION_CONTEXT('Part 8','TOP_LEVEL_ASSEMBLY_PART')
);
#13033=(
GEOMETRIC_REPRESENTATION_CONTEXT(3)
GLOBAL_UNCERTAINTY_ASSIGNED_CONTEXT((#13045))
GLOBAL_UNIT_ASSIGNED_CONTEXT((#13081,#13069,#13057))
REPRESENTATION_CONTEXT('Part 12','TOP_LEVEL_ASSEMBLY_PART')
);
#13034=(
GEOMETRIC_REPRESENTATION_CONTEXT(3)
GLOBAL_UNCERTAINTY_ASSIGNED_CONTEXT((#13046))
GLOBAL_UNIT_ASSIGNED_CONTEXT((#13082,#13070,#13058))
REPRESENTATION_CONTEXT('Part 7','TOP_LEVEL_ASSEMBLY_PART')
);
#13035=(
GEOMETRIC_REPRESENTATION_CONTEXT(3)
GLOBAL_UNCERTAINTY_ASSIGNED_CONTEXT((#13047))
GLOBAL_UNIT_ASSIGNED_CONTEXT((#13083,#13071,#13059))
REPRESENTATION_CONTEXT('Part 1','TOP_LEVEL_ASSEMBLY_PART')
);
#13036=(
GEOMETRIC_REPRESENTATION_CONTEXT(3)
GLOBAL_UNCERTAINTY_ASSIGNED_CONTEXT((#13048))
GLOBAL_UNIT_ASSIGNED_CONTEXT((#13084,#13072,#13060))
REPRESENTATION_CONTEXT('Part 5','TOP_LEVEL_ASSEMBLY_PART')
);
#13037=(
GEOMETRIC_REPRESENTATION_CONTEXT(3)
GLOBAL_UNCERTAINTY_ASSIGNED_CONTEXT((#13049))
GLOBAL_UNIT_ASSIGNED_CONTEXT((#13085,#13073,#13061))
REPRESENTATION_CONTEXT('Part 9','TOP_LEVEL_ASSEMBLY_PART')
);
#13038=(
GEOMETRIC_REPRESENTATION_CONTEXT(3)
GLOBAL_UNCERTAINTY_ASSIGNED_CONTEXT((#13050))
GLOBAL_UNIT_ASSIGNED_CONTEXT((#13086,#13074,#13062))
REPRESENTATION_CONTEXT('Part 2','TOP_LEVEL_ASSEMBLY_PART')
);
#13039=(
GEOMETRIC_REPRESENTATION_CONTEXT(3)
GLOBAL_UNCERTAINTY_ASSIGNED_CONTEXT((#13051))
GLOBAL_UNIT_ASSIGNED_CONTEXT((#13087,#13075,#13063))
REPRESENTATION_CONTEXT('Part 6','TOP_LEVEL_ASSEMBLY_PART')
);
#13040=(
GEOMETRIC_REPRESENTATION_CONTEXT(3)
GLOBAL_UNCERTAINTY_ASSIGNED_CONTEXT((#13052))
GLOBAL_UNIT_ASSIGNED_CONTEXT((#13088,#13076,#13064))
REPRESENTATION_CONTEXT('Part 10','TOP_LEVEL_ASSEMBLY_PART')
);
#13041=(
GEOMETRIC_REPRESENTATION_CONTEXT(3)
GLOBAL_UNCERTAINTY_ASSIGNED_CONTEXT((#13053))
GLOBAL_UNIT_ASSIGNED_CONTEXT((#13089,#13077,#13065))
REPRESENTATION_CONTEXT('Part 3','TOP_LEVEL_ASSEMBLY_PART')
);
#13042=UNCERTAINTY_MEASURE_WITH_UNIT(LENGTH_MEASURE(1.E-8),#13078,
'DISTANCE_ACCURACY_VALUE','Maximum Tolerance applied to model');
#13043=UNCERTAINTY_MEASURE_WITH_UNIT(LENGTH_MEASURE(1.E-8),#13079,
'DISTANCE_ACCURACY_VALUE','Maximum Tolerance applied to model');
#13044=UNCERTAINTY_MEASURE_WITH_UNIT(LENGTH_MEASURE(1.E-8),#13080,
'DISTANCE_ACCURACY_VALUE','Maximum Tolerance applied to model');
#13045=UNCERTAINTY_MEASURE_WITH_UNIT(LENGTH_MEASURE(1.E-8),#13081,
'DISTANCE_ACCURACY_VALUE','Maximum Tolerance applied to model');
#13046=UNCERTAINTY_MEASURE_WITH_UNIT(LENGTH_MEASURE(1.E-8),#13082,
'DISTANCE_ACCURACY_VALUE','Maximum Tolerance applied to model');
#13047=UNCERTAINTY_MEASURE_WITH_UNIT(LENGTH_MEASURE(1.E-8),#13083,
'DISTANCE_ACCURACY_VALUE','Maximum Tolerance applied to model');
#13048=UNCERTAINTY_MEASURE_WITH_UNIT(LENGTH_MEASURE(1.E-8),#13084,
'DISTANCE_ACCURACY_VALUE','Maximum Tolerance applied to model');
#13049=UNCERTAINTY_MEASURE_WITH_UNIT(LENGTH_MEASURE(1.E-8),#13085,
'DISTANCE_ACCURACY_VALUE','Maximum Tolerance applied to model');
#13050=UNCERTAINTY_MEASURE_WITH_UNIT(LENGTH_MEASURE(1.E-8),#13086,
'DISTANCE_ACCURACY_VALUE','Maximum Tolerance applied to model');
#13051=UNCERTAINTY_MEASURE_WITH_UNIT(LENGTH_MEASURE(1.E-8),#13087,
'DISTANCE_ACCURACY_VALUE','Maximum Tolerance applied to model');
#13052=UNCERTAINTY_MEASURE_WITH_UNIT(LENGTH_MEASURE(1.E-8),#13088,
'DISTANCE_ACCURACY_VALUE','Maximum Tolerance applied to model');
#13053=UNCERTAINTY_MEASURE_WITH_UNIT(LENGTH_MEASURE(1.E-8),#13089,
'DISTANCE_ACCURACY_VALUE','Maximum Tolerance applied to model');
#13054=(
NAMED_UNIT(*)
SI_UNIT($,.STERADIAN.)
SOLID_ANGLE_UNIT()
);
#13055=(
NAMED_UNIT(*)
SI_UNIT($,.STERADIAN.)
SOLID_ANGLE_UNIT()
);
#13056=(
NAMED_UNIT(*)
SI_UNIT($,.STERADIAN.)
SOLID_ANGLE_UNIT()
);
#13057=(
NAMED_UNIT(*)
SI_UNIT($,.STERADIAN.)
SOLID_ANGLE_UNIT()
);
#13058=(
NAMED_UNIT(*)
SI_UNIT($,.STERADIAN.)
SOLID_ANGLE_UNIT()
);
#13059=(
NAMED_UNIT(*)
SI_UNIT($,.STERADIAN.)
SOLID_ANGLE_UNIT()
);
#13060=(
NAMED_UNIT(*)
SI_UNIT($,.STERADIAN.)
SOLID_ANGLE_UNIT()
);
#13061=(
NAMED_UNIT(*)
SI_UNIT($,.STERADIAN.)
SOLID_ANGLE_UNIT()
);
#13062=(
NAMED_UNIT(*)
SI_UNIT($,.STERADIAN.)
SOLID_ANGLE_UNIT()
);
#13063=(
NAMED_UNIT(*)
SI_UNIT($,.STERADIAN.)
SOLID_ANGLE_UNIT()
);
#13064=(
NAMED_UNIT(*)
SI_UNIT($,.STERADIAN.)
SOLID_ANGLE_UNIT()
);
#13065=(
NAMED_UNIT(*)
SI_UNIT($,.STERADIAN.)
SOLID_ANGLE_UNIT()
);
#13066=(
NAMED_UNIT(*)
PLANE_ANGLE_UNIT()
SI_UNIT($,.RADIAN.)
);
#13067=(
NAMED_UNIT(*)
PLANE_ANGLE_UNIT()
SI_UNIT($,.RADIAN.)
);
#13068=(
NAMED_UNIT(*)
PLANE_ANGLE_UNIT()
SI_UNIT($,.RADIAN.)
);
#13069=(
NAMED_UNIT(*)
PLANE_ANGLE_UNIT()
SI_UNIT($,.RADIAN.)
);
#13070=(
NAMED_UNIT(*)
PLANE_ANGLE_UNIT()
SI_UNIT($,.RADIAN.)
);
#13071=(
NAMED_UNIT(*)
PLANE_ANGLE_UNIT()
SI_UNIT($,.RADIAN.)
);
#13072=(
NAMED_UNIT(*)
PLANE_ANGLE_UNIT()
SI_UNIT($,.RADIAN.)
);
#13073=(
NAMED_UNIT(*)
PLANE_ANGLE_UNIT()
SI_UNIT($,.RADIAN.)
);
#13074=(
NAMED_UNIT(*)
PLANE_ANGLE_UNIT()
SI_UNIT($,.RADIAN.)
);
#13075=(
NAMED_UNIT(*)
PLANE_ANGLE_UNIT()
SI_UNIT($,.RADIAN.)
);
#13076=(
NAMED_UNIT(*)
PLANE_ANGLE_UNIT()
SI_UNIT($,.RADIAN.)
);
#13077=(
NAMED_UNIT(*)
PLANE_ANGLE_UNIT()
SI_UNIT($,.RADIAN.)
);
#13078=(
LENGTH_UNIT()
NAMED_UNIT(*)
SI_UNIT($,.METRE.)
);
#13079=(
LENGTH_UNIT()
NAMED_UNIT(*)
SI_UNIT($,.METRE.)
);
#13080=(
LENGTH_UNIT()
NAMED_UNIT(*)
SI_UNIT($,.METRE.)
);
#13081=(
LENGTH_UNIT()
NAMED_UNIT(*)
SI_UNIT($,.METRE.)
);
#13082=(
LENGTH_UNIT()
NAMED_UNIT(*)
SI_UNIT($,.METRE.)
);
#13083=(
LENGTH_UNIT()
NAMED_UNIT(*)
SI_UNIT($,.METRE.)
);
#13084=(
LENGTH_UNIT()
NAMED_UNIT(*)
SI_UNIT($,.METRE.)
);
#13085=(
LENGTH_UNIT()
NAMED_UNIT(*)
SI_UNIT($,.METRE.)
);
#13086=(
LENGTH_UNIT()
NAMED_UNIT(*)
SI_UNIT($,.METRE.)
);
#13087=(
LENGTH_UNIT()
NAMED_UNIT(*)
SI_UNIT($,.METRE.)
);
#13088=(
LENGTH_UNIT()
NAMED_UNIT(*)
SI_UNIT($,.METRE.)
);
#13089=(
LENGTH_UNIT()
NAMED_UNIT(*)
SI_UNIT($,.METRE.)
);
#13090=PRODUCT_DEFINITION_SHAPE('','',#13102);
#13091=PRODUCT_DEFINITION_SHAPE('','',#13103);
#13092=PRODUCT_DEFINITION_SHAPE('','',#13104);
#13093=PRODUCT_DEFINITION_SHAPE('','',#13105);
#13094=PRODUCT_DEFINITION_SHAPE('','',#13106);
#13095=PRODUCT_DEFINITION_SHAPE('','',#13107);
#13096=PRODUCT_DEFINITION_SHAPE('','',#13108);
#13097=PRODUCT_DEFINITION_SHAPE('','',#13109);
#13098=PRODUCT_DEFINITION_SHAPE('','',#13110);
#13099=PRODUCT_DEFINITION_SHAPE('','',#13111);
#13100=PRODUCT_DEFINITION_SHAPE('','',#13112);
#13101=PRODUCT_DEFINITION_SHAPE('','',#13113);
#13102=PRODUCT_DEFINITION('','',#13126,#13114);
#13103=PRODUCT_DEFINITION('','',#13127,#13115);
#13104=PRODUCT_DEFINITION('','',#13128,#13116);
#13105=PRODUCT_DEFINITION('','',#13129,#13117);
#13106=PRODUCT_DEFINITION('','',#13130,#13118);
#13107=PRODUCT_DEFINITION('','',#13131,#13119);
#13108=PRODUCT_DEFINITION('','',#13132,#13120);
#13109=PRODUCT_DEFINITION('','',#13133,#13121);
#13110=PRODUCT_DEFINITION('','',#13134,#13122);
#13111=PRODUCT_DEFINITION('','',#13135,#13123);
#13112=PRODUCT_DEFINITION('','',#13136,#13124);
#13113=PRODUCT_DEFINITION('','',#13137,#13125);
#13114=PRODUCT_DEFINITION_CONTEXT('',#13198,'design');
#13115=PRODUCT_DEFINITION_CONTEXT('',#13199,'design');
#13116=PRODUCT_DEFINITION_CONTEXT('',#13200,'design');
#13117=PRODUCT_DEFINITION_CONTEXT('',#13201,'design');
#13118=PRODUCT_DEFINITION_CONTEXT('',#13202,'design');
#13119=PRODUCT_DEFINITION_CONTEXT('',#13203,'design');
#13120=PRODUCT_DEFINITION_CONTEXT('',#13204,'design');
#13121=PRODUCT_DEFINITION_CONTEXT('',#13205,'design');
#13122=PRODUCT_DEFINITION_CONTEXT('',#13206,'design');
#13123=PRODUCT_DEFINITION_CONTEXT('',#13207,'design');
#13124=PRODUCT_DEFINITION_CONTEXT('',#13208,'design');
#13125=PRODUCT_DEFINITION_CONTEXT('',#13209,'design');
#13126=PRODUCT_DEFINITION_FORMATION_WITH_SPECIFIED_SOURCE('','',#13150,
 .NOT_KNOWN.);
#13127=PRODUCT_DEFINITION_FORMATION_WITH_SPECIFIED_SOURCE('','',#13151,
 .NOT_KNOWN.);
#13128=PRODUCT_DEFINITION_FORMATION_WITH_SPECIFIED_SOURCE('','',#13152,
 .NOT_KNOWN.);
#13129=PRODUCT_DEFINITION_FORMATION_WITH_SPECIFIED_SOURCE('','',#13153,
 .NOT_KNOWN.);
#13130=PRODUCT_DEFINITION_FORMATION_WITH_SPECIFIED_SOURCE('','',#13154,
 .NOT_KNOWN.);
#13131=PRODUCT_DEFINITION_FORMATION_WITH_SPECIFIED_SOURCE('','',#13155,
 .NOT_KNOWN.);
#13132=PRODUCT_DEFINITION_FORMATION_WITH_SPECIFIED_SOURCE('','',#13156,
 .NOT_KNOWN.);
#13133=PRODUCT_DEFINITION_FORMATION_WITH_SPECIFIED_SOURCE('','',#13157,
 .NOT_KNOWN.);
#13134=PRODUCT_DEFINITION_FORMATION_WITH_SPECIFIED_SOURCE('','',#13158,
 .NOT_KNOWN.);
#13135=PRODUCT_DEFINITION_FORMATION_WITH_SPECIFIED_SOURCE('','',#13159,
 .NOT_KNOWN.);
#13136=PRODUCT_DEFINITION_FORMATION_WITH_SPECIFIED_SOURCE('','',#13160,
 .NOT_KNOWN.);
#13137=PRODUCT_DEFINITION_FORMATION_WITH_SPECIFIED_SOURCE('','',#13161,
 .NOT_KNOWN.);
#13138=PRODUCT_RELATED_PRODUCT_CATEGORY('','',(#13150));
#13139=PRODUCT_RELATED_PRODUCT_CATEGORY('','',(#13151));
#13140=PRODUCT_RELATED_PRODUCT_CATEGORY('','',(#13152));
#13141=PRODUCT_RELATED_PRODUCT_CATEGORY('','',(#13153));
#13142=PRODUCT_RELATED_PRODUCT_CATEGORY('','',(#13154));
#13143=PRODUCT_RELATED_PRODUCT_CATEGORY('','',(#13155));
#13144=PRODUCT_RELATED_PRODUCT_CATEGORY('','',(#13156));
#13145=PRODUCT_RELATED_PRODUCT_CATEGORY('','',(#13157));
#13146=PRODUCT_RELATED_PRODUCT_CATEGORY('','',(#13158));
#13147=PRODUCT_RELATED_PRODUCT_CATEGORY('','',(#13159));
#13148=PRODUCT_RELATED_PRODUCT_CATEGORY('','',(#13160));
#13149=PRODUCT_RELATED_PRODUCT_CATEGORY('','',(#13161));
#13150=PRODUCT('Part 11','Part 11','Part 11',(#13174));
#13151=PRODUCT('Part 4','Part 4','Part 4',(#13175));
#13152=PRODUCT('Part 8','Part 8','Part 8',(#13176));
#13153=PRODUCT('Part 12','Part 12','Part 12',(#13177));
#13154=PRODUCT('Part 7','Part 7','Part 7',(#13178));
#13155=PRODUCT('Part 1','Part 1','Part 1',(#13179));
#13156=PRODUCT('Part 5','Part 5','Part 5',(#13180));
#13157=PRODUCT('Part 9','Part 9','Part 9',(#13181));
#13158=PRODUCT('Part 2','Part 2','Part 2',(#13182));
#13159=PRODUCT('Part 6','Part 6','Part 6',(#13183));
#13160=PRODUCT('Part 10','Part 10','Part 10',(#13184));
#13161=PRODUCT('Part 3','Part 3','Part 3',(#13185));
#13162=PRODUCT_CATEGORY('','');
#13163=PRODUCT_CATEGORY('','');
#13164=PRODUCT_CATEGORY('','');
#13165=PRODUCT_CATEGORY('','');
#13166=PRODUCT_CATEGORY('','');
#13167=PRODUCT_CATEGORY('','');
#13168=PRODUCT_CATEGORY('','');
#13169=PRODUCT_CATEGORY('','');
#13170=PRODUCT_CATEGORY('','');
#13171=PRODUCT_CATEGORY('','');
#13172=PRODUCT_CATEGORY('','');
#13173=PRODUCT_CATEGORY('','');
#13174=PRODUCT_CONTEXT('',#13198,'mechanical');
#13175=PRODUCT_CONTEXT('',#13199,'mechanical');
#13176=PRODUCT_CONTEXT('',#13200,'mechanical');
#13177=PRODUCT_CONTEXT('',#13201,'mechanical');
#13178=PRODUCT_CONTEXT('',#13202,'mechanical');
#13179=PRODUCT_CONTEXT('',#13203,'mechanical');
#13180=PRODUCT_CONTEXT('',#13204,'mechanical');
#13181=PRODUCT_CONTEXT('',#13205,'mechanical');
#13182=PRODUCT_CONTEXT('',#13206,'mechanical');
#13183=PRODUCT_CONTEXT('',#13207,'mechanical');
#13184=PRODUCT_CONTEXT('',#13208,'mechanical');
#13185=PRODUCT_CONTEXT('',#13209,'mechanical');
#13186=APPLICATION_PROTOCOL_DEFINITION('international standard',
'ap242_managed_model_based_3d_engineering',2020,#13198);
#13187=APPLICATION_PROTOCOL_DEFINITION('international standard',
'ap242_managed_model_based_3d_engineering',2020,#13199);
#13188=APPLICATION_PROTOCOL_DEFINITION('international standard',
'ap242_managed_model_based_3d_engineering',2020,#13200);
#13189=APPLICATION_PROTOCOL_DEFINITION('international standard',
'ap242_managed_model_based_3d_engineering',2020,#13201);
#13190=APPLICATION_PROTOCOL_DEFINITION('international standard',
'ap242_managed_model_based_3d_engineering',2020,#13202);
#13191=APPLICATION_PROTOCOL_DEFINITION('international standard',
'ap242_managed_model_based_3d_engineering',2020,#13203);
#13192=APPLICATION_PROTOCOL_DEFINITION('international standard',
'ap242_managed_model_based_3d_engineering',2020,#13204);
#13193=APPLICATION_PROTOCOL_DEFINITION('international standard',
'ap242_managed_model_based_3d_engineering',2020,#13205);
#13194=APPLICATION_PROTOCOL_DEFINITION('international standard',
'ap242_managed_model_based_3d_engineering',2020,#13206);
#13195=APPLICATION_PROTOCOL_DEFINITION('international standard',
'ap242_managed_model_based_3d_engineering',2020,#13207);
#13196=APPLICATION_PROTOCOL_DEFINITION('international standard',
'ap242_managed_model_based_3d_engineering',2020,#13208);
#13197=APPLICATION_PROTOCOL_DEFINITION('international standard',
'ap242_managed_model_based_3d_engineering',2020,#13209);
#13198=APPLICATION_CONTEXT('managed model based 3d engineering');
#13199=APPLICATION_CONTEXT('managed model based 3d engineering');
#13200=APPLICATION_CONTEXT('managed model based 3d engineering');
#13201=APPLICATION_CONTEXT('managed model based 3d engineering');
#13202=APPLICATION_CONTEXT('managed model based 3d engineering');
#13203=APPLICATION_CONTEXT('managed model based 3d engineering');
#13204=APPLICATION_CONTEXT('managed model based 3d engineering');
#13205=APPLICATION_CONTEXT('managed model based 3d engineering');
#13206=APPLICATION_CONTEXT('managed model based 3d engineering');
#13207=APPLICATION_CONTEXT('managed model based 3d engineering');
#13208=APPLICATION_CONTEXT('managed model based 3d engineering');
#13209=APPLICATION_CONTEXT('managed model based 3d engineering');
ENDSEC;
END-ISO-10303-21;
